0.15427	0.06208	0.20037	0.1383	0.06915	0.03903	0.06915	0.11525	0.20221	0.1011	0.1472	0.18623	0.02305	0.08513	0.10818	0.08513	0.02305	0.09447	0.02305	0.0922	0.0922	0.31928	0.06915	0.08513	0.23233	0.1472	0.15427	0.02305	0.03903	0.09447	0.1383	0.06915	0.0922	0.13123	0.10818	0.1472	0.02305	0.06915	0.1472	0.0922	0.06208	0.06915	0.08513	0.1011	0.06208	0.16135	0.1383	0.2257	0.18667	0.0922	0.1933	0.1472	0.10818	0.11752	0.11525	0.03903	0.06915	0.08513	0.0461	0.02305	0.16135	0.15427	0.1796	0.1383
0.1192	0.05435	0.07319	0.05435	0.20073	0.10037	0.07319	0.17356	0.21957	0.12754	0.05435	0.26611	0.0	0.15472	0.10037	0.05435	0.05435	0.10037	0.05435	0.02718	0.08153	0.21175	0.05435	0.1924	0.17356	0.12754	0.07319	0.05435	0.07319	0.05435	0.02718	0.0	0.05435	0.02718	0.08153	0.14638	0.0	0.1819	0.12754	0.13588	0.02718	0.16306	0.17356	0.13588	0.04601	0.05435	0.17356	0.1574	0.14638	0.13588	0.08153	0.15472	0.13588	0.04601	0.21123	0.10037	0.17356	0.20073	0.17356	0.12754	0.10037	0.12754	0.10037	0.08421
0.0	0.08509	0.13117	0.04608	0.13117	0.02304	0.1152	0.15648	0.17018	0.1152	0.09216	0.14941	0.06205	0.02304	0.2783	0.1152	0.09216	0.19321	0.09216	0.13824	0.13117	0.20483	0.09216	0.15421	0.13117	0.17018	0.15421	0.0	0.08509	0.08509	0.09216	0.02304	0.02304	0.06912	0.09216	0.18659	0.02304	0.16355	0.23929	0.06912	0.06912	0.09216	0.19321	0.08509	0.14714	0.10813	0.10813	0.08509	0.10813	0.06912	0.1152	0.08509	0.1152	0.08736	0.16128	0.06205	0.13824	0.1152	0.08509	0.08509	0.20963	0.10813	0.21146	0.09216
0.04835	0.11345	0.13763	0.0	0.12087	0.07252	0.04835	0.2269	0.22929	0.04835	0.0967	0.13763	0.0967	0.0	0.18597	0.14743	0.17114	0.1618	0.0967	0.07252	0.0651	0.2269	0.12087	0.15438	0.11345	0.2269	0.12087	0.0967	0.13763	0.12087	0.0967	0.13763	0.07252	0.02417	0.04835	0.13763	0.0	0.18597	0.08928	0.13763	0.07252	0.0967	0.04835	0.16418	0.11345	0.07252	0.1618	0.12087	0.04835	0.04835	0.08928	0.11345	0.07252	0.0651	0.07252	0.0651	0.0967	0.14504	0.11345	0.1618	0.18597	0.1618	0.08186	0.2367
0.07554	0.12591	0.13563	0.07554	0.12591	0.07554	0.16854	0.07554	0.16081	0.11045	0.02518	0.11045	0.02518	0.02518	0.14336	0.12591	0.02518	0.16854	0.05036	0.14336	0.12591	0.11045	0.15109	0.16081	0.13563	0.22863	0.16081	0.11818	0.11818	0.05036	0.07554	0.07554	0.093	0.02518	0.02518	0.21118	0.093	0.186	0.25381	0.093	0.06782	0.12591	0.14336	0.11045	0.2189	0.14336	0.16081	0.07554	0.05036	0.093	0.16854	0.093	0.04264	0.04264	0.07554	0.11045	0.16854	0.05036	0.10072	0.06782	0.11818	0.186	0.22139	0.07554
0.06911	0.20732	0.15645	0.09214	0.15418	0.04607	0.15418	0.11518	0.10104	0.11745	0.11518	0.15418	0.09214	0.04607	0.20025	0.09214	0.09214	0.17015	0.06911	0.15418	0.04607	0.12407	0.13821	0.17721	0.14711	0.18611	0.15645	0.13821	0.08507	0.11518	0.06911	0.09214	0.10811	0.06911	0.09214	0.13114	0.11518	0.22328	0.20025	0.08507	0.06204	0.06911	0.06911	0.21622	0.06204	0.02304	0.14711	0.13114	0.17721	0.04607	0.08507	0.10811	0.15418	0.17721	0.06911	0.039	0.12407	0.13821	0.06911	0.09214	0.06911	0.10811	0.17949	0.04607
0.12097	0.02419	0.12335	0.08935	0.07258	0.02419	0.21774	0.13774	0.18851	0.11354	0.16935	0.19593	0.07258	0.04839	0.14012	0.11354	0.07258	0.12335	0.02419	0.11354	0.04839	0.14993	0.13774	0.15451	0.11354	0.18612	0.09677	0.09677	0.1787	0.18612	0.14516	0.04839	0.12097	0.04839	0.07258	0.2369	0.02419	0.09677	0.1787	0.02419	0.21774	0.14516	0.09677	0.13774	0.14755	0.08935	0.12097	0.09677	0.04839	0.14516	0.02419	0.11593	0.07258	0.19593	0.02419	0.09916	0.09677	0.02419	0.07258	0.09677	0.13774	0.08935	0.2369	0.07258
0.07275	0.11381	0.16424	0.097	0.097	0.13807	0.17913	0.12365	0.13062	0.1479	0.0	0.13807	0.02425	0.11381	0.08956	0.08956	0.02425	0.06531	0.0	0.08956	0.04106	0.15488	0.14551	0.20338	0.18152	0.28789	0.16471	0.02425	0.06531	0.18657	0.07275	0.0485	0.13807	0.12126	0.0485	0.08956	0.02425	0.11381	0.16232	0.16232	0.16232	0.097	0.07275	0.13807	0.13807	0.097	0.17913	0.21826	0.08956	0.07275	0.0994	0.09195	0.07514	0.19594	0.07275	0.08956	0.08956	0.14551	0.0485	0.097	0.12126	0.16232	0.14046	0.14551
0.14731	0.12937	0.09556	0.15525	0.05175	0.07762	0.07762	0.05175	0.16525	0.07762	0.02587	0.19112	0.1035	0.12937	0.12143	0.12937	0.12937	0.20955	0.0	0.07762	0.05175	0.13937	0.1035	0.22493	0.14731	0.19906	0.15525	0.09556	0.14731	0.15525	0.15525	0.12937	0.02587	0.0	0.1035	0.21699	0.07762	0.17318	0.20906	0.07762	0.1035	0.1035	0.05175	0.14731	0.14731	0.05175	0.15525	0.07762	0.1035	0.1035	0.1035	0.06969	0.12937	0.09556	0.12937	0.12143	0.12937	0.05175	0.08762	0.05175	0.13937	0.17318	0.12399	0.12937
0.12126	0.05009	0.13885	0.05917	0.05917	0.05917	0.21586	0.11834	0.28062	0.07968	0.02959	0.14177	0.07968	0.11834	0.10927	0.05917	0.02959	0.21853	0.0	0.08876	0.14793	0.20945	0.21853	0.24812	0.19802	0.07968	0.08876	0.06209	0.05009	0.11834	0.05917	0.10927	0.05917	0.05917	0.08876	0.13885	0.05917	0.12126	0.14177	0.08876	0.13885	0.11834	0.07968	0.17752	0.10927	0.08876	0.08876	0.05917	0.02959	0.12126	0.05917	0.15936	0.08876	0.18895	0.07968	0.13885	0.07968	0.11834	0.02959	0.10927	0.06209	0.13885	0.25104	0.11834
0.06575	0.04383	0.19053	0.08767	0.10959	0.02192	0.08767	0.12478	0.13997	0.10959	0.02192	0.13324	0.05903	0.06575	0.19053	0.10286	0.04383	0.21245	0.02192	0.1315	0.10959	0.22091	0.1315	0.12478	0.27147	0.19053	0.21245	0.02192	0.14669	0.14669	0.04383	0.06575	0.04383	0.10959	0.1315	0.22133	0.02192	0.10959	0.13997	0.1315	0.10959	0.02192	0.12478	0.15342	0.23436	0.10286	0.10959	0.10959	0.14669	0.02192	0.04383	0.08094	0.1315	0.13997	0.17534	0.10286	0.04383	0.06575	0.04383	0.10959	0.15342	0.03711	0.11805	0.08767
0.19264	0.28589	0.12441	0.02836	0.08509	0.16148	0.2353	0.12441	0.15557	0.05673	0.17018	0.10755	0.05673	0.10475	0.21821	0.05673	0.05673	0.13311	0.0	0.11345	0.08509	0.2008	0.17018	0.2095	0.13311	0.12441	0.10475	0.05952	0.10475	0.14182	0.05673	0.08509	0.02836	0.02836	0.08509	0.10475	0.02836	0.10755	0.19264	0.05673	0.02836	0.02836	0.2095	0.12441	0.07639	0.05673	0.16148	0.10475	0.16148	0.11625	0.05673	0.07639	0.05673	0.10475	0.18114	0.04802	0.04802	0.15278	0.05673	0.11905	0.16428	0.10475	0.13591	0.08509
0.11796	0.14156	0.15791	0.04719	0.16515	0.04719	0.09437	0.11796	0.17426	0.08713	0.15791	0.24737	0.07078	0.0	0.08713	0.11072	0.02359	0.14343	0.07078	0.16515	0.1815	0.15067	0.04719	0.13432	0.08713	0.08713	0.08713	0.11796	0.12708	0.09437	0.04719	0.11796	0.07078	0.04719	0.2051	0.21466	0.04719	0.14388	0.26372	0.02359	0.09437	0.0	0.11072	0.15791	0.12708	0.14156	0.07078	0.07078	0.15067	0.16515	0.02359	0.19786	0.04719	0.07311	0.17426	0.11072	0.1815	0.06354	0.07078	0.09437	0.0967	0.06354	0.14343	0.15791
0.06125	0.14372	0.14372	0.03062	0.09187	0.03062	0.03062	0.09187	0.16494	0.09187	0.12249	0.16494	0.03062	0.0	0.14372	0.15311	0.06125	0.13432	0.0	0.12249	0.13432	0.19557	0.06125	0.19557	0.14372	0.18617	0.15311	0.03062	0.17434	0.15311	0.11309	0.09187	0.06125	0.06125	0.12249	0.23559	0.03062	0.09489	0.22619	0.09187	0.12249	0.14372	0.12249	0.09187	0.17434	0.11309	0.06125	0.09187	0.06125	0.23559	0.09187	0.08247	0.11309	0.11309	0.14372	0.11309	0.12249	0.12249	0.06125	0.12249	0.14674	0.11309	0.11611	0.17434
0.1342	0.11786	0.18134	0.04714	0.03991	0.07072	0.21634	0.09429	0.34098	0.02357	0.02357	0.12696	0.11063	0.11063	0.11063	0.12696	0.09429	0.20491	0.0	0.09429	0.09429	0.07982	0.11786	0.22125	0.15054	0.1433	0.11786	0.06348	0.03991	0.22849	0.11786	0.02357	0.11786	0.1342	0.11786	0.2	0.04714	0.1342	0.19045	0.07072	0.02357	0.08705	0.18857	0.1342	0.15777	0.09429	0.04714	0.11063	0.08705	0.10339	0.07072	0.06348	0.09429	0.12696	0.03991	0.15054	0.04714	0.15054	0.11786	0.06348	0.11063	0.03991	0.15054	0.06348
0.0808	0.10431	0.14846	0.05215	0.13039	0.05215	0.29456	0.09631	0.19519	0.10431	0.0	0.11438	0.07823	0.10431	0.14846	0.07823	0.05215	0.09631	0.02608	0.07023	0.04415	0.16654	0.13039	0.27085	0.20062	0.24477	0.07023	0.0808	0.04415	0.18254	0.07823	0.05215	0.13039	0.10431	0.07823	0.17454	0.0	0.10431	0.11438	0.07823	0.12238	0.07823	0.10431	0.13039	0.12238	0.14846	0.10431	0.15646	0.0808	0.15103	0.10431	0.22669	0.10431	0.17454	0.10431	0.12238	0.04415	0.02608	0.05215	0.0808	0.10431	0.12238	0.14046	0.09631
0.08481	0.24557	0.15371	0.02297	0.10778	0.0689	0.13074	0.06185	0.1237	0.09186	0.1237	0.2019	0.09186	0.02297	0.10778	0.27036	0.16258	0.24739	0.02297	0.04593	0.13074	0.14666	0.09186	0.10778	0.08481	0.14666	0.15371	0.02297	0.1237	0.11483	0.08481	0.02297	0.0689	0.02297	0.13074	0.20895	0.04593	0.07116	0.24079	0.02297	0.10778	0.04593	0.16076	0.09186	0.10073	0.13779	0.0689	0.10778	0.09186	0.04593	0.13074	0.10778	0.13074	0.13301	0.15371	0.13074	0.11483	0.14666	0.10778	0.11483	0.11709	0.10778	0.13301	0.13074
0.06587	0.21261	0.13924	0.09783	0.11478	0.04892	0.24652	0.12229	0.34629	0.1247	0.09033	0.1637	0.13174	0.10728	0.1637	0.09033	0.09783	0.11478	0.0	0.04892	0.14675	0.08282	0.04892	0.17315	0.18065	0.14165	0.09783	0.06587	0.11478	0.09783	0.11478	0.04892	0.09783	0.1637	0.07337	0.18065	0.04141	0.11478	0.11478	0.07337	0.04892	0.04141	0.1637	0.15619	0.18065	0.04141	0.12229	0.07337	0.13924	0.11478	0.04892	0.06587	0.13924	0.13174	0.04892	0.15619	0.11478	0.12229	0.02446	0.0	0.09783	0.09033	0.18065	0.07337
0.16406	0.02734	0.16623	0.08203	0.08203	0.0	0.05469	0.16675	0.14728	0.05469	0.05469	0.16623	0.02734	0.10937	0.12832	0.21035	0.15567	0.07364	0.12832	0.08203	0.0	0.11993	0.08203	0.15567	0.2293	0.15567	0.15567	0.02734	0.07364	0.13671	0.14728	0.12832	0.07364	0.05469	0.05469	0.11207	0.02734	0.18301	0.14728	0.14728	0.02734	0.02734	0.08203	0.12832	0.18301	0.02734	0.13671	0.08203	0.08203	0.0	0.21035	0.12832	0.1914	0.17462	0.05469	0.15567	0.08203	0.17462	0.15567	0.0463	0.21874	0.07364	0.17462	0.11993
0.04707	0.09414	0.11046	0.02354	0.11768	0.0	0.13399	0.07061	0.21369	0.1594	0.04707	0.16662	0.04707	0.04707	0.15753	0.13399	0.13399	0.11046	0.09414	0.02354	0.07061	0.19015	0.08692	0.15753	0.13399	0.13399	0.25167	0.09414	0.13399	0.11768	0.04707	0.07061	0.07061	0.07061	0.15031	0.16707	0.02354	0.11046	0.23	0.14121	0.02354	0.09414	0.12	0.18338	0.12677	0.04707	0.11768	0.22091	0.04707	0.02354	0.15753	0.12677	0.02354	0.06338	0.11046	0.06338	0.11046	0.04707	0.09414	0.09414	0.22091	0.11046	0.26985	0.12677
0.06841	0.13682	0.22554	0.10702	0.09122	0.06841	0.11627	0.11402	0.07722	0.18468	0.06841	0.07722	0.04561	0.09122	0.23685	0.06841	0.19824	0.11627	0.06841	0.09122	0.09122	0.12283	0.19824	0.12283	0.08422	0.10702	0.11627	0.0228	0.10927	0.09122	0.04561	0.11402	0.06841	0.0228	0.09122	0.20748	0.0228	0.08422	0.25265	0.11402	0.09122	0.09346	0.13682	0.15963	0.19124	0.06841	0.10002	0.19349	0.10702	0.09122	0.13682	0.10702	0.13682	0.20748	0.06841	0.03861	0.06141	0.18468	0.04561	0.09346	0.10702	0.08422	0.24609	0.06841
0.12778	0.15972	0.20401	0.03194	0.08603	0.03194	0.09583	0.14992	0.17206	0.09583	0.09583	0.16226	0.0	0.08603	0.18187	0.14992	0.03194	0.08603	0.03194	0.09583	0.09583	0.20401	0.15972	0.19421	0.14992	0.14992	0.15972	0.03194	0.08603	0.14992	0.09583	0.17206	0.06389	0.06389	0.06389	0.14012	0.0	0.10817	0.22615	0.09583	0.15972	0.18187	0.18187	0.20401	0.05409	0.03194	0.14992	0.23595	0.03194	0.06389	0.11798	0.08603	0.03194	0.10817	0.06389	0.08603	0.14012	0.03194	0.09583	0.06389	0.10817	0.05409	0.19421	0.09583
0.1602	0.0534	0.18041	0.0534	0.09306	0.03966	0.07931	0.16629	0.18611	0.14646	0.05948	0.18003	0.07323	0.09306	0.14646	0.05948	0.09914	0.21969	0.07323	0.13271	0.07931	0.17395	0.20594	0.22126	0.14646	0.19986	0.15254	0.0534	0.07323	0.17237	0.0534	0.03966	0.07931	0.07931	0.0534	0.14646	0.11289	0.11897	0.1602	0.14646	0.1602	0.1068	0.01983	0.14646	0.09501	0.0534	0.03966	0.05948	0.06144	0.03966	0.11897	0.12663	0.14646	0.18198	0.16629	0.16629	0.03966	0.10072	0.03966	0.05948	0.08697	0.12663	0.20594	0.09914
0.12896	0.02579	0.20351	0.05159	0.07738	0.12896	0.18309	0.12896	0.11313	0.1573	0.05159	0.16472	0.10317	0.07738	0.16472	0.07738	0.10317	0.19843	0.02579	0.13151	0.05159	0.11313	0.07738	0.14684	0.13893	0.19051	0.13151	0.02579	0.12359	0.31156	0.07738	0.05159	0.05159	0.02579	0.15476	0.13893	0.07738	0.17263	0.21885	0.12105	0.13151	0.09526	0.14684	0.12896	0.09526	0.06946	0.10317	0.15476	0.13151	0.05159	0.06946	0.06946	0.14684	0.09526	0.05159	0.04367	0.07738	0.13151	0.07738	0.06946	0.21631	0.15681	0.11098	0.05159
0.06247	0.06247	0.10577	0.11535	0.06247	0.0	0.14659	0.0937	0.16824	0.12494	0.03123	0.22112	0.06247	0.08412	0.14659	0.06247	0.06247	0.11535	0.06247	0.15617	0.03123	0.16824	0.03123	0.137	0.08412	0.05289	0.15925	0.0	0.16824	0.12494	0.0	0.06247	0.06247	0.06247	0.06247	0.14659	0.03123	0.12802	0.22112	0.03123	0.0937	0.06247	0.19049	0.22172	0.14659	0.0	0.12494	0.14659	0.09678	0.0	0.0937	0.17782	0.08412	0.14659	0.20906	0.14659	0.08412	0.29318	0.03123	0.12494	0.19049	0.137	0.18989	0.15617
0.08361	0.05574	0.13079	0.05574	0.11148	0.02787	0.08361	0.05574	0.1973	0.07506	0.05574	0.26159	0.08361	0.04719	0.10293	0.11148	0.02787	0.13079	0.05574	0.13079	0.02787	0.15011	0.13079	0.18653	0.13079	0.15866	0.2144	0.05574	0.07506	0.08361	0.16722	0.15866	0.04719	0.02787	0.08361	0.20585	0.02787	0.15011	0.15011	0.11148	0.07506	0.13935	0.08361	0.2144	0.07506	0.15011	0.13935	0.24502	0.22295	0.05574	0.19508	0.09437	0.16722	0.10293	0.05574	0.04719	0.08361	0.05574	0.13935	0.0	0.07506	0.15866	0.12224	0.11148
0.09351	0.06234	0.08395	0.12468	0.09351	0.03117	0.12468	0.2398	0.19907	0.09351	0.09351	0.24228	0.11512	0.09351	0.11512	0.1895	0.17746	0.14629	0.06234	0.06234	0.15585	0.1679	0.09351	0.11512	0.14629	0.23024	0.11512	0.06234	0.05278	0.09351	0.11512	0.09351	0.06234	0.03117	0.03117	0.14629	0.09351	0.11819	0.13672	0.06234	0.11512	0.09351	0.06234	0.11512	0.08395	0.09351	0.09351	0.12468	0.06234	0.06234	0.14629	0.05278	0.12468	0.17746	0.09351	0.05278	0.03117	0.14629	0.03117	0.11512	0.26141	0.14629	0.2117	0.14629
0.06549	0.12429	0.11759	0.08733	0.13099	0.08063	0.04366	0.14612	0.13942	0.13099	0.13942	0.19152	0.02183	0.10246	0.16795	0.12429	0.12429	0.16795	0.0	0.08733	0.12429	0.16125	0.08733	0.08063	0.18308	0.12429	0.07393	0.06549	0.09576	0.02183	0.08733	0.05879	0.11759	0.02183	0.08063	0.17638	0.11759	0.10246	0.27256	0.12429	0.08063	0.06549	0.19194	0.13272	0.13272	0.10246	0.14612	0.12429	0.16795	0.02183	0.10916	0.10246	0.16795	0.1768	0.08733	0.10246	0.10916	0.12429	0.10246	0.08733	0.04366	0.16125	0.25073	0.13099
0.05121	0.10242	0.12017	0.02561	0.05121	0.12803	0.07682	0.10242	0.18128	0.05121	0.07682	0.09457	0.17139	0.30145	0.16353	0.05121	0.02561	0.17139	0.05121	0.12803	0.05121	0.31717	0.07682	0.09457	0.13792	0.24035	0.07682	0.02561	0.16353	0.10242	0.18913	0.12803	0.17924	0.07682	0.07682	0.19952	0.12803	0.08671	0.06896	0.10242	0.11232	0.10242	0.10242	0.10242	0.11232	0.11232	0.10242	0.10242	0.06896	0.02561	0.02561	0.12017	0.17924	0.09457	0.12017	0.16353	0.09457	0.05121	0.02561	0.05121	0.05121	0.16353	0.12017	0.1483
0.13279	0.04665	0.14895	0.02332	0.14224	0.06997	0.04665	0.17748	0.10231	0.0933	0.06997	0.18844	0.04665	0.04665	0.17458	0.06281	0.13279	0.24225	0.06281	0.06997	0.04665	0.12563	0.13994	0.10231	0.10946	0.22608	0.10946	0.1418	0.10946	0.14224	0.13279	0.13509	0.0933	0.07227	0.02332	0.16512	0.02332	0.13279	0.28174	0.06997	0.13994	0.06997	0.13994	0.0933	0.06281	0.21222	0.0933	0.13279	0.04665	0.02332	0.06997	0.17458	0.04665	0.11176	0.02332	0.06281	0.14895	0.11662	0.02332	0.22838	0.10946	0.17943	0.17228	0.10946
0.13583	0.163	0.11916	0.10867	0.13583	0.10033	0.15467	0.209	0.11916	0.05433	0.18183	0.1735	0.05433	0.05433	0.1735	0.15467	0.05433	0.18183	0.05433	0.02717	0.0815	0.1735	0.05433	0.10033	0.10033	0.1275	0.0	0.10867	0.10033	0.07316	0.13583	0.15467	0.05433	0.02717	0.05433	0.16568	0.0	0.13583	0.22783	0.05433	0.05433	0.07316	0.05433	0.05433	0.15467	0.13583	0.10867	0.22783	0.1275	0.0	0.05433	0.10033	0.07316	0.11916	0.13583	0.1735	0.05433	0.13583	0.21734	0.15467	0.10033	0.1275	0.21168	0.13583
0.0	0.06859	0.15302	0.02286	0.1073	0.0	0.11431	0.11431	0.25556	0.18471	0.08443	0.16887	0.03871	0.08443	0.15302	0.21685	0.16185	0.11657	0.08443	0.04572	0.03871	0.20758	0.21459	0.06157	0.08443	0.06157	0.17588	0.0	0.06157	0.19173	0.09145	0.13717	0.06157	0.06157	0.06157	0.1073	0.02286	0.15302	0.19173	0.11431	0.06859	0.08443	0.12314	0.16229	0.20758	0.04572	0.11431	0.15302	0.04572	0.04572	0.19173	0.06157	0.04572	0.15302	0.08669	0.13016	0.02286	0.12314	0.06859	0.1073	0.1829	0.08443	0.23269	0.11657
0.09298	0.12521	0.2343	0.04649	0.04649	0.10909	0.08585	0.21624	0.1717	0.03936	0.0626	0.21105	0.03936	0.18068	0.10909	0.16272	0.02325	0.08585	0.08585	0.08585	0.03936	0.12521	0.02325	0.24143	0.12521	0.25939	0.14845	0.06974	0.15558	0.12521	0.1717	0.11623	0.08585	0.0626	0.11623	0.15558	0.02325	0.10909	0.22532	0.10909	0.07872	0.13234	0.08585	0.13234	0.10196	0.15558	0.14845	0.14176	0.08585	0.06974	0.10909	0.08585	0.12521	0.14845	0.10909	0.03936	0.0626	0.11623	0.04649	0.06974	0.09298	0.08585	0.1717	0.06974
0.06773	0.10059	0.11802	0.10059	0.05029	0.02515	0.10059	0.17079	0.15288	0.12822	0.05029	0.21585	0.05029	0.14317	0.13545	0.23128	0.07544	0.22109	0.02515	0.02515	0.05029	0.18574	0.07544	0.09535	0.11802	0.1103	0.14565	0.05029	0.11802	0.14565	0.15336	0.02515	0.04258	0.02515	0.0	0.11802	0.07544	0.15336	0.11802	0.07544	0.10307	0.11802	0.07544	0.13545	0.24575	0.07544	0.07544	0.07544	0.07544	0.02515	0.14565	0.04258	0.05029	0.18574	0.10059	0.1205	0.06773	0.2288	0.16831	0.2288	0.17851	0.09287	0.22832	0.07544
0.10313	0.1669	0.17598	0.09405	0.08683	0.04702	0.11034	0.07962	0.18275	0.06332	0.04702	0.17366	0.11034	0.07054	0.15015	0.10313	0.09637	0.24652	0.04702	0.14107	0.13617	0.27679	0.09405	0.11034	0.15969	0.08683	0.08683	0.11034	0.08683	0.03981	0.06332	0.14339	0.02351	0.06332	0.11756	0.20903	0.09405	0.17366	0.15015	0.10313	0.04702	0.03981	0.14107	0.16458	0.13386	0.11756	0.11756	0.08683	0.07054	0.07054	0.0	0.08683	0.07054	0.24652	0.09405	0.06332	0.11756	0.07054	0.0	0.25328	0.06332	0.15015	0.15969	0.09637
0.09697	0.21314	0.25419	0.09697	0.04849	0.02424	0.07273	0.06529	0.17907	0.07273	0.0	0.06529	0.15482	0.04849	0.13058	0.07273	0.07512	0.1889	0.07273	0.07273	0.17209	0.20331	0.04849	0.08953	0.15721	0.08953	0.14546	0.04105	0.13058	0.06529	0.12121	0.02424	0.09697	0.07273	0.16226	0.16226	0.07273	0.12121	0.16226	0.11378	0.07273	0.1865	0.23692	0.09697	0.1865	0.12121	0.1697	0.14546	0.16226	0.02424	0.07273	0.04105	0.02424	0.18146	0.12121	0.08953	0.07273	0.04849	0.12121	0.19394	0.1697	0.10634	0.10634	0.09936
0.04741	0.11124	0.15138	0.09481	0.06384	0.04741	0.17508	0.2084	0.17508	0.0237	0.12767	0.18236	0.08027	0.04013	0.12767	0.19879	0.12767	0.16099	0.04741	0.07111	0.11124	0.17508	0.0237	0.10397	0.13495	0.18236	0.04013	0.0	0.11124	0.11358	0.15138	0.06384	0.08754	0.0	0.08754	0.18469	0.04741	0.09715	0.22976	0.04741	0.09481	0.07111	0.13495	0.11852	0.15865	0.04741	0.07111	0.07111	0.07111	0.04741	0.07111	0.15865	0.15865	0.16099	0.09481	0.06384	0.17508	0.17508	0.12086	0.15138	0.22976	0.18236	0.12767	0.12767
0.0255	0.05101	0.22171	0.07651	0.12752	0.07651	0.12752	0.12752	0.13737	0.07651	0.0255	0.17322	0.07651	0.07651	0.1452	0.0255	0.07651	0.1197	0.07651	0.10202	0.17071	0.21389	0.0255	0.16288	0.19621	0.1452	0.12752	0.06869	0.19621	0.05101	0.0255	0.12752	0.15303	0.12752	0.15303	0.1197	0.05101	0.10202	0.16539	0.05101	0.05101	0.07651	0.14772	0.07903	0.09419	0.10202	0.12752	0.17071	0.15554	0.12752	0.12752	0.14772	0.1452	0.10453	0.25504	0.06869	0.1197	0.0255	0.10202	0.10202	0.12752	0.17071	0.14772	0.12752
0.08515	0.19869	0.13601	0.18127	0.10483	0.08515	0.05677	0.10483	0.20965	0.10483	0.08515	0.16159	0.14192	0.08515	0.21836	0.10483	0.11354	0.16159	0.0	0.13321	0.02838	0.20094	0.11354	0.13321	0.1245	0.16159	0.14192	0.05677	0.07644	0.02838	0.23804	0.07644	0.02838	0.07644	0.11354	0.11633	0.08515	0.08515	0.16159	0.14192	0.11354	0.08515	0.05677	0.14192	0.16159	0.07644	0.15288	0.07644	0.14192	0.02838	0.14192	0.07644	0.08515	0.13321	0.02838	0.13321	0.04806	0.08515	0.11354	0.05677	0.08515	0.13321	0.23804	0.18998
0.08777	0.10805	0.10805	0.02926	0.1373	0.05851	0.22507	0.05851	0.18684	0.11702	0.08777	0.04953	0.02926	0.1373	0.10805	0.10805	0.08777	0.15758	0.02926	0.08777	0.02926	0.09907	0.17554	0.07879	0.07879	0.10805	0.26331	0.08777	0.16656	0.20479	0.20479	0.11702	0.05851	0.05851	0.05851	0.15758	0.08777	0.04953	0.10805	0.08777	0.05851	0.05851	0.16656	0.10805	0.18684	0.16656	0.11702	0.25433	0.05851	0.11702	0.02926	0.07879	0.11702	0.16656	0.02926	0.10805	0.05851	0.08777	0.11702	0.14628	0.11702	0.1373	0.22507	0.14628
0.14408	0.25307	0.16162	0.02531	0.15184	0.05061	0.20446	0.16938	0.22977	0.19469	0.06815	0.11877	0.02531	0.02531	0.16162	0.02531	0.02531	0.09346	0.05061	0.12854	0.0	0.13631	0.22	0.111	0.16938	0.14408	0.09346	0.09346	0.06815	0.05061	0.07592	0.09346	0.12653	0.07592	0.07592	0.09346	0.11877	0.10123	0.11877	0.12653	0.11877	0.10123	0.05061	0.17715	0.16938	0.14408	0.22776	0.09346	0.10123	0.06815	0.15184	0.09346	0.10123	0.14408	0.10123	0.11877	0.07592	0.06815	0.07592	0.09346	0.12653	0.06815	0.16938	0.15184
0.16367	0.20508	0.12468	0.20749	0.11477	0.07577	0.18813	0.09782	0.26343	0.04891	0.14672	0.13172	0.04891	0.07336	0.13922	0.02445	0.0	0.14913	0.04891	0.07336	0.12227	0.13172	0.07336	0.06586	0.13922	0.11477	0.07336	0.07336	0.09031	0.16367	0.0	0.04891	0.18062	0.14672	0.07336	0.10023	0.07336	0.11477	0.19054	0.07336	0.12227	0.09782	0.19757	0.09031	0.19054	0.12227	0.06586	0.07336	0.07336	0.04891	0.07336	0.21258	0.07336	0.18303	0.14672	0.06586	0.09782	0.04891	0.07336	0.12227	0.09031	0.20508	0.19054	0.11477
0.05377	0.21509	0.14482	0.0	0.21509	0.0	0.21509	0.0	0.34341	0.0	0.10754	0.09104	0.10754	0.05377	0.19859	0.10754	0.16132	0.19859	0.05377	0.05377	0.0	0.34341	0.0	0.09104	0.09104	0.09104	0.16132	0.05377	0.09104	0.0	0.05377	0.05377	0.05377	0.0	0.10754	0.09104	0.10754	0.0	0.09104	0.0	0.0	0.0	0.21509	0.05377	0.25236	0.10754	0.0	0.0	0.21509	0.05377	0.0	0.09104	0.05377	0.19859	0.05377	0.14482	0.05377	0.05377	0.05377	0.10754	0.05377	0.14482	0.19859	0.05377
0.21417	0.07139	0.12087	0.0	0.07139	0.07139	0.28556	0.0	0.52731	0.0	0.07139	0.12087	0.0	0.0	0.19226	0.0	0.0	0.12087	0.0	0.07139	0.0	0.24175	0.07139	0.12087	0.12087	0.26365	0.07139	0.14278	0.19226	0.0	0.07139	0.0	0.0	0.07139	0.0	0.12087	0.14278	0.0	0.12087	0.0	0.07139	0.07139	0.07139	0.07139	0.19226	0.07139	0.0	0.07139	0.14278	0.07139	0.0	0.12087	0.0	0.12087	0.0	0.12087	0.07139	0.0	0.07139	0.07139	0.0	0.12087	0.19226	0.0
0.11728	0.0757	0.11728	0.03785	0.11355	0.06408	0.23829	0.11355	0.36272	0.0757	0.11728	0.10193	0.03785	0.0	0.17763	0.0	0.06408	0.13978	0.0	0.0757	0.03785	0.16602	0.11355	0.10193	0.17763	0.10193	0.11355	0.11728	0.10193	0.03785	0.0	0.1514	0.0	0.0757	0.03785	0.17763	0.07943	0.10193	0.26795	0.0	0.03785	0.10193	0.03785	0.24171	0.13978	0.17763	0.0757	0.10193	0.11355	0.15513	0.0	0.10193	0.17763	0.07943	0.0757	0.10193	0.13978	0.10193	0.0757	0.11728	0.0	0.12817	0.21548	0.13978
0.11488	0.04863	0.13479	0.11488	0.24967	0.0	0.25848	0.17232	0.26958	0.10607	0.17232	0.13479	0.02872	0.05744	0.16351	0.02872	0.0	0.19223	0.02872	0.08616	0.02872	0.1547	0.20104	0.19223	0.10607	0.13479	0.22095	0.17232	0.07735	0.1436	0.02872	0.05744	0.1436	0.05744	0.0	0.07735	0.05744	0.11488	0.04863	0.0	0.02872	0.08616	0.05744	0.06027	0.09726	0.11488	0.08616	0.1436	0.02872	0.11488	0.11488	0.07735	0.02872	0.16351	0.08616	0.13479	0.10607	0.08616	0.05744	0.22976	0.11488	0.10607	0.1547	0.1436
0.07406	0.11109	0.09973	0.0	0.14812	0.0	0.11109	0.03703	0.37325	0.11109	0.03703	0.09973	0.0	0.03703	0.09973	0.03703	0.14812	0.09973	0.13676	0.03703	0.03703	0.27352	0.25921	0.09973	0.17379	0.09973	0.14812	0.03703	0.0627	0.0	0.09973	0.21082	0.0	0.03703	0.07406	0.19946	0.14812	0.0	0.09973	0.03703	0.0	0.18515	0.07406	0.21082	0.09973	0.19946	0.03703	0.03703	0.11109	0.14812	0.14812	0.21082	0.0	0.09973	0.13676	0.09973	0.18515	0.0	0.03703	0.03703	0.03703	0.0627	0.17379	0.07406
0.05846	0.17538	0.15744	0.0	0.17538	0.05846	0.05846	0.05846	0.37333	0.0	0.05846	0.15744	0.05846	0.05846	0.2159	0.0	0.05846	0.15744	0.0	0.0	0.0	0.25642	0.05846	0.2159	0.15744	0.2159	0.0	0.05846	0.15744	0.05846	0.05846	0.05846	0.0	0.11692	0.05846	0.15744	0.05846	0.0	0.15744	0.0	0.05846	0.0	0.05846	0.11692	0.15744	0.05846	0.17538	0.05846	0.17538	0.11692	0.05846	0.09898	0.05846	0.27436	0.0	0.15744	0.05846	0.17538	0.05846	0.05846	0.11692	0.09898	0.2159	0.0
0.07429	0.10187	0.18462	0.08275	0.11033	0.02758	0.11033	0.20374	0.21439	0.05517	0.07429	0.07429	0.02758	0.13792	0.20374	0.02758	0.13792	0.17615	0.02758	0.13792	0.02758	0.12099	0.11033	0.15703	0.12945	0.19527	0.1655	0.05517	0.10187	0.10187	0.08275	0.05517	0.11033	0.12945	0.0	0.07429	0.0467	0.08275	0.15703	0.05517	0.1655	0.08275	0.11033	0.28649	0.12945	0.07429	0.1655	0.07429	0.12945	0.0467	0.12945	0.07429	0.19308	0.12945	0.05517	0.0467	0.12945	0.07429	0.15703	0.22066	0.12945	0.07429	0.17615	0.11033
0.06499	0.16152	0.10585	0.04826	0.2191	0.08912	0.17084	0.12066	0.20238	0.04826	0.14479	0.12998	0.0915	0.09653	0.15411	0.2191	0.08912	0.16152	0.0	0.02413	0.08912	0.12998	0.12066	0.11325	0.17084	0.18565	0.12066	0.15411	0.08172	0.17825	0.04826	0.08912	0.0724	0.11325	0.06499	0.14671	0.0724	0.04826	0.12998	0.04826	0.0724	0.0724	0.17825	0.06499	0.11325	0.08912	0.10585	0.04826	0.23583	0.04086	0.07478	0.06499	0.0724	0.23583	0.13739	0.08912	0.12066	0.20238	0.12998	0.02413	0.12998	0.16152	0.11563	0.11325
0.02875	0.14375	0.04868	0.0	0.115	0.07743	0.0575	0.13492	0.29261	0.13492	0.08908	0.14603	0.0	0.0575	0.16367	0.08625	0.02875	0.22117	0.14375	0.0575	0.0575	0.09735	0.08625	0.10618	0.13492	0.07743	0.14375	0.02875	0.16367	0.08625	0.08625	0.16367	0.0575	0.13492	0.0575	0.16367	0.1261	0.08908	0.28978	0.14375	0.02875	0.0575	0.16367	0.1261	0.23228	0.10618	0.10618	0.0575	0.02875	0.0575	0.02875	0.19242	0.0575	0.17533	0.0575	0.16367	0.13492	0.02875	0.13492	0.115	0.08908	0.16367	0.20353	0.07743
0.04959	0.14877	0.18315	0.09918	0.04959	0.0	0.0	0.09918	0.41588	0.04959	0.04959	0.08396	0.0	0.04959	0.21752	0.09918	0.04959	0.18315	0.0	0.04959	0.0	0.16793	0.13356	0.08396	0.13356	0.28233	0.04959	0.0	0.08396	0.18315	0.0	0.04959	0.18315	0.24795	0.0	0.08396	0.09918	0.04959	0.08396	0.0	0.04959	0.0	0.09918	0.09918	0.13356	0.04959	0.0	0.08396	0.14877	0.04959	0.14877	0.08396	0.04959	0.18315	0.0	0.21752	0.04959	0.09918	0.04959	0.04959	0.09918	0.13356	0.18315	0.23274
0.08574	0.08574	0.23091	0.05716	0.08574	0.02858	0.05716	0.19129	0.10837	0.17375	0.1429	0.14572	0.07697	0.08574	0.26003	0.12536	0.13413	0.12536	0.02858	0.02858	0.02858	0.28266	0.10555	0.16271	0.13413	0.19129	0.0	0.02858	0.07697	0.2111	0.02858	0.1429	0.02858	0.08574	0.07697	0.14572	0.08574	0.02858	0.2111	0.05716	0.02858	0.02858	0.1429	0.05716	0.08856	0.02858	0.11432	0.17148	0.11432	0.02858	0.04839	0.14572	0.11432	0.18012	0.10555	0.05998	0.0	0.1429	0.05716	0.08574	0.1429	0.15394	0.2569	0.11432
0.10632	0.09062	0.1155	0.04531	0.13592	0.06796	0.11327	0.15858	0.09937	0.06796	0.08366	0.24447	0.09062	0.04531	0.16733	0.02265	0.11327	0.19917	0.0	0.13592	0.02265	0.14467	0.12897	0.14467	0.10632	0.15163	0.06796	0.06796	0.08366	0.19693	0.09062	0.10632	0.13592	0.09062	0.06796	0.18303	0.09285	0.17428	0.13121	0.12897	0.18123	0.04531	0.15163	0.12897	0.10632	0.06101	0.21959	0.19917	0.11327	0.11327	0.10632	0.15163	0.11327	0.16081	0.04531	0.06101	0.11327	0.09062	0.14467	0.11327	0.12202	0.10632	0.13772	0.16038
0.06686	0.09004	0.1003	0.1569	0.1003	0.0	0.03343	0.33001	0.12347	0.1003	0.06686	0.06686	0.0	0.16716	0.12347	0.06686	0.05661	0.1003	0.06686	0.09004	0.03343	0.09004	0.19033	0.03343	0.1569	0.03343	0.09004	0.06686	0.0	0.09004	0.13373	0.19033	0.03343	0.12347	0.06686	0.1003	0.09004	0.13702	0.13702	0.03343	0.06686	0.19033	0.19033	0.03343	0.1569	0.24694	0.06686	0.22377	0.29393	0.13373	0.24694	0.05661	0.06686	0.12347	0.03343	0.03343	0.1003	0.1003	0.06686	0.03343	0.09004	0.13373	0.12347	0.1569
0.13076	0.23724	0.02428	0.09711	0.12138	0.07283	0.12138	0.38087	0.12138	0.04855	0.09711	0.08966	0.16249	0.02428	0.04855	0.06538	0.0	0.06538	0.09711	0.13076	0.12138	0.02428	0.07283	0.06538	0.17186	0.04855	0.02428	0.04855	0.02428	0.08966	0.11393	0.11393	0.06538	0.10648	0.06538	0.20359	0.10648	0.12331	0.10648	0.02428	0.13821	0.07283	0.17931	0.12138	0.08966	0.25214	0.08966	0.13821	0.27835	0.22042	0.10648	0.13076	0.02428	0.06538	0.13821	0.0	0.18916	0.12138	0.13821	0.07283	0.02428	0.06538	0.04855	0.11393
0.10004	0.14627	0.10004	0.16674	0.10004	0.0	0.0667	0.29648	0.03335	0.0	0.03335	0.05646	0.13339	0.0667	0.13339	0.0667	0.13339	0.13339	0.05646	0.10004	0.08981	0.16674	0.0667	0.08981	0.17003	0.03335	0.0667	0.03335	0.0	0.14627	0.15651	0.03335	0.03335	0.10333	0.10004	0.10004	0.08981	0.1598	0.29319	0.0667	0.15651	0.0	0.31302	0.05646	0.13339	0.14627	0.10004	0.20009	0.20667	0.03335	0.06998	0.03335	0.03335	0.15651	0.03335	0.03335	0.18986	0.03335	0.16674	0.03335	0.12316	0.13339	0.20338	0.10004
0.06781	0.15186	0.04005	0.0	0.08405	0.0	0.24349	0.20815	0.0	0.06781	0.04005	0.0801	0.0	0.04005	0.0	0.14791	0.04005	0.06781	0.0	0.06781	0.10786	0.08405	0.0801	0.08405	0.1241	0.06781	0.0801	0.10786	0.10786	0.0	0.06781	0.06781	0.0	0.1241	0.13562	0.08405	0.17568	0.21968	0.08405	0.0	0.13562	0.13562	0.1681	0.0	0.15186	0.20815	0.28354	0.25973	0.25215	0.06781	0.23197	0.04005	0.14791	0.2042	0.04005	0.06781	0.0	0.10786	0.24349	0.04005	0.17568	0.04005	0.13562	0.0
0.07226	0.13343	0.03613	0.0973	0.0973	0.07226	0.0	0.21965	0.03613	0.18065	0.07226	0.13343	0.07226	0.03613	0.18065	0.03613	0.0	0.14452	0.07226	0.0	0.14452	0.13343	0.14452	0.0973	0.30299	0.18065	0.14452	0.10839	0.20569	0.03613	0.0	0.0973	0.07226	0.16956	0.07226	0.20569	0.0973	0.13343	0.13343	0.07226	0.03613	0.03613	0.13343	0.07226	0.07226	0.1946	0.07226	0.07582	0.31695	0.06117	0.13343	0.13343	0.13343	0.13343	0.0	0.0	0.0973	0.24182	0.03613	0.0	0.03613	0.07226	0.07226	0.18065
0.03135	0.11578	0.15675	0.1254	0.17848	0.03135	0.09405	0.16886	0.09405	0.09405	0.0	0.05308	0.0	0.09405	0.0627	0.09405	0.03135	0.03135	0.0627	0.09405	0.14713	0.0627	0.1254	0.0627	0.23155	0.09405	0.1254	0.0627	0.0627	0.25079	0.18809	0.1254	0.09405	0.11578	0.1254	0.15675	0.05308	0.17848	0.11578	0.15675	0.0627	0.03135	0.11578	0.09405	0.03135	0.34733	0.21944	0.17848	0.16886	0.0627	0.14713	0.03135	0.1254	0.03135	0.0627	0.0	0.20982	0.0627	0.12849	0.18809	0.14713	0.0627	0.0627	0.0627
0.04392	0.11828	0.04392	0.04392	0.08784	0.04392	0.04392	0.29745	0.13176	0.07436	0.13176	0.08784	0.0	0.04392	0.1622	0.13176	0.08784	0.13176	0.04392	0.0	0.04392	0.08784	0.11828	0.17568	0.11828	0.17568	0.04392	0.0	0.0	0.11828	0.17568	0.08784	0.08784	0.11828	0.08784	0.08784	0.07436	0.20612	0.1622	0.08784	0.08784	0.04392	0.25004	0.04392	0.04392	0.23656	0.1622	0.17568	0.23656	0.0	0.1622	0.08784	0.2196	0.1622	0.04392	0.04392	0.17568	0.0	0.04392	0.1622	0.11828	0.17568	0.08784	0.13176
0.12791	0.10732	0.18655	0.1039	0.09327	0.0	0.12791	0.14537	0.09327	0.09327	0.11728	0.16254	0.05864	0.11728	0.05864	0.36247	0.09327	0.03463	0.0	0.21056	0.09327	0.32784	0.05864	0.06927	0.16596	0.06927	0.11728	0.06927	0.03463	0.0	0.03463	0.09327	0.03463	0.13132	0.09327	0.05864	0.09327	0.16596	0.07268	0.05864	0.05864	0.0	0.13132	0.05864	0.05864	0.14537	0.09327	0.30383	0.18	0.12791	0.16596	0.03463	0.09327	0.17592	0.05864	0.05864	0.05864	0.18655	0.06927	0.0	0.06927	0.03463	0.09327	0.15192
0.02846	0.07665	0.10511	0.18175	0.10511	0.05692	0.10511	0.18175	0.05692	0.02846	0.08538	0.14511	0.05692	0.07665	0.16203	0.11384	0.04819	0.11384	0.0	0.02846	0.1423	0.11384	0.05692	0.05692	0.18175	0.1423	0.13357	0.07665	0.0	0.1423	0.02846	0.12483	0.13357	0.04819	0.16203	0.2474	0.19049	0.09637	0.28966	0.05692	0.0	0.12483	0.18175	0.10511	0.05692	0.15329	0.08538	0.19049	0.18175	0.13357	0.17302	0.05692	0.02846	0.08538	0.02846	0.13357	0.11384	0.13357	0.16203	0.04819	0.2474	0.10511	0.16483	0.02846
0.0	0.23718	0.16664	0.12498	0.08332	0.04166	0.0	0.26606	0.04166	0.16664	0.08332	0.12498	0.08332	0.08332	0.0	0.08332	0.04166	0.04166	0.0	0.04166	0.1122	0.08332	0.08332	0.08332	0.15386	0.16664	0.08332	0.08332	0.04166	0.04166	0.04166	0.08332	0.12498	0.15386	0.04166	0.08332	0.07054	0.23718	0.3205	0.0	0.08332	0.12498	0.19552	0.08332	0.08332	0.18274	0.04166	0.12498	0.26606	0.1122	0.19552	0.12498	0.08332	0.04166	0.12498	0.0	0.16664	0.04166	0.15386	0.04166	0.12498	0.08332	0.16664	0.16664
0.04211	0.19762	0.04211	0.04211	0.16843	0.08422	0.08422	0.31102	0.0	0.08422	0.08422	0.12632	0.12632	0.04211	0.08422	0.04211	0.04211	0.08422	0.04211	0.0	0.08422	0.12632	0.08422	0.04211	0.19762	0.08422	0.12632	0.04211	0.0	0.12632	0.12632	0.16843	0.12632	0.23972	0.0	0.15551	0.15551	0.07129	0.1134	0.21054	0.08422	0.0	0.15551	0.08422	0.04211	0.2268	0.12632	0.12632	0.2268	0.04211	0.1134	0.12632	0.1134	0.23972	0.04211	0.08422	0.08422	0.12632	0.12632	0.21054	0.04211	0.12632	0.08422	0.12632
0.09835	0.1438	0.17658	0.06557	0.06557	0.09835	0.0	0.23595	0.0	0.21942	0.09835	0.03278	0.0	0.03278	0.0	0.09835	0.09835	0.12107	0.0	0.03278	0.0	0.13113	0.06557	0.03278	0.13436	0.03278	0.08829	0.03278	0.06557	0.06557	0.13113	0.06557	0.03278	0.13436	0.20936	0.09835	0.08829	0.13436	0.18987	0.1438	0.12107	0.05551	0.08829	0.03278	0.09835	0.33043	0.13113	0.09835	0.45797	0.08829	0.19993	0.0	0.15386	0.06557	0.15386	0.03278	0.06557	0.03278	0.03278	0.0	0.13113	0.05551	0.12107	0.09835
0.0363	0.2207	0.0	0.13407	0.13407	0.0363	0.0363	0.25701	0.0	0.12293	0.0	0.20668	0.09777	0.09777	0.13407	0.07261	0.0363	0.07261	0.10891	0.10891	0.0363	0.19554	0.0	0.09777	0.23184	0.0363	0.0363	0.0	0.06147	0.10891	0.14521	0.19554	0.0363	0.13407	0.10891	0.19554	0.06147	0.20668	0.13407	0.07261	0.0363	0.09777	0.15924	0.07261	0.0	0.12293	0.13407	0.23184	0.25701	0.12293	0.13407	0.06147	0.13407	0.09777	0.09777	0.0363	0.0	0.29331	0.07261	0.0	0.14521	0.0	0.10891	0.0363
0.20933	0.24024	0.0892	0.07552	0.24024	0.0892	0.0892	0.24024	0.13381	0.12012	0.15104	0.0446	0.0446	0.07552	0.12012	0.22656	0.0	0.19564	0.0446	0.0	0.07552	0.0	0.20933	0.0	0.20933	0.0446	0.12012	0.0446	0.0446	0.12012	0.0446	0.0446	0.0	0.12012	0.0	0.07552	0.12012	0.19564	0.12012	0.0	0.0892	0.13381	0.31576	0.12012	0.12012	0.19564	0.07552	0.0446	0.22656	0.0446	0.15104	0.0	0.0	0.0446	0.19564	0.0446	0.15104	0.0446	0.0446	0.07552	0.0	0.0892	0.0446	0.0446
0.06565	0.06565	0.1551	0.22075	0.07755	0.03877	0.03877	0.22075	0.08137	0.03877	0.07755	0.10442	0.11632	0.1432	0.07755	0.17007	0.11632	0.1551	0.10442	0.07755	0.07755	0.1551	0.15892	0.07755	0.18197	0.11632	0.03877	0.07755	0.03877	0.1551	0.12015	0.07755	0.07755	0.07755	0.10442	0.1432	0.10442	0.31402	0.22075	0.07755	0.11632	0.06565	0.1432	0.24762	0.07755	0.0	0.1551	0.10442	0.07755	0.03877	0.03877	0.0	0.18197	0.03877	0.0	0.03877	0.0	0.19769	0.0	0.03877	0.18197	0.19769	0.1432	0.1551
0.05416	0.37053	0.06397	0.0	0.06397	0.03199	0.03199	0.07633	0.22645	0.15012	0.08615	0.03199	0.08615	0.11813	0.12795	0.39875	0.19447	0.03199	0.03199	0.0	0.17229	0.03199	0.11813	0.03199	0.0	0.05416	0.03199	0.03199	0.09596	0.14031	0.06397	0.06397	0.1311	0.05416	0.08615	0.11813	0.11813	0.1311	0.09912	0.06397	0.15012	0.14031	0.15994	0.08615	0.06397	0.14031	0.03199	0.12795	0.03199	0.0	0.14031	0.03199	0.18211	0.03199	0.08615	0.06397	0.03199	0.21725	0.15012	0.0	0.05416	0.22645	0.08615	0.18526
0.06808	0.10829	0.12063	0.08042	0.08042	0.08042	0.08042	0.08042	0.06808	0.04021	0.08042	0.08042	0.08042	0.14851	0.04021	0.18872	0.20106	0.10829	0.04021	0.12063	0.04021	0.04021	0.14851	0.16084	0.08042	0.04021	0.12063	0.16084	0.14851	0.04021	0.12063	0.04021	0.04021	0.08042	0.10829	0.12063	0.18872	0.08042	0.22893	0.08042	0.12063	0.10829	0.16084	0.14851	0.04021	0.08042	0.08042	0.04021	0.16084	0.08042	0.08042	0.13617	0.24127	0.16084	0.0	0.12063	0.38977	0.17638	0.12063	0.08042	0.04021	0.18872	0.12063	0.08042
0.07578	0.21005	0.13427	0.08951	0.04476	0.04476	0.13427	0.13427	0.2282	0.08951	0.08951	0.16529	0.0	0.07578	0.17903	0.21005	0.13427	0.08951	0.13427	0.0	0.13427	0.17903	0.18344	0.0	0.08951	0.04476	0.13427	0.04476	0.13427	0.17903	0.0	0.04476	0.04476	0.04476	0.12054	0.13427	0.12054	0.12054	0.25481	0.13427	0.04476	0.16529	0.25481	0.15156	0.13427	0.0	0.0	0.04476	0.08951	0.0	0.04476	0.04476	0.04476	0.13427	0.13427	0.0	0.08951	0.12054	0.17903	0.08951	0.16529	0.18344	0.13869	0.13427
0.12408	0.05658	0.25684	0.07618	0.10447	0.05658	0.10726	0.0	0.11315	0.18065	0.11315	0.02829	0.07618	0.02829	0.11315	0.21762	0.10447	0.0	0.08486	0.20894	0.0479	0.20894	0.07618	0.07618	0.12408	0.09579	0.27055	0.02829	0.07618	0.10447	0.02829	0.02829	0.10447	0.0	0.08486	0.02829	0.0	0.11594	0.18933	0.11594	0.05658	0.20894	0.02829	0.11315	0.02829	0.16105	0.22041	0.14144	0.0479	0.10447	0.24816	0.05658	0.0675	0.0	0.18933	0.0	0.14144	0.18065	0.21762	0.0479	0.18933	0.08486	0.05658	0.13276
0.13537	0.05225	0.16623	0.14484	0.03086	0.03086	0.17874	0.18517	0.06172	0.26828	0.03086	0.15431	0.0	0.09258	0.06172	0.11398	0.03086	0.06172	0.13537	0.18762	0.0	0.05225	0.06172	0.03086	0.07364	0.2096	0.20013	0.06172	0.0	0.15431	0.11398	0.08311	0.1757	0.03086	0.09258	0.06172	0.06172	0.17874	0.08311	0.12649	0.11398	0.03086	0.03086	0.22795	0.06172	0.03086	0.24046	0.03086	0.0	0.0	0.19709	0.09258	0.10451	0.16623	0.05225	0.09258	0.1757	0.26186	0.11398	0.12345	0.12345	0.03086	0.2096	0.12345
0.16163	0.07244	0.15422	0.08918	0.11333	0.11333	0.12312	0.11571	0.07244	0.20251	0.12074	0.09659	0.0483	0.0	0.07244	0.20251	0.14489	0.07244	0.0483	0.11333	0.09659	0.23407	0.14489	0.12074	0.23645	0.19557	0.22209	0.0483	0.07244	0.08918	0.09659	0.09659	0.08918	0.07244	0.07244	0.0483	0.07244	0.09897	0.07244	0.17142	0.07244	0.09659	0.0483	0.07244	0.08918	0.14489	0.18816	0.16163	0.13748	0.16163	0.18816	0.07244	0.14727	0.08918	0.13748	0.02415	0.0483	0.18577	0.0	0.12074	0.16904	0.14489	0.07244	0.14489
0.06499	0.0	0.14177	0.06499	0.0	0.0	0.08056	0.03839	0.03839	0.21854	0.03839	0.11516	0.14177	0.20676	0.03839	0.14177	0.07677	0.0	0.03839	0.16837	0.0	0.10338	0.07677	0.07677	0.11894	0.28732	0.21054	0.03839	0.0	0.03839	0.18015	0.03839	0.11516	0.03839	0.07677	0.07677	0.11516	0.16837	0.11516	0.15733	0.12999	0.03839	0.15354	0.15354	0.24515	0.10338	0.26071	0.07677	0.15354	0.07677	0.18394	0.07677	0.15733	0.03839	0.14177	0.03839	0.16837	0.14177	0.03839	0.0	0.15354	0.11516	0.23032	0.07677
0.04911	0.15996	0.12909	0.08558	0.08558	0.03647	0.20202	0.20762	0.07294	0.17115	0.07294	0.14579	0.09821	0.07294	0.03647	0.13468	0.09117	0.11645	0.09117	0.11645	0.10381	0.21501	0.12764	0.08558	0.07998	0.16735	0.14173	0.08558	0.0547	0.0547	0.0547	0.07294	0.10381	0.0547	0.1094	0.14587	0.01823	0.18633	0.13316	0.13468	0.18938	0.07294	0.17115	0.21466	0.09821	0.07294	0.21466	0.18234	0.1094	0.06734	0.07998	0.1094	0.20202	0.03647	0.22585	0.0547	0.15851	0.06734	0.08558	0.12204	0.13316	0.0547	0.13648	0.09117
0.14372	0.06125	0.14372	0.08247	0.12249	0.03062	0.14372	0.21436	0.18374	0.08247	0.18374	0.12249	0.21436	0.09187	0.03062	0.1131	0.06125	0.09187	0.03062	0.1131	0.12249	0.17434	0.03062	0.09187	0.18676	0.21738	0.18978	0.09187	0.06125	0.03062	0.12249	0.06125	0.12249	0.09187	0.03062	0.09187	0.12249	0.14372	0.06125	0.23559	0.12249	0.03062	0.03062	0.24498	0.15311	0.12249	0.19557	0.0	0.06125	0.12249	0.12551	0.15311	0.21738	0.09187	0.14372	0.03062	0.12249	0.08247	0.09187	0.0	0.1131	0.03062	0.09187	0.09187
0.08328	0.19747	0.11725	0.15706	0.1142	0.03092	0.11725	0.10471	0.0	0.13563	0.05235	0.14512	0.0	0.09276	0.13563	0.1142	0.1142	0.06184	0.0	0.08328	0.08328	0.14512	0.08328	0.03092	0.05235	0.18798	0.23144	0.05235	0.14817	0.08328	0.03092	0.05235	0.03092	0.05235	0.18798	0.08328	0.03092	0.24034	0.08328	0.05235	0.06184	0.05235	0.24034	0.24034	0.19747	0.0	0.19747	0.08328	0.08328	0.03092	0.15706	0.15706	0.18798	0.08328	0.16655	0.03092	0.05235	0.33615	0.03092	0.05235	0.03092	0.05235	0.18798	0.0
0.12573	0.14397	0.13456	0.24785	0.17465	0.03068	0.19591	0.12271	0.0	0.05194	0.0	0.11329	0.03068	0.06135	0.09203	0.11329	0.17465	0.20532	0.06438	0.10388	0.11329	0.11329	0.06135	0.11329	0.13456	0.11329	0.13456	0.0	0.06135	0.147	0.12271	0.0	0.06135	0.03068	0.06135	0.0	0.06135	0.11329	0.14397	0.22659	0.09203	0.06135	0.20532	0.11329	0.17465	0.03068	0.13456	0.20532	0.06135	0.03068	0.08262	0.147	0.08262	0.17767	0.08262	0.0	0.16523	0.20532	0.18406	0.09203	0.11329	0.18406	0.19591	0.08262
0.12432	0.11014	0.17229	0.17229	0.14685	0.16103	0.09887	0.24572	0.09887	0.09887	0.17229	0.07342	0.07342	0.11014	0.03671	0.13558	0.03671	0.14685	0.07342	0.20901	0.13558	0.16103	0.07342	0.0	0.24934	0.13558	0.23445	0.03671	0.03671	0.11014	0.0	0.14685	0.03671	0.11014	0.03671	0.07342	0.0	0.09887	0.11014	0.24572	0.0	0.0	0.03671	0.07342	0.14685	0.11014	0.16103	0.03671	0.09887	0.03671	0.09887	0.09887	0.20901	0.03671	0.13558	0.14685	0.03671	0.24572	0.14685	0.11014	0.11014	0.09887	0.03671	0.07342
0.06803	0.04018	0.22875	0.06803	0.12054	0.04018	0.06803	0.2566	0.08036	0.21642	0.04018	0.04018	0.0	0.10821	0.22875	0.22875	0.08036	0.08036	0.04018	0.10821	0.0	0.21642	0.04018	0.0	0.10821	0.17624	0.31308	0.08036	0.04018	0.04018	0.08036	0.04018	0.08036	0.0	0.12054	0.08036	0.0	0.26893	0.16468	0.21642	0.12054	0.10821	0.04018	0.0	0.08036	0.12054	0.17624	0.08036	0.12054	0.04018	0.06803	0.0	0.17624	0.08036	0.06803	0.16072	0.12054	0.14839	0.04018	0.13606	0.16072	0.06803	0.04018	0.08036
0.14128	0.07064	0.22472	0.14128	0.0	0.0	0.15408	0.12516	0.183	0.14128	0.0	0.15408	0.07064	0.0	0.0	0.11236	0.12516	0.11236	0.04172	0.14128	0.04172	0.11236	0.11236	0.04172	0.14128	0.14128	0.22472	0.07064	0.08344	0.07064	0.14128	0.25364	0.11236	0.07064	0.0	0.0	0.08344	0.11236	0.11236	0.07064	0.11236	0.04172	0.1958	0.15408	0.0	0.11236	0.37881	0.0	0.07064	0.04172	0.07064	0.04172	0.15408	0.11236	0.183	0.07064	0.21192	0.1958	0.0	0.04172	0.11236	0.07064	0.14128	0.04172
0.0811	0.0	0.2075	0.0811	0.03012	0.05099	0.11122	0.0811	0.0	0.19529	0.05099	0.06023	0.05099	0.13209	0.0632	0.16221	0.24628	0.05099	0.0811	0.23465	0.10198	0.0811	0.11419	0.0632	0.05099	0.05099	0.21617	0.0811	0.10198	0.05099	0.05099	0.13209	0.0811	0.10198	0.03012	0.05099	0.06023	0.11122	0.0	0.13209	0.13209	0.1443	0.05099	0.0	0.11419	0.05099	0.40849	0.19529	0.17442	0.0	0.0811	0.0	0.16221	0.18308	0.10198	0.0	0.11419	0.16221	0.03012	0.30651	0.03012	0.0	0.03012	0.13209
0.10334	0.11293	0.25921	0.06999	0.05646	0.0	0.18292	0.08981	0.0	0.06999	0.08981	0.08981	0.08981	0.05646	0.10005	0.10334	0.0667	0.03335	0.0	0.08981	0.03335	0.11293	0.13668	0.03335	0.12645	0.34966	0.28625	0.15651	0.08981	0.14628	0.12316	0.03335	0.0	0.0667	0.0	0.18986	0.03335	0.13668	0.11293	0.10334	0.0	0.18986	0.05646	0.05646	0.0	0.0667	0.20667	0.14628	0.17963	0.0	0.19315	0.03335	0.13668	0.12316	0.21627	0.0	0.03335	0.1598	0.12316	0.11293	0.11293	0.0	0.0	0.23609
0.08873	0.03295	0.11156	0.14451	0.11156	0.05578	0.11156	0.06589	0.05578	0.14451	0.25995	0.08873	0.0	0.03295	0.03295	0.24334	0.03295	0.06914	0.0	0.08873	0.2104	0.12492	0.08873	0.0	0.24383	0.07862	0.27891	0.03295	0.03295	0.05578	0.12167	0.05578	0.03295	0.03295	0.16734	0.20029	0.03295	0.12492	0.03295	0.11156	0.13503	0.11156	0.03295	0.0	0.08873	0.14451	0.20029	0.22701	0.06914	0.12167	0.36551	0.0	0.1848	0.0	0.16734	0.03295	0.05578	0.12167	0.12167	0.11156	0.03295	0.0	0.03295	0.0
0.13471	0.03647	0.06176	0.06176	0.0	0.09823	0.25132	0.0	0.12351	0.15999	0.2766	0.09823	0.15693	0.11302	0.07655	0.33476	0.09823	0.06176	0.03647	0.06176	0.03647	0.18527	0.03647	0.0	0.1488	0.1488	0.22174	0.14949	0.07295	0.03647	0.0	0.03647	0.0	0.03647	0.09823	0.09823	0.09823	0.15999	0.03647	0.06176	0.19646	0.03647	0.07655	0.03647	0.0	0.07655	0.19646	0.20006	0.12351	0.0	0.21055	0.0	0.32357	0.07655	0.09823	0.03647	0.0	0.12351	0.07655	0.0	0.11302	0.15999	0.03647	0.06176
0.072	0.11099	0.18897	0.11099	0.23549	0.13646	0.14998	0.18298	0.11099	0.14998	0.0525	0.20248	0.0525	0.07798	0.09149	0.19051	0.13048	0.15596	0.07798	0.08551	0.1245	0.16349	0.105	0.072	0.105	0.16349	0.1519	0.03899	0.0525	0.11697	0.09747	0.16947	0.07798	0.05848	0.1245	0.1245	0.05848	0.06041	0.1245	0.0525	0.09149	0.13646	0.16947	0.17545	0.05848	0.07798	0.19842	0.14998	0.11099	0.09149	0.11099	0.15751	0.105	0.07798	0.09149	0.07798	0.18897	0.11291	0.13646	0.07798	0.09747	0.13646	0.1245	0.11099
0.08423	0.0	0.28321	0.23346	0.09949	0.14924	0.13397	0.23346	0.04975	0.18372	0.09949	0.04975	0.04975	0.04975	0.09949	0.13397	0.04975	0.09949	0.04975	0.18372	0.04975	0.18372	0.0	0.14924	0.18372	0.13397	0.16845	0.09949	0.04975	0.0	0.09949	0.04975	0.0	0.09949	0.14924	0.18372	0.04975	0.23346	0.14924	0.08423	0.04975	0.04975	0.24873	0.14924	0.04975	0.0	0.25268	0.0	0.04975	0.0	0.13397	0.09949	0.18372	0.04975	0.08423	0.0	0.04975	0.13397	0.18372	0.04975	0.09949	0.04975	0.09949	0.0
0.22827	0.07609	0.07609	0.27321	0.07609	0.0	0.12103	0.04494	0.0	0.19712	0.0	0.12103	0.07609	0.15218	0.07609	0.33194	0.13482	0.0	0.0	0.12103	0.19712	0.07609	0.16597	0.07609	0.19712	0.07609	0.27321	0.0	0.04494	0.09431	0.07609	0.0	0.0	0.0	0.15218	0.09431	0.04494	0.12103	0.09431	0.27321	0.12103	0.0	0.04494	0.0	0.07609	0.12103	0.27321	0.0	0.04494	0.09431	0.16597	0.0	0.19712	0.12103	0.15218	0.08988	0.04494	0.12103	0.08988	0.0	0.0	0.0	0.04494	0.0
0.16037	0.12995	0.15764	0.15764	0.02769	0.08307	0.18533	0.11076	0.22152	0.23221	0.13845	0.05538	0.08307	0.09377	0.11076	0.23494	0.04688	0.11076	0.05538	0.14915	0.05538	0.10226	0.29609	0.02769	0.10226	0.12995	0.17683	0.02769	0.11076	0.16614	0.04688	0.02769	0.12995	0.05538	0.04688	0.08307	0.11076	0.12146	0.08307	0.12995	0.05538	0.08307	0.16887	0.11076	0.05538	0.02769	0.16834	0.18806	0.12763	0.08307	0.18533	0.02769	0.10226	0.05538	0.14915	0.08307	0.04688	0.12995	0.0858	0.02769	0.10226	0.02769	0.24071	0.07457
0.11997	0.12782	0.18882	0.19666	0.10225	0.02556	0.11997	0.02556	0.02556	0.06885	0.06885	0.05113	0.06885	0.17894	0.12782	0.1711	0.10225	0.07669	0.02556	0.09441	0.10225	0.11997	0.10225	0.02556	0.18882	0.09441	0.24246	0.10225	0.10225	0.12782	0.02556	0.10225	0.31663	0.05113	0.11997	0.05113	0.06885	0.11213	0.21438	0.16325	0.15338	0.07669	0.1711	0.11997	0.10225	0.10225	0.16325	0.19666	0.15338	0.05113	0.06885	0.05113	0.14553	0.0	0.09441	0.02556	0.02556	0.13769	0.05113	0.07669	0.24779	0.10225	0.10225	0.12782
0.16628	0.10629	0.12788	0.20171	0.14521	0.10629	0.09542	0.10629	0.10629	0.13085	0.14172	0.0	0.03543	0.20171	0.24801	0.16628	0.0	0.0	0.07086	0.28625	0.10629	0.13085	0.07086	0.03543	0.24063	0.13085	0.21539	0.03543	0.03543	0.14172	0.17715	0.03543	0.07086	0.10629	0.0	0.17715	0.03543	0.19084	0.09542	0.13085	0.13085	0.07086	0.07086	0.03543	0.14172	0.14521	0.19084	0.14172	0.07086	0.10629	0.16628	0.03543	0.13085	0.03543	0.05999	0.03543	0.10629	0.05999	0.13085	0.0	0.10629	0.10629	0.10629	0.03543
0.12879	0.06974	0.05904	0.11809	0.0	0.0	0.05904	0.05904	0.0	0.28174	0.27104	0.06974	0.0	0.09391	0.09391	0.18783	0.25757	0.03487	0.06974	0.11809	0.13949	0.2334	0.13949	0.15296	0.08321	0.09391	0.24687	0.0	0.06974	0.05904	0.0	0.10461	0.0	0.06974	0.05904	0.05904	0.03487	0.12879	0.06974	0.05904	0.16366	0.0	0.05904	0.05904	0.13949	0.03487	0.24687	0.10461	0.05904	0.0	0.15296	0.06974	0.212	0.15296	0.12879	0.0	0.05904	0.05904	0.15296	0.15296	0.05904	0.0	0.28174	0.16366
0.08235	0.19527	0.17408	0.1435	0.09173	0.03058	0.1559	0.09173	0.12231	0.08235	0.1435	0.09173	0.08235	0.05177	0.12231	0.26581	0.12231	0.03058	0.06115	0.11293	0.06115	0.08235	0.12231	0.09173	0.06417	0.18648	0.15892	0.03058	0.12231	0.15289	0.06115	0.06115	0.17408	0.06115	0.1435	0.03058	0.03058	0.13412	0.20767	0.14652	0.06115	0.06115	0.21404	0.15289	0.06115	0.09173	0.26883	0.19527	0.15289	0.0	0.06417	0.06115	0.23825	0.12231	0.05177	0.0	0.03058	0.20466	0.12231	0.03058	0.15289	0.06115	0.03058	0.09173
0.09783	0.03633	0.18451	0.0615	0.12301	0.07623	0.0615	0.16292	0.0	0.13774	0.0	0.28593	0.14888	0.0	0.03633	0.25716	0.03633	0.0	0.08668	0.17406	0.03633	0.13774	0.03633	0.0	0.0615	0.09783	0.28234	0.0	0.0	0.03633	0.24602	0.08668	0.12301	0.0	0.07265	0.03633	0.09783	0.22084	0.08668	0.09783	0.0	0.0	0.0	0.12301	0.0	0.0	0.19566	0.0	0.0	0.0	0.29707	0.0	0.21039	0.15933	0.09783	0.0	0.0615	0.3111	0.08668	0.14819	0.03633	0.0	0.14819	0.12301
0.09975	0.12877	0.18328	0.05451	0.12877	0.09975	0.11889	0.15109	0.09658	0.1734	0.06439	0.06439	0.05451	0.06439	0.11889	0.05451	0.15109	0.03219	0.03219	0.21547	0.09658	0.0867	0.36656	0.03219	0.18328	0.1734	0.17071	0.06439	0.11889	0.12877	0.09658	0.03219	0.03219	0.06439	0.0	0.09658	0.06439	0.16352	0.09658	0.11889	0.06439	0.11889	0.0	0.03219	0.11889	0.16097	0.14121	0.06439	0.11889	0.0	0.11889	0.09658	0.11889	0.11889	0.24096	0.03219	0.12877	0.14121	0.09658	0.06439	0.15109	0.11889	0.09658	0.25755
0.20234	0.0	0.10117	0.10117	0.1195	0.1195	0.30351	0.05975	0.05975	0.22067	0.0	0.20234	0.05975	0.05975	0.05975	0.16092	0.05975	0.05975	0.0	0.20234	0.05975	0.16092	0.0	0.0	0.10117	0.10117	0.26209	0.1195	0.0	0.05975	0.10117	0.05975	0.05975	0.0	0.05975	0.0	0.0	0.26209	0.05975	0.26209	0.0	0.0	0.10117	0.0	0.0	0.0	0.20234	0.05975	0.05975	0.0	0.10117	0.10117	0.10117	0.1195	0.10117	0.0	0.05975	0.26209	0.16092	0.22067	0.16092	0.0	0.16092	0.16092
0.24016	0.26324	0.06367	0.12734	0.12734	0.03761	0.06367	0.03761	0.03761	0.20255	0.10128	0.15042	0.0	0.11282	0.10128	0.27776	0.0	0.17649	0.0	0.13888	0.11282	0.17649	0.11282	0.11282	0.10128	0.10128	0.2178	0.07521	0.07521	0.06367	0.03761	0.07521	0.0	0.03761	0.0	0.03761	0.07521	0.21409	0.07521	0.06367	0.03761	0.03761	0.33845	0.11282	0.07521	0.11282	0.20255	0.07521	0.03761	0.07521	0.17649	0.07521	0.10128	0.03761	0.21409	0.03761	0.11282	0.17649	0.07521	0.11282	0.11282	0.03761	0.07521	0.0
0.09107	0.03382	0.20623	0.27322	0.16908	0.03382	0.09107	0.03382	0.06763	0.09107	0.10145	0.03382	0.10145	0.13527	0.10145	0.12489	0.03382	0.23671	0.05726	0.21596	0.06763	0.12489	0.13527	0.09107	0.19252	0.09107	0.18214	0.03382	0.06763	0.14833	0.05726	0.03382	0.0	0.03382	0.10145	0.06763	0.13527	0.09107	0.06763	0.1587	0.10145	0.03382	0.06763	0.03382	0.26015	0.10145	0.24978	0.09107	0.03382	0.0	0.09107	0.06763	0.1587	0.14833	0.1587	0.10145	0.1587	0.1587	0.19252	0.16908	0.16908	0.0	0.10145	0.03382
0.1169	0.0	0.23754	0.1169	0.0	0.0448	0.1169	0.0	0.0448	0.25129	0.0	0.0448	0.07585	0.22755	0.1517	0.23754	0.13439	0.0448	0.0	0.1169	0.0448	0.1517	0.0896	0.1965	0.1169	0.1169	0.32339	0.0	0.0	0.0448	0.12065	0.0	0.0	0.0896	0.27235	0.0	0.13439	0.1169	0.0896	0.1169	0.0	0.0448	0.0	0.0896	0.0896	0.0	0.32339	0.16545	0.0	0.0	0.1617	0.0	0.23754	0.0448	0.20649	0.0	0.0	0.1169	0.0448	0.0	0.0448	0.0448	0.0896	0.0448
0.09695	0.144	0.06095	0.13295	0.072	0.072	0.09695	0.09695	0.072	0.16895	0.108	0.072	0.108	0.1939	0.13295	0.1939	0.25199	0.108	0.036	0.09695	0.072	0.16895	0.27694	0.16895	0.09695	0.16895	0.2659	0.036	0.108	0.072	0.144	0.072	0.0	0.036	0.17999	0.072	0.0	0.06095	0.13295	0.06095	0.036	0.13295	0.108	0.036	0.14754	0.0	0.21885	0.0	0.144	0.072	0.16895	0.072	0.13295	0.0	0.16895	0.072	0.072	0.09695	0.13295	0.144	0.16895	0.072	0.108	0.108
0.05263	0.08371	0.22311	0.05263	0.05263	0.0	0.22004	0.05263	0.05263	0.10525	0.05263	0.03108	0.0	0.0	0.05263	0.18896	0.16742	0.05263	0.0	0.14894	0.03108	0.05263	0.12739	0.11785	0.05263	0.16742	0.32529	0.05263	0.08371	0.22004	0.05263	0.0	0.0	0.11479	0.11479	0.06216	0.06216	0.11479	0.20156	0.10525	0.06216	0.08371	0.10525	0.03108	0.25478	0.10525	0.23264	0.11785	0.06523	0.05263	0.11785	0.0	0.11479	0.19262	0.11479	0.03108	0.0	0.22311	0.08111	0.20156	0.1985	0.10525	0.0	0.2111
0.07976	0.17492	0.11963	0.06752	0.0	0.03988	0.1074	0.14727	0.06752	0.15951	0.06752	0.03988	0.1074	0.07976	0.25467	0.0	0.11963	0.14727	0.0	0.07976	0.0	0.08369	0.18715	0.12357	0.07976	0.07976	0.0	0.06752	0.11963	0.27084	0.03988	0.03988	0.0	0.06752	0.1074	0.07976	0.1074	0.11963	0.11963	0.15951	0.1074	0.07976	0.19939	0.03988	0.18715	0.03988	0.22703	0.31072	0.0	0.0	0.07976	0.0	0.28231	0.25467	0.11963	0.03988	0.07976	0.06752	0.12357	0.11963	0.15951	0.0	0.07976	0.1074
0.06104	0.13387	0.03052	0.09156	0.20428	0.03052	0.1526	0.19491	0.0822	0.03052	0.14324	0.03052	0.11272	0.09156	0.10335	0.0822	0.06104	0.0822	0.12208	0.03052	0.03052	0.11272	0.14324	0.06104	0.18312	0.17376	0.18312	0.14324	0.03052	0.11272	0.06104	0.09156	0.09156	0.14324	0.14324	0.11272	0.16439	0.06104	0.09156	0.26532	0.0822	0.03052	0.1526	0.06104	0.0822	0.1526	0.14324	0.17376	0.0822	0.0822	0.06104	0.03052	0.32878	0.16439	0.12208	0.09156	0.0822	0.05168	0.09156	0.09156	0.20428	0.0822	0.09156	0.20729
0.05608	0.33009	0.11216	0.08412	0.02804	0.0	0.02804	0.12299	0.07551	0.05608	0.07551	0.12299	0.10355	0.08412	0.26318	0.19043	0.14019	0.12299	0.12299	0.05608	0.05608	0.10355	0.17906	0.02804	0.05608	0.2071	0.02804	0.10355	0.05608	0.13159	0.05608	0.13159	0.05608	0.07551	0.07551	0.15963	0.10632	0.10355	0.07551	0.08412	0.28262	0.11216	0.07551	0.13159	0.07551	0.07551	0.13159	0.05608	0.10355	0.18767	0.05608	0.05608	0.24597	0.17906	0.11216	0.05608	0.02804	0.07551	0.11216	0.11216	0.10355	0.10355	0.11492	0.22654
0.03292	0.21026	0.06585	0.03292	0.06585	0.03292	0.09877	0.15451	0.15451	0.03292	0.12159	0.16462	0.08867	0.03292	0.21026	0.03292	0.09877	0.13169	0.03292	0.09877	0.03292	0.06585	0.15451	0.06585	0.19754	0.03292	0.0	0.12159	0.13169	0.15451	0.12159	0.13169	0.03292	0.08867	0.30903	0.03292	0.05574	0.18744	0.03292	0.06585	0.05574	0.09877	0.13169	0.03292	0.22036	0.09877	0.15451	0.06585	0.15451	0.03292	0.03292	0.06585	0.27935	0.2761	0.06585	0.06585	0.09877	0.15451	0.13169	0.03292	0.09877	0.19754	0.06585	0.15451
0.07228	0.2308	0.03614	0.03614	0.14456	0.03614	0.14456	0.13347	0.13347	0.03614	0.09733	0.1807	0.09733	0.0	0.15852	0.10842	0.10842	0.03614	0.03614	0.14456	0.0	0.10842	0.09733	0.07228	0.14456	0.0	0.03614	0.13347	0.14456	0.09733	0.16961	0.10842	0.10842	0.13347	0.30309	0.03614	0.06119	0.16961	0.03614	0.03614	0.13347	0.10842	0.14456	0.0	0.09733	0.10842	0.16961	0.10842	0.20575	0.07228	0.0	0.07228	0.30665	0.2308	0.10842	0.03614	0.07228	0.16961	0.07228	0.03614	0.10842	0.1807	0.10842	0.13347
0.07398	0.27322	0.03699	0.03699	0.07398	0.14796	0.18495	0.28457	0.09962	0.11097	0.09962	0.09962	0.1736	0.0	0.23623	0.14796	0.03699	0.07398	0.18495	0.03699	0.03699	0.0	0.06263	0.11097	0.11097	0.07398	0.07398	0.06263	0.07398	0.13661	0.07398	0.03699	0.07398	0.09962	0.13661	0.14796	0.06263	0.1736	0.13661	0.07398	0.13661	0.07398	0.14796	0.14796	0.09962	0.07398	0.1736	0.03699	0.03699	0.03699	0.0	0.0	0.26187	0.23623	0.03699	0.11097	0.03699	0.1736	0.14796	0.07398	0.13661	0.14796	0.13661	0.13661
0.04298	0.18022	0.12894	0.07937	0.20383	0.0	0.08596	0.21873	0.05788	0.17575	0.08808	0.07937	0.12235	0.06447	0.21873	0.06447	0.13936	0.10745	0.10745	0.07937	0.10086	0.14384	0.26171	0.07937	0.06447	0.07937	0.14384	0.07937	0.02149	0.12235	0.08596	0.06447	0.08596	0.10086	0.13724	0.08596	0.03639	0.12235	0.18022	0.08596	0.05788	0.15873	0.14384	0.02149	0.19512	0.10745	0.12447	0.13724	0.10745	0.14384	0.17404	0.08596	0.17363	0.13724	0.13724	0.04298	0.06447	0.08808	0.04298	0.12235	0.14384	0.07937	0.19512	0.20172
0.05872	0.21686	0.02936	0.11744	0.10843	0.08808	0.08808	0.13779	0.15814	0.11744	0.07907	0.02936	0.10843	0.05872	0.23721	0.1468	0.02936	0.05872	0.08808	0.02936	0.08808	0.07907	0.16715	0.05872	0.17616	0.22587	0.10843	0.13779	0.19651	0.12878	0.02936	0.05872	0.02936	0.07907	0.21976	0.12878	0.13779	0.05872	0.13779	0.05872	0.13779	0.02936	0.08808	0.11744	0.25523	0.02936	0.10843	0.17906	0.11744	0.08808	0.08808	0.05872	0.17849	0.1875	0.02936	0.02936	0.20841	0.1875	0.11744	0.05872	0.16715	0.08808	0.05872	0.12034
0.02696	0.22607	0.08087	0.02696	0.10783	0.13478	0.08087	0.20738	0.18043	0.05391	0.09956	0.19911	0.09956	0.16174	0.11824	0.10783	0.02696	0.13478	0.02696	0.08087	0.05391	0.08087	0.15347	0.08087	0.05391	0.1887	0.08087	0.0726	0.02696	0.09956	0.10783	0.10783	0.10783	0.12651	0.09956	0.13478	0.13744	0.11049	0.11824	0.08087	0.12651	0.10783	0.09956	0.09956	0.2613	0.0726	0.12651	0.0726	0.10783	0.05391	0.08087	0.08087	0.33655	0.17215	0.16174	0.13478	0.05391	0.0726	0.08087	0.08087	0.19401	0.08087	0.1452	0.11824
0.09442	0.201	0.09442	0.15737	0.09442	0.14771	0.09442	0.14771	0.05329	0.06295	0.11624	0.13806	0.05329	0.03147	0.16953	0.06295	0.0	0.26395	0.09442	0.1259	0.13806	0.10658	0.11624	0.08477	0.06295	0.05329	0.06295	0.14771	0.06295	0.08477	0.17919	0.09442	0.1259	0.08477	0.13806	0.17919	0.201	0.06295	0.06295	0.09442	0.16953	0.08477	0.27361	0.14771	0.08477	0.17919	0.19135	0.09442	0.03147	0.11624	0.09442	0.0	0.22282	0.16953	0.08477	0.03147	0.11624	0.08477	0.06295	0.15737	0.06295	0.03147	0.06295	0.17919
0.03168	0.17063	0.06336	0.1609	0.05363	0.05363	0.03168	0.10727	0.2023	0.14867	0.13895	0.03168	0.14867	0.06336	0.13895	0.14867	0.06336	0.09503	0.06336	0.0	0.10727	0.08531	0.14867	0.0	0.08531	0.09503	0.08531	0.05363	0.08531	0.2779	0.08531	0.08531	0.0	0.11699	0.08531	0.22426	0.13895	0.17375	0.08531	0.03168	0.17063	0.09503	0.03168	0.18035	0.08531	0.21202	0.05363	0.0	0.05363	0.08531	0.06336	0.06336	0.22426	0.1609	0.08531	0.0	0.17063	0.05363	0.03168	0.1609	0.16151	0.10727	0.2371	0.2779
0.03272	0.2417	0.03272	0.06545	0.06545	0.06545	0.09817	0.21902	0.12085	0.03272	0.12085	0.06545	0.08813	0.09817	0.2417	0.09817	0.03272	0.06545	0.06545	0.16362	0.09817	0.03272	0.21902	0.06545	0.09817	0.16362	0.16362	0.08813	0.03272	0.12085	0.09817	0.0	0.09817	0.12085	0.05541	0.06545	0.08813	0.13089	0.03272	0.16362	0.15357	0.06545	0.09817	0.13089	0.15357	0.03272	0.1863	0.03272	0.13089	0.06545	0.19634	0.03272	0.32364	0.17626	0.03272	0.13089	0.09817	0.08813	0.09817	0.16362	0.1863	0.13089	0.09817	0.15357
0.0	0.12066	0.03563	0.10689	0.09596	0.03563	0.09596	0.2173	0.17815	0.21662	0.09596	0.0	0.07478	0.11041	0.11041	0.19192	0.21662	0.09596	0.07126	0.03563	0.1351	0.13159	0.09596	0.23106	0.07126	0.07126	0.13159	0.0	0.07126	0.17073	0.17073	0.06033	0.09596	0.12066	0.09596	0.23848	0.03563	0.07126	0.06033	0.07126	0.13159	0.0	0.07126	0.14252	0.22755	0.07126	0.0	0.03563	0.03563	0.03563	0.16722	0.03563	0.11041	0.0	0.09596	0.03563	0.18167	0.27763	0.15629	0.03563	0.19192	0.07126	0.19192	0.14604
0.06544	0.15356	0.13088	0.06544	0.13088	0.0	0.13088	0.1636	0.19632	0.23164	0.06544	0.03272	0.03272	0.06544	0.13088	0.15356	0.15356	0.06544	0.0	0.06544	0.08812	0.15356	0.15356	0.17624	0.13088	0.06544	0.1636	0.13088	0.03272	0.219	0.0	0.03272	0.06544	0.14352	0.13088	0.09816	0.09816	0.09816	0.08812	0.12084	0.15356	0.06544	0.1636	0.03272	0.23164	0.13088	0.13088	0.17624	0.0	0.0	0.0554	0.03272	0.03272	0.09816	0.08812	0.13088	0.09816	0.09816	0.08812	0.06544	0.24168	0.06544	0.24168	0.22904
0.05936	0.16896	0.02968	0.11871	0.05936	0.02968	0.0	0.08903	0.08903	0.26946	0.05936	0.10961	0.05936	0.11871	0.08903	0.10961	0.16896	0.14839	0.02968	0.11871	0.10961	0.16896	0.18953	0.18953	0.08903	0.17807	0.05936	0.02968	0.11871	0.10961	0.17807	0.11871	0.02968	0.1005	0.11871	0.05936	0.05936	0.16896	0.14221	0.14839	0.13928	0.08903	0.05936	0.14839	0.18043	0.14839	0.05936	0.08903	0.02968	0.02968	0.05025	0.13928	0.02968	0.16896	0.13928	0.11871	0.02968	0.05936	0.16896	0.23742	0.13928	0.17807	0.18043	0.17807
0.12014	0.11093	0.09011	0.0	0.12014	0.06007	0.0	0.11093	0.21025	0.1826	0.09011	0.06007	0.11093	0.09011	0.18021	0.14096	0.08089	0.12014	0.03004	0.15018	0.08089	0.14096	0.14096	0.25189	0.09011	0.06007	0.09011	0.03004	0.06007	0.14096	0.09011	0.09011	0.0	0.16178	0.14096	0.06007	0.09011	0.06007	0.16178	0.06007	0.14096	0.0	0.03004	0.12014	0.22185	0.06007	0.09011	0.12014	0.09011	0.03004	0.20103	0.15018	0.12014	0.171	0.11093	0.18021	0.06007	0.12014	0.11093	0.21025	0.08089	0.15018	0.26406	0.15018
0.0907	0.11165	0.0	0.0	0.20235	0.0907	0.11165	0.12093	0.0907	0.27449	0.03023	0.10237	0.03023	0.0	0.12093	0.17212	0.17212	0.03023	0.0	0.18139	0.17212	0.11165	0.10237	0.16284	0.21403	0.06046	0.06046	0.06046	0.03023	0.14188	0.06046	0.0	0.06046	0.19307	0.06046	0.0907	0.03023	0.0907	0.20533	0.0	0.17212	0.06046	0.20235	0.12093	0.19307	0.15116	0.12093	0.06046	0.12093	0.11165	0.08142	0.03023	0.03023	0.03023	0.11165	0.12093	0.18139	0.06046	0.17212	0.0907	0.16284	0.2233	0.15356	0.17212
0.0296	0.0797	0.0296	0.17992	0.05011	0.12981	0.0797	0.0	0.05011	0.25963	0.12981	0.1093	0.0797	0.05011	0.0	0.26871	0.0797	0.12981	0.0296	0.05011	0.15941	0.15033	0.1389	0.12981	0.17141	0.0917	0.201	0.05919	0.0	0.15941	0.12981	0.05011	0.0296	0.17992	0.25055	0.10022	0.0296	0.1093	0.10022	0.0296	0.17992	0.05011	0.0296	0.0	0.15941	0.10022	0.11838	0.20044	0.1093	0.0797	0.26255	0.0	0.22152	0.0296	0.12981	0.0	0.0797	0.0296	0.15033	0.12981	0.10022	0.0	0.19192	0.11838
0.06579	0.13908	0.04886	0.02443	0.14657	0.04886	0.07329	0.04886	0.07329	0.17823	0.09022	0.04886	0.12215	0.02443	0.06579	0.20487	0.12455	0.12215	0.06579	0.09022	0.09022	0.17341	0.14898	0.20487	0.13908	0.19035	0.12215	0.04886	0.07329	0.09022	0.13908	0.09772	0.04886	0.08272	0.07329	0.07329	0.12215	0.13908	0.20487	0.09022	0.2293	0.04886	0.07329	0.09772	0.2293	0.14657	0.09772	0.02443	0.09022	0.04886	0.15842	0.07329	0.12215	0.04886	0.12455	0.09772	0.18794	0.04886	0.16351	0.07329	0.2218	0.16351	0.22709	0.18044
0.06011	0.1711	0.06011	0.06011	0.12022	0.12022	0.14105	0.06011	0.06011	0.1949	0.09016	0.14105	0.0	0.0	0.09016	0.24282	0.15324	0.09016	0.03005	0.12022	0.111	0.1711	0.23121	0.13183	0.18033	0.09016	0.06011	0.03005	0.12022	0.1711	0.12022	0.09016	0.06011	0.22199	0.0	0.20116	0.09016	0.14105	0.14401	0.12022	0.08094	0.0	0.12022	0.111	0.19194	0.06011	0.09016	0.06011	0.111	0.09016	0.18329	0.06011	0.15027	0.06011	0.111	0.12022	0.03005	0.0	0.111	0.18033	0.16188	0.09016	0.24282	0.09016
0.0976	0.17687	0.07928	0.13213	0.18498	0.05285	0.07928	0.05285	0.13213	0.25825	0.02643	0.08188	0.07928	0.12402	0.1057	0.15045	0.15045	0.1057	0.0	0.1057	0.12402	0.0976	0.16876	0.11591	0.02643	0.1057	0.18498	0.07928	0.02643	0.12402	0.07928	0.07928	0.02643	0.14234	0.07928	0.07117	0.0	0.0976	0.22422	0.15856	0.07117	0.12402	0.04474	0.04474	0.15305	0.1057	0.15045	0.16876	0.04474	0.0	0.12402	0.13213	0.02643	0.19519	0.15045	0.1057	0.02643	0.02643	0.10831	0.27447	0.19519	0.07117	0.25604	0.13213
0.03005	0.111	0.19194	0.05089	0.03005	0.08094	0.111	0.09313	0.22199	0.09016	0.14401	0.06011	0.0	0.111	0.111	0.111	0.13183	0.06011	0.09016	0.18272	0.03005	0.111	0.09313	0.14105	0.1949	0.23418	0.21573	0.03005	0.111	0.15027	0.18033	0.06011	0.09016	0.03005	0.111	0.17111	0.06011	0.09016	0.12022	0.12022	0.10177	0.06011	0.15027	0.2434	0.12022	0.13183	0.24282	0.14105	0.18033	0.09016	0.09313	0.09016	0.12318	0.08094	0.09016	0.0	0.08094	0.03005	0.08094	0.111	0.16188	0.18033	0.12022	0.0
0.12568	0.1571	0.27624	0.11604	0.09426	0.06284	0.14746	0.23208	0.08462	0.12568	0.0	0.08462	0.03142	0.16924	0.14746	0.11604	0.13782	0.20066	0.03142	0.18198	0.09426	0.1571	0.1602	0.03142	0.06284	0.11604	0.19162	0.03142	0.2103	0.06284	0.2103	0.09426	0.14746	0.0	0.06284	0.0	0.09426	0.06284	0.24172	0.09426	0.09426	0.03142	0.08462	0.18198	0.1571	0.06594	0.15056	0.11604	0.12568	0.0	0.12568	0.12568	0.03142	0.17888	0.06284	0.0	0.0532	0.0	0.03142	0.11604	0.17888	0.03142	0.11604	0.08462
0.1166	0.15547	0.24821	0.14354	0.0	0.0	0.06581	0.20935	0.14354	0.07773	0.03887	0.10467	0.03887	0.14354	0.14354	0.22127	0.20935	0.07773	0.03887	0.28708	0.07773	0.0	0.26014	0.03887	0.07773	0.07773	0.06581	0.03887	0.14354	0.07773	0.07773	0.03887	0.07773	0.0	0.0	0.07773	0.03887	0.10467	0.26014	0.03887	0.07773	0.07773	0.10467	0.24821	0.07773	0.10467	0.20935	0.10467	0.1166	0.0	0.1166	0.07773	0.1166	0.18241	0.1166	0.03887	0.07773	0.15547	0.15547	0.06581	0.13161	0.07773	0.10467	0.03887
0.05881	0.0294	0.12897	0.12897	0.0294	0.11761	0.04978	0.12897	0.13799	0.13799	0.04978	0.14089	0.0	0.07919	0.09957	0.07919	0.09957	0.05881	0.0	0.18778	0.22008	0.12051	0.1997	0.0294	0.08821	0.05881	0.15838	0.14702	0.13799	0.12897	0.05881	0.11761	0.07919	0.14702	0.05881	0.15838	0.08821	0.17932	0.14992	0.04978	0.14992	0.0294	0.11761	0.25851	0.05881	0.13799	0.21718	0.1703	0.12051	0.09111	0.12051	0.05881	0.11761	0.1674	0.05881	0.08821	0.06171	0.0294	0.14702	0.04978	0.1997	0.05881	0.14992	0.26463
0.10501	0.06602	0.17103	0.06602	0.12082	0.0	0.10501	0.17103	0.06602	0.10501	0.03899	0.07799	0.183	0.10501	0.10501	0.183	0.17103	0.06602	0.06602	0.17103	0.10501	0.08183	0.10501	0.08183	0.0	0.03899	0.183	0.0	0.06602	0.0	0.23705	0.06602	0.0	0.13204	0.10501	0.18684	0.03899	0.07799	0.0	0.03899	0.17103	0.0	0.12082	0.06602	0.12082	0.06602	0.24902	0.33085	0.27989	0.03899	0.03899	0.0	0.14401	0.29186	0.10501	0.0	0.03899	0.0	0.0	0.10501	0.10501	0.21003	0.0	0.06602
0.06899	0.10348	0.1513	0.16189	0.10689	0.06899	0.16189	0.16189	0.16189	0.03449	0.03449	0.03449	0.03449	0.16189	0.16189	0.0929	0.11681	0.03449	0.03449	0.2787	0.10348	0.03449	0.22029	0.17247	0.17588	0.10348	0.12739	0.03449	0.0584	0.06899	0.03449	0.03449	0.10348	0.10348	0.03449	0.06899	0.06899	0.06899	0.13798	0.13798	0.0584	0.0	0.10348	0.12739	0.25479	0.23428	0.1858	0.1858	0.10348	0.03449	0.06899	0.0	0.06899	0.1513	0.03449	0.0	0.17247	0.03449	0.20697	0.0929	0.19638	0.10348	0.19638	0.10689
0.05876	0.21147	0.15826	0.13789	0.10851	0.07913	0.04975	0.12042	0.12888	0.11753	0.11753	0.02938	0.08815	0.04975	0.22894	0.07913	0.12888	0.02938	0.05876	0.19955	0.05876	0.05876	0.13789	0.02938	0.11753	0.08815	0.04975	0.02938	0.10851	0.11753	0.08815	0.02938	0.19955	0.04975	0.08815	0.10851	0.08815	0.22604	0.04975	0.09104	0.02938	0.08815	0.02938	0.24641	0.02938	0.04975	0.22894	0.16728	0.11753	0.02938	0.11753	0.02938	0.20801	0.16728	0.0	0.10851	0.0	0.17919	0.08815	0.10851	0.17017	0.08815	0.11753	0.33479
0.0	0.1197	0.1197	0.0798	0.0798	0.10745	0.18725	0.2394	0.1596	0.14735	0.0798	0.1995	0.10745	0.0399	0.21491	0.2394	0.1197	0.1197	0.21491	0.0798	0.0798	0.1197	0.0798	0.14735	0.0399	0.1197	0.0	0.0	0.0798	0.1197	0.18725	0.1197	0.14735	0.0399	0.1197	0.1197	0.0399	0.1197	0.1197	0.10745	0.22715	0.0798	0.0399	0.10745	0.18725	0.10745	0.0798	0.1197	0.0399	0.0399	0.0399	0.0399	0.0399	0.22715	0.0399	0.0399	0.0399	0.18725	0.0399	0.0399	0.0399	0.0	0.2394	0.18725
0.06955	0.12842	0.23275	0.1391	0.1391	0.05888	0.17663	0.03477	0.0	0.12842	0.10432	0.03477	0.1632	0.03477	0.1873	0.20864	0.12842	0.19797	0.09365	0.06955	0.09365	0.1391	0.17387	0.09365	0.1873	0.19797	0.2255	0.1391	0.03477	0.03477	0.09365	0.0	0.1632	0.03477	0.03477	0.06955	0.12842	0.05888	0.03477	0.15253	0.12842	0.06955	0.10432	0.12842	0.12842	0.19797	0.1632	0.03477	0.06955	0.0	0.09365	0.03477	0.09365	0.1873	0.10432	0.03477	0.10432	0.20864	0.0	0.1391	0.10432	0.10432	0.10432	0.1873
0.0	0.16922	0.06769	0.06769	0.06769	0.0573	0.19268	0.21614	0.10153	0.09115	0.15884	0.0	0.13872	0.03384	0.24999	0.09115	0.13538	0.15884	0.12499	0.10153	0.03384	0.19268	0.06769	0.09115	0.03384	0.0	0.06769	0.12499	0.12499	0.0573	0.19268	0.0573	0.22653	0.06769	0.06769	0.0	0.0	0.15884	0.03384	0.14845	0.19268	0.06769	0.21614	0.16922	0.12499	0.11461	0.2396	0.0	0.06769	0.06769	0.03384	0.0	0.12499	0.19268	0.0	0.0	0.0573	0.19268	0.15884	0.03384	0.12499	0.06769	0.15884	0.21614
0.08331	0.15468	0.06187	0.14518	0.17612	0.03094	0.09281	0.18866	0.09281	0.21655	0.14518	0.08331	0.03094	0.06187	0.19756	0.06187	0.06187	0.06187	0.20706	0.06187	0.06187	0.03094	0.20706	0.09281	0.09281	0.09281	0.06187	0.06187	0.06187	0.16663	0.11425	0.06187	0.17612	0.06187	0.09281	0.09281	0.11425	0.06187	0.09281	0.14518	0.06187	0.12374	0.06187	0.20706	0.17612	0.12374	0.17612	0.12374	0.09281	0.03094	0.24748	0.09281	0.06187	0.2285	0.09281	0.06187	0.12374	0.17612	0.06187	0.09281	0.17612	0.09281	0.17612	0.13569
0.13695	0.14833	0.03708	0.11125	0.16265	0.07416	0.07416	0.2996	0.07416	0.07416	0.24819	0.14833	0.0	0.11125	0.17769	0.14833	0.03708	0.0	0.09987	0.03708	0.11125	0.14833	0.07416	0.11125	0.11125	0.0	0.03708	0.14833	0.03708	0.1149	0.13695	0.07416	0.07782	0.0	0.1149	0.09987	0.13695	0.14833	0.07416	0.18907	0.0	0.11125	0.14833	0.13695	0.14833	0.17403	0.1149	0.26323	0.11125	0.11125	0.14833	0.03708	0.03708	0.1406	0.07416	0.07416	0.07416	0.09987	0.09987	0.03708	0.18907	0.14833	0.03708	0.2298
0.14397	0.12644	0.0681	0.05058	0.19454	0.0	0.07586	0.14646	0.09339	0.05058	0.0681	0.11868	0.05058	0.07586	0.17175	0.20995	0.24512	0.07586	0.0681	0.05058	0.02529	0.02529	0.2023	0.05058	0.10115	0.10115	0.17701	0.05058	0.15173	0.10364	0.18927	0.12644	0.04282	0.05058	0.12644	0.11868	0.0681	0.11868	0.05058	0.22232	0.10115	0.07836	0.05058	0.17175	0.09339	0.05058	0.14397	0.15173	0.11868	0.0	0.2023	0.07586	0.07586	0.19703	0.05058	0.0	0.0681	0.14397	0.21983	0.17701	0.15422	0.07586	0.05058	0.26036
0.09998	0.07424	0.17422	0.09998	0.09998	0.0	0.03712	0.16283	0.03712	0.14849	0.06285	0.14849	0.09998	0.0	0.19995	0.09998	0.17422	0.07424	0.12571	0.17422	0.03712	0.19995	0.23707	0.09998	0.1371	0.12571	0.11137	0.03712	0.0	0.16283	0.16283	0.0	0.12571	0.03712	0.0	0.12571	0.17422	0.18856	0.07424	0.06285	0.22568	0.0	0.07424	0.06285	0.215	0.0	0.09998	0.06285	0.0	0.0	0.07424	0.11137	0.03712	0.18856	0.07424	0.03712	0.06285	0.09998	0.1371	0.06285	0.06285	0.03712	0.29993	0.28853
0.14768	0.06734	0.12435	0.12435	0.21502	0.11401	0.03367	0.10433	0.27203	0.06734	0.0	0.19168	0.11401	0.17102	0.09068	0.18135	0.09068	0.13468	0.09068	0.03367	0.03367	0.14768	0.15802	0.06734	0.06734	0.27203	0.06734	0.05701	0.12435	0.10101	0.18135	0.06734	0.18135	0.0	0.03367	0.09068	0.18135	0.14768	0.05701	0.03367	0.12435	0.09068	0.20469	0.14768	0.09068	0.21502	0.19168	0.14768	0.03367	0.06734	0.12435	0.06734	0.12435	0.10101	0.12435	0.03367	0.06734	0.03367	0.10101	0.06734	0.05701	0.06734	0.18135	0.06734
0.15611	0.08695	0.19399	0.10704	0.22583	0.0	0.11593	0.17675	0.18509	0.08695	0.02898	0.16786	0.07805	0.05797	0.12713	0.12713	0.15611	0.165	0.05797	0.08695	0.08695	0.0	0.11593	0.13602	0.08695	0.19399	0.14491	0.09814	0.05797	0.165	0.07805	0.05797	0.19399	0.165	0.0	0.02898	0.0	0.16786	0.16786	0.05797	0.11593	0.10704	0.165	0.12713	0.05797	0.0	0.14491	0.13602	0.05797	0.10704	0.25481	0.05797	0.05797	0.14491	0.08695	0.02898	0.11593	0.05797	0.07805	0.19399	0.1099	0.11593	0.22583	0.05797
0.06557	0.12173	0.17236	0.20418	0.06557	0.06557	0.08992	0.13657	0.12414	0.06557	0.10679	0.14101	0.13114	0.06557	0.13114	0.23046	0.08992	0.17983	0.19478	0.08992	0.04869	0.07304	0.14101	0.06557	0.13114	0.08992	0.08992	0.06557	0.07304	0.06557	0.08992	0.08992	0.11426	0.04869	0.08992	0.11426	0.07304	0.13354	0.22152	0.17236	0.08992	0.06557	0.22853	0.20418	0.08992	0.15549	0.12173	0.19671	0.17236	0.02435	0.14101	0.08245	0.0	0.17236	0.06557	0.07304	0.11426	0.08992	0.11426	0.13114	0.18223	0.07304	0.16536	0.07304
0.04196	0.09914	0.09153	0.06675	0.19067	0.07435	0.07435	0.12636	0.10158	0.20072	0.04957	0.10158	0.04196	0.07435	0.08393	0.22747	0.09153	0.11632	0.07435	0.09153	0.02478	0.09914	0.17349	0.04196	0.19067	0.11632	0.15828	0.11632	0.02478	0.07435	0.1487	0.09914	0.19067	0.04957	0.04957	0.09153	0.1487	0.11632	0.17593	0.14354	0.19067	0.09153	0.04957	0.16588	0.10158	0.09914	0.24024	0.20024	0.15115	0.04957	0.19311	0.07435	0.1487	0.02478	0.0768	0.02478	0.19067	0.07435	0.07435	0.02478	0.14354	0.1487	0.22503	0.09914
0.08276	0.0	0.11348	0.13478	0.18681	0.06146	0.06146	0.19367	0.10405	0.14421	0.06449	0.15667	0.08276	0.03073	0.11348	0.31018	0.14724	0.08276	0.03073	0.05203	0.03073	0.13478	0.19624	0.03073	0.14421	0.12291	0.14421	0.08276	0.06146	0.14421	0.08276	0.03073	0.15608	0.03073	0.03073	0.05203	0.06146	0.17797	0.1874	0.1874	0.16551	0.08276	0.06146	0.17494	0.17797	0.09218	0.15667	0.17797	0.16551	0.05203	0.16551	0.08276	0.11348	0.12291	0.08276	0.06146	0.09218	0.11348	0.08276	0.08276	0.15667	0.08276	0.16854	0.14421
0.19056	0.03538	0.09528	0.0599	0.19056	0.15518	0.10614	0.14433	0.21509	0.03538	0.03538	0.19056	0.19056	0.09528	0.16604	0.25396	0.20491	0.13066	0.0	0.03538	0.03538	0.07076	0.14152	0.19056	0.14152	0.10614	0.13066	0.11981	0.0	0.16604	0.2368	0.03538	0.11981	0.03538	0.03538	0.07076	0.0	0.13066	0.19056	0.03538	0.03538	0.10963	0.09528	0.10614	0.10614	0.07076	0.03538	0.0599	0.11981	0.09528	0.15518	0.03538	0.03538	0.03538	0.11981	0.0599	0.16604	0.09528	0.1769	0.09528	0.14152	0.09528	0.13066	0.20142
0.0966	0.07847	0.14089	0.07045	0.11474	0.10463	0.13079	0.12534	0.19321	0.05232	0.13079	0.12276	0.20381	0.21134	0.14892	0.21976	0.10721	0.07847	0.07045	0.05232	0.05232	0.05232	0.14892	0.10463	0.13079	0.20124	0.13079	0.07045	0.15695	0.10463	0.12276	0.02616	0.07045	0.05232	0.02616	0.07847	0.10463	0.16705	0.07847	0.12276	0.18568	0.08105	0.15695	0.07847	0.12276	0.0966	0.10463	0.19321	0.13079	0.07847	0.14089	0.07847	0.05232	0.1831	0.05232	0.0966	0.15695	0.12276	0.05232	0.12276	0.16705	0.10463	0.15902	0.20124
0.11444	0.08377	0.1504	0.10312	0.0752	0.02792	0.02792	0.17599	0.12248	0.35443	0.0	0.12248	0.10312	0.08377	0.2256	0.22835	0.16172	0.18689	0.05585	0.02792	0.0	0.16754	0.16754	0.02792	0.08377	0.13961	0.15897	0.04728	0.05585	0.13961	0.13105	0.0	0.04728	0.02792	0.08377	0.05585	0.10312	0.1338	0.08377	0.10312	0.05585	0.08652	0.05585	0.0752	0.08377	0.02792	0.02792	0.13105	0.05585	0.05585	0.3008	0.08377	0.08377	0.08377	0.11444	0.0	0.08377	0.15897	0.05585	0.2256	0.16754	0.08377	0.20625	0.13105
0.05528	0.11686	0.21949	0.11686	0.15161	0.06158	0.06158	0.20059	0.12479	0.06158	0.03475	0.07581	0.15161	0.06158	0.11686	0.18209	0.14531	0.10263	0.04105	0.09633	0.0821	0.11686	0.17844	0.04105	0.11686	0.12316	0.10465	0.11686	0.0821	0.10263	0.10263	0.15791	0.15161	0.12316	0.16421	0.07581	0.0	0.15161	0.14531	0.19266	0.12316	0.11056	0.24794	0.18636	0.04105	0.10263	0.0821	0.11056	0.15791	0.06158	0.14359	0.18007	0.04105	0.12316	0.18636	0.04105	0.02053	0.22151	0.11686	0.06158	0.13738	0.04105	0.09003	0.10263
0.10266	0.13046	0.20533	0.14973	0.07487	0.10266	0.10266	0.07761	0.1134	0.05834	0.24386	0.13046	0.07487	0.13046	0.13046	0.33895	0.11393	0.13046	0.0	0.13899	0.14973	0.10266	0.07487	0.0834	0.12193	0.07487	0.07487	0.04707	0.0	0.13046	0.0556	0.0278	0.13046	0.0	0.14173	0.23313	0.0556	0.14973	0.0834	0.0556	0.07487	0.08614	0.15826	0.0556	0.11119	0.07487	0.11119	0.29093	0.12193	0.11119	0.20754	0.0	0.17753	0.18606	0.10266	0.0278	0.0278	0.04707	0.10266	0.11119	0.0834	0.0	0.13046	0.0556
0.14079	0.0	0.14079	0.14079	0.14079	0.0	0.0	0.19843	0.19843	0.0	0.0	0.14079	0.14079	0.0	0.22395	0.51373	0.3153	0.0	0.14079	0.0	0.0	0.28158	0.08315	0.0	0.0	0.0	0.14079	0.14079	0.0	0.08315	0.08315	0.0	0.14079	0.0	0.14079	0.0	0.0	0.14079	0.0	0.0	0.0	0.17451	0.0	0.0	0.08315	0.0	0.0	0.14079	0.14079	0.0	0.19843	0.0	0.14079	0.0	0.0	0.0	0.0	0.0	0.08315	0.08315	0.0	0.0	0.14079	0.0
0.0485	0.1058	0.1543	0.0485	0.1543	0.07715	0.05729	0.06836	0.17416	0.02865	0.17416	0.17416	0.09701	0.0	0.1058	0.26293	0.06012	0.11459	0.02865	0.0	0.05729	0.07715	0.1058	0.05729	0.1543	0.17416	0.23145	0.12565	0.02865	0.1543	0.20281	0.11459	0.09701	0.05729	0.1543	0.18577	0.05729	0.11686	0.21387	0.08594	0.1058	0.17471	0.08594	0.23428	0.14324	0.08594	0.1058	0.1058	0.1058	0.08594	0.20281	0.0	0.0485	0.07715	0.11459	0.13445	0.05729	0.07715	0.12565	0.08594	0.09701	0.05729	0.16537	0.17416
0.09435	0.12774	0.14545	0.1199	0.22209	0.171	0.0511	0.13761	0.16316	0.0511	0.12774	0.0511	0.09435	0.10219	0.14545	0.21677	0.10471	0.10219	0.0	0.12774	0.07664	0.20438	0.12774	0.17883	0.19654	0.15329	0.02555	0.09435	0.10219	0.0511	0.15329	0.07664	0.09435	0.10219	0.02555	0.07664	0.0511	0.171	0.0511	0.07664	0.0511	0.07916	0.0511	0.07664	0.22209	0.17883	0.10219	0.1887	0.171	0.171	0.13761	0.15329	0.07664	0.10219	0.0	0.0	0.0511	0.17883	0.02555	0.07664	0.17883	0.171	0.09435	0.12774
0.2426	0.06227	0.23952	0.19884	0.14612	0.06227	0.0934	0.11238	0.13657	0.03113	0.03113	0.12454	0.11499	0.0934	0.13657	0.26418	0.15874	0.0934	0.06227	0.06227	0.0934	0.03113	0.18681	0.0	0.15567	0.15567	0.12454	0.08385	0.15567	0.17726	0.20839	0.06227	0.11499	0.06227	0.03113	0.0934	0.0	0.17726	0.14612	0.12454	0.0934	0.15874	0.12454	0.06227	0.0934	0.20839	0.03113	0.05272	0.15567	0.06227	0.11238	0.06227	0.06227	0.06227	0.0	0.12454	0.14612	0.0934	0.12454	0.14612	0.0934	0.15567	0.10543	0.06227
0.20431	0.03589	0.09665	0.09665	0.13253	0.03589	0.0	0.09364	0.23719	0.03589	0.09665	0.0	0.09665	0.07177	0.16842	0.2656	0.14709	0.15741	0.03589	0.15741	0.03589	0.1112	0.16842	0.14355	0.10766	0.10766	0.21886	0.06076	0.03589	0.09665	0.09665	0.09665	0.13253	0.03589	0.07177	0.10766	0.03589	0.20431	0.03589	0.03589	0.03589	0.14709	0.03589	0.26507	0.15741	0.14355	0.10766	0.2402	0.1112	0.06076	0.20484	0.07177	0.0	0.0	0.07177	0.0	0.14355	0.03589	0.1933	0.14355	0.07177	0.14355	0.09665	0.13253
0.10003	0.11101	0.07294	0.07294	0.20837	0.05417	0.05417	0.15687	0.22488	0.02709	0.16251	0.13543	0.14589	0.02709	0.07294	0.20221	0.06463	0.1896	0.0	0.11101	0.08126	0.10003	0.11101	0.1381	0.16518	0.13543	0.05417	0.10003	0.02709	0.13543	0.07294	0.18396	0.10003	0.12712	0.12712	0.08393	0.05417	0.15687	0.18129	0.05417	0.12712	0.15687	0.16251	0.09172	0.07294	0.08126	0.21935	0.20006	0.02709	0.12979	0.09776	0.20273	0.07294	0.0	0.05417	0.05417	0.12712	0.08126	0.07294	0.13543	0.22715	0.02709	0.14589	0.1542
0.11655	0.0	0.26309	0.07327	0.07327	0.11655	0.0	0.14654	0.21982	0.0	0.07327	0.0	0.07327	0.0	0.20737	0.26736	0.09082	0.15982	0.07327	0.04328	0.0	0.17654	0.04328	0.0	0.0	0.15982	0.24981	0.26309	0.07327	0.23309	0.11655	0.07327	0.07327	0.04328	0.29309	0.18982	0.07327	0.07327	0.11655	0.07327	0.0	0.09082	0.0	0.04328	0.04328	0.0	0.07327	0.18982	0.10327	0.04328	0.14654	0.0	0.07327	0.0	0.0	0.0	0.18982	0.14654	0.15982	0.08655	0.11655	0.14654	0.07327	0.07327
0.08358	0.03104	0.14566	0.11462	0.08358	0.05255	0.06207	0.2297	0.07406	0.23876	0.12414	0.18868	0.1051	0.06207	0.13613	0.28485	0.09617	0.0	0.03104	0.17669	0.0	0.11462	0.12414	0.06207	0.06207	0.09311	0.17669	0.08358	0.0	0.15518	0.17669	0.09311	0.11462	0.0	0.03104	0.09311	0.03104	0.1982	0.12414	0.12414	0.12414	0.1272	0.09311	0.14566	0.09311	0.06207	0.15518	0.21079	0.09311	0.03104	0.27226	0.06207	0.11462	0.09311	0.03104	0.03104	0.12414	0.11462	0.12414	0.15764	0.03104	0.03104	0.20773	0.11462
0.11077	0.09814	0.18624	0.0881	0.0881	0.06542	0.03271	0.16616	0.24162	0.03271	0.09814	0.12081	0.11077	0.0	0.15352	0.19613	0.11077	0.16356	0.0	0.09814	0.06542	0.03271	0.19627	0.0	0.12081	0.09814	0.23221	0.05539	0.06542	0.12081	0.20891	0.12081	0.12081	0.03271	0.10136	0.13408	0.0	0.11077	0.14349	0.06542	0.18624	0.16679	0.14349	0.15352	0.13085	0.06542	0.06865	0.12081	0.16616	0.0881	0.24162	0.12081	0.03271	0.03271	0.03271	0.0	0.09814	0.12081	0.10136	0.06542	0.11077	0.20891	0.20891	0.0881
0.1605	0.0	0.10091	0.10091	0.10091	0.0298	0.10091	0.07111	0.18116	0.2474	0.0894	0.11005	0.05045	0.0894	0.08025	0.2412	0.09233	0.0596	0.0298	0.10091	0.0	0.23839	0.1605	0.0	0.0596	0.0298	0.1903	0.10091	0.0	0.0298	0.11005	0.08025	0.10091	0.08025	0.18781	0.1605	0.0	0.13071	0.08025	0.08025	0.13985	0.16344	0.10091	0.18116	0.0298	0.08025	0.05045	0.28264	0.0894	0.05045	0.38962	0.13071	0.0298	0.0298	0.08025	0.0298	0.0298	0.0596	0.13071	0.0298	0.10091	0.08025	0.21096	0.0596
0.12101	0.06383	0.14977	0.1621	0.17189	0.0	0.06383	0.27996	0.1621	0.03191	0.03191	0.13998	0.05403	0.03191	0.13998	0.2512	0.09889	0.05403	0.03191	0.0	0.05403	0.24805	0.18169	0.06383	0.19402	0.17189	0.15292	0.08595	0.06383	0.11786	0.13998	0.08595	0.08595	0.08595	0.03191	0.0	0.03191	0.13019	0.06383	0.05403	0.06383	0.12101	0.09574	0.13998	0.11786	0.11786	0.03191	0.11786	0.08595	0.10807	0.24805	0.06697	0.15957	0.23572	0.03191	0.05403	0.06383	0.08595	0.17189	0.11786	0.08595	0.08595	0.13998	0.19402
0.07084	0.04184	0.25436	0.14168	0.07084	0.07084	0.04184	0.09984	0.28336	0.11268	0.15452	0.12552	0.14168	0.0	0.11268	0.22949	0.0878	0.08368	0.14168	0.11268	0.04184	0.25436	0.15452	0.04184	0.21252	0.14168	0.25436	0.07084	0.07084	0.04184	0.08368	0.07084	0.14168	0.0	0.19636	0.12552	0.07084	0.11268	0.0	0.0	0.21252	0.0878	0.0	0.11268	0.04184	0.14168	0.11268	0.20048	0.11268	0.04184	0.25436	0.11268	0.07084	0.0	0.04184	0.07084	0.07084	0.04184	0.12552	0.04184	0.07084	0.07084	0.07084	0.0
0.25627	0.04013	0.10807	0.06794	0.25627	0.04013	0.22845	0.12434	0.16447	0.06794	0.0	0.04013	0.10807	0.06794	0.21614	0.16842	0.08421	0.06794	0.0	0.0	0.0	0.04013	0.08025	0.0	0.08025	0.0	0.18832	0.17601	0.10807	0.18832	0.10807	0.18832	0.1482	0.1482	0.04013	0.04013	0.0	0.13588	0.0	0.0	0.0	0.08421	0.1482	0.08025	0.15215	0.04013	0.08025	0.24395	0.12038	0.08025	0.23241	0.04013	0.0	0.21614	0.0	0.06794	0.16051	0.08025	0.21614	0.08025	0.08025	0.0	0.21614	0.10807
0.10555	0.17302	0.15053	0.08306	0.16612	0.06057	0.12804	0.13672	0.15274	0.13494	0.04498	0.22668	0.06057	0.12804	0.10555	0.19951	0.13716	0.12804	0.04498	0.04498	0.10555	0.04498	0.20241	0.13025	0.06747	0.04498	0.15743	0.10555	0.04498	0.20241	0.1817	0.06747	0.12804	0.04498	0.02249	0.10555	0.0	0.20419	0.10555	0.08996	0.04498	0.11467	0.20419	0.14363	0.11245	0.04498	0.10555	0.16612	0.02249	0.12804	0.21109	0.0	0.04498	0.04498	0.12114	0.06747	0.10555	0.14363	0.06747	0.13494	0.19551	0.08996	0.17523	0.15965
0.0722	0.04264	0.11485	0.15749	0.22969	0.04264	0.04264	0.21661	0.17396	0.0722	0.0722	0.18705	0.11485	0.0	0.18705	0.27572	0.10176	0.11485	0.0	0.0	0.0	0.04264	0.0	0.0722	0.04264	0.0	0.18705	0.0722	0.18705	0.25925	0.0722	0.08529	0.1444	0.08529	0.04264	0.04264	0.0	0.21661	0.0	0.0	0.0722	0.17396	0.11485	0.11485	0.0722	0.0722	0.08529	0.21661	0.15749	0.04264	0.24617	0.04264	0.0	0.08529	0.0	0.0722	0.0722	0.22969	0.1444	0.1444	0.15749	0.0722	0.1444	0.08529
0.25934	0.04478	0.12059	0.07581	0.21015	0.04478	0.32669	0.13875	0.23272	0.0	0.0	0.12059	0.12059	0.0	0.16537	0.18794	0.09397	0.0	0.07581	0.07581	0.0	0.04478	0.08955	0.07581	0.08955	0.07581	0.13433	0.16978	0.04478	0.13433	0.04478	0.21015	0.16537	0.08955	0.12059	0.04478	0.0	0.07581	0.07581	0.0	0.0	0.09397	0.08955	0.08955	0.04478	0.12059	0.08955	0.12059	0.13433	0.13875	0.18352	0.04478	0.0	0.08955	0.07581	0.0	0.30412	0.08955	0.08955	0.13875	0.16537	0.0	0.24118	0.04478
0.15363	0.13909	0.22896	0.12753	0.20285	0.03766	0.03766	0.20656	0.2174	0.06376	0.0	0.0	0.20285	0.0	0.19129	0.37103	0.15363	0.16519	0.0	0.06376	0.12753	0.16519	0.07532	0.03766	0.16519	0.0	0.10143	0.12753	0.03766	0.16519	0.06376	0.13909	0.06376	0.07532	0.03766	0.10143	0.0	0.12753	0.0	0.12753	0.03766	0.08987	0.03766	0.0	0.0	0.06376	0.07532	0.12753	0.07532	0.10143	0.08987	0.07532	0.0	0.24051	0.10143	0.0	0.0	0.13909	0.0	0.28116	0.07532	0.06376	0.12753	0.10143
0.06192	0.32083	0.28425	0.12384	0.17164	0.03657	0.07314	0.12384	0.14919	0.0	0.03657	0.06192	0.13506	0.03657	0.19698	0.27303	0.22233	0.22233	0.06192	0.0	0.12384	0.09849	0.0	0.03657	0.09849	0.06192	0.16041	0.06192	0.09849	0.09849	0.19698	0.07314	0.18576	0.13506	0.16041	0.03657	0.0	0.18576	0.06192	0.0	0.12384	0.14919	0.09849	0.12384	0.06192	0.0	0.07314	0.06192	0.13506	0.03657	0.08727	0.03657	0.03657	0.13506	0.06192	0.0	0.06192	0.10971	0.16041	0.06192	0.17164	0.06192	0.12384	0.09849
0.12071	0.1673	0.21671	0.12071	0.13165	0.096	0.096	0.19552	0.08506	0.0	0.06036	0.1673	0.15636	0.0	0.18107	0.29084	0.12071	0.096	0.0	0.0	0.21671	0.03565	0.0	0.0	0.03565	0.03565	0.03565	0.06036	0.03565	0.25236	0.12071	0.13165	0.15636	0.07129	0.07129	0.07129	0.03565	0.19552	0.15636	0.06036	0.15636	0.08506	0.1673	0.03565	0.0	0.06036	0.07129	0.06036	0.13165	0.07129	0.09952	0.03565	0.07129	0.20294	0.07129	0.03565	0.12071	0.13165	0.03565	0.24142	0.1673	0.15636	0.13165	0.192
0.13975	0.13975	0.13975	0.23005	0.24166	0.03784	0.11352	0.20382	0.18132	0.16598	0.06407	0.10191	0.20382	0.0	0.24166	0.23451	0.21916	0.11725	0.0	0.10191	0.10191	0.16598	0.10191	0.03784	0.03784	0.12814	0.03784	0.10191	0.07568	0.1892	0.03784	0.07568	0.06407	0.07568	0.10191	0.10191	0.0	0.10191	0.06407	0.0	0.07568	0.11725	0.03784	0.0	0.03784	0.0	0.13975	0.06407	0.30573	0.07568	0.14348	0.03784	0.0	0.13975	0.03784	0.03784	0.03784	0.13975	0.03784	0.17759	0.13975	0.0	0.12814	0.13975
0.18106	0.16922	0.1039	0.19596	0.24638	0.1039	0.21963	0.18486	0.22344	0.06532	0.0	0.03858	0.1039	0.0	0.2078	0.16192	0.08096	0.0	0.0	0.0	0.0	0.03858	0.14248	0.0	0.2078	0.0	0.11574	0.1039	0.03858	0.24638	0.03858	0.11574	0.27312	0.07716	0.03858	0.03858	0.0	0.06532	0.0	0.0	0.0	0.08096	0.14248	0.07716	0.16922	0.03858	0.14248	0.1039	0.11574	0.07716	0.22344	0.03858	0.06532	0.2078	0.06532	0.0	0.21963	0.07716	0.14248	0.07716	0.14248	0.0	0.14248	0.03858
0.18782	0.04002	0.17554	0.06776	0.32335	0.04002	0.16008	0.12401	0.16403	0.0	0.0	0.04002	0.17554	0.06776	0.21557	0.16798	0.15175	0.06776	0.0	0.06776	0.0	0.10778	0.08004	0.0	0.08004	0.0	0.18782	0.10778	0.04002	0.12006	0.04002	0.18782	0.21557	0.08004	0.04002	0.04002	0.06776	0.06776	0.0	0.0	0.0	0.08399	0.28333	0.08004	0.17554	0.10778	0.08004	0.10778	0.18782	0.08004	0.16403	0.04002	0.06776	0.21557	0.0	0.06776	0.16008	0.08004	0.08004	0.1478	0.1478	0.0	0.21557	0.10778
0.16641	0.10217	0.17805	0.14011	0.10217	0.11381	0.0	0.25766	0.21973	0.07588	0.0	0.07588	0.10217	0.14011	0.24228	0.19717	0.11755	0.10217	0.03794	0.07588	0.0	0.14011	0.03794	0.23137	0.07588	0.12847	0.11381	0.06423	0.0	0.29186	0.10217	0.11381	0.14011	0.21598	0.0	0.0	0.0	0.06423	0.07588	0.03794	0.10217	0.15549	0.15175	0.10217	0.0	0.0	0.0	0.16641	0.03794	0.06423	0.18179	0.07588	0.10217	0.25392	0.11381	0.03794	0.07588	0.06423	0.10217	0.11381	0.14011	0.03794	0.12847	0.03794
0.16833	0.06498	0.18011	0.14173	0.16833	0.11513	0.0	0.22227	0.18389	0.11513	0.0	0.14173	0.06498	0.14173	0.20671	0.16108	0.14552	0.10336	0.0	0.03838	0.0	0.14173	0.03838	0.20671	0.11513	0.12996	0.07675	0.12996	0.0	0.29524	0.14173	0.11513	0.18011	0.21849	0.0	0.0	0.0	0.06498	0.14173	0.03838	0.14173	0.11892	0.15351	0.06498	0.0	0.0	0.0	0.16833	0.03838	0.10336	0.18389	0.07675	0.06498	0.18011	0.11513	0.03838	0.07675	0.06498	0.10336	0.18011	0.14173	0.03838	0.12996	0.03838
0.25365	0.05405	0.14555	0.09151	0.25365	0.05405	0.21618	0.16747	0.22151	0.0	0.0	0.05405	0.14555	0.0	0.1996	0.22684	0.11342	0.0	0.0	0.0	0.0	0.05405	0.10809	0.0	0.10809	0.0	0.25365	0.23706	0.05405	0.16214	0.05405	0.16214	0.1996	0.10809	0.05405	0.05405	0.0	0.09151	0.0	0.0	0.0	0.11342	0.10809	0.10809	0.05405	0.05405	0.10809	0.14555	0.16214	0.10809	0.22151	0.05405	0.0	0.10809	0.0	0.0	0.21618	0.10809	0.10809	0.10809	0.10809	0.0	0.1996	0.05405
0.09652	0.13236	0.19304	0.09652	0.27856	0.06068	0.12136	0.24341	0.14689	0.03584	0.0	0.03584	0.21788	0.07168	0.22887	0.24694	0.11105	0.07168	0.03584	0.03584	0.0	0.03584	0.0	0.14335	0.09652	0.07168	0.07168	0.12136	0.06068	0.36123	0.03584	0.09652	0.13236	0.20403	0.06068	0.06068	0.0	0.06068	0.06068	0.0	0.03584	0.11105	0.1682	0.07168	0.0	0.0	0.12136	0.09652	0.21788	0.09652	0.11105	0.03584	0.03584	0.26471	0.06068	0.03584	0.0	0.1572	0.09652	0.03584	0.1682	0.0	0.06068	0.03584
0.26187	0.04155	0.1119	0.07035	0.26535	0.04155	0.36682	0.12875	0.23717	0.0	0.0	0.04155	0.1119	0.0	0.15345	0.1744	0.18635	0.07035	0.0	0.0	0.0	0.04155	0.15345	0.0	0.0831	0.0	0.12465	0.24912	0.04155	0.12465	0.04155	0.12465	0.15345	0.0831	0.1119	0.04155	0.0	0.07035	0.0	0.0	0.0	0.0872	0.0831	0.0831	0.04155	0.04155	0.0831	0.2814	0.12465	0.14997	0.1703	0.04155	0.07035	0.0831	0.0	0.0	0.1662	0.0831	0.2238	0.14997	0.0831	0.0	0.15345	0.04155
0.21276	0.04533	0.19885	0.07676	0.21276	0.04533	0.18133	0.21723	0.1858	0.15351	0.0	0.04533	0.12209	0.0	0.16742	0.19027	0.09514	0.15351	0.07676	0.07676	0.0	0.12209	0.09067	0.07676	0.09067	0.0	0.21276	0.12209	0.04533	0.136	0.04533	0.136	0.24418	0.09067	0.04533	0.04533	0.07676	0.07676	0.0	0.0	0.0	0.09514	0.09067	0.09067	0.04533	0.12209	0.09067	0.2756	0.136	0.09067	0.26256	0.04533	0.07676	0.16742	0.0	0.0	0.18133	0.09067	0.09067	0.09067	0.16742	0.0	0.16742	0.04533
0.11273	0.06658	0.17931	0.11273	0.17931	0.0	0.11273	0.27289	0.20631	0.06658	0.0	0.06658	0.17931	0.0	0.24589	0.34604	0.20631	0.17931	0.06658	0.06658	0.0	0.06658	0.0	0.26633	0.0	0.0	0.13316	0.11273	0.0	0.19974	0.06658	0.06658	0.11273	0.06658	0.0	0.0	0.0	0.11273	0.0	0.0	0.06658	0.20631	0.06658	0.06658	0.0	0.0	0.0	0.22546	0.0	0.0	0.13973	0.17931	0.06658	0.19974	0.0	0.06658	0.0	0.0	0.0	0.17931	0.13316	0.11273	0.11273	0.06658
0.11803	0.11803	0.11803	0.14841	0.11803	0.0	0.0	0.17963	0.32804	0.11803	0.0	0.04383	0.11803	0.0	0.23606	0.30198	0.21001	0.16186	0.04383	0.04383	0.0	0.04383	0.14841	0.17531	0.0	0.16186	0.08765	0.0742	0.0	0.24951	0.04383	0.11803	0.14841	0.16186	0.0	0.0	0.0742	0.14841	0.0	0.0	0.04383	0.1358	0.04383	0.08765	0.0	0.0	0.0	0.14841	0.0742	0.04383	0.1358	0.04383	0.11803	0.20568	0.0	0.19224	0.0	0.0742	0.04383	0.04383	0.20568	0.0	0.14841	0.19224
0.20267	0.04318	0.1163	0.07312	0.20267	0.04318	0.17274	0.13381	0.32323	0.0	0.0	0.04318	0.1163	0.0	0.2326	0.18125	0.09063	0.07312	0.07312	0.0	0.07312	0.04318	0.08637	0.0	0.15949	0.07312	0.20267	0.1163	0.04318	0.12955	0.04318	0.20267	0.15949	0.15949	0.04318	0.18942	0.0	0.07312	0.0	0.0	0.0	0.16375	0.08637	0.15949	0.04318	0.1163	0.08637	0.18942	0.12955	0.15949	0.25011	0.04318	0.0	0.08637	0.07312	0.07312	0.17274	0.08637	0.15949	0.08637	0.15949	0.0	0.15949	0.04318
0.04069	0.18488	0.18725	0.06472	0.12944	0.18725	0.06472	0.19462	0.16322	0.09613	0.12253	0.0721	0.21819	0.0721	0.17751	0.14893	0.07446	0.12016	0.02403	0.0	0.13682	0.09613	0.04069	0.0721	0.16085	0.0721	0.15347	0.12944	0.12944	0.0721	0.0721	0.08875	0.2446	0.08875	0.15347	0.10541	0.08875	0.11278	0.19416	0.16085	0.09613	0.06472	0.08875	0.06472	0.04806	0.14419	0.21819	0.17013	0.11515	0.08875	0.10541	0.04806	0.16322	0.08875	0.12016	0.11278	0.0721	0.13181	0.04806	0.09613	0.08875	0.04806	0.08138	0.21866
0.15316	0.02844	0.16469	0.07658	0.16189	0.05687	0.10502	0.11655	0.20411	0.14218	0.02844	0.19593	0.16189	0.0	0.04815	0.23693	0.24127	0.04815	0.02844	0.1816	0.08531	0.08531	0.16189	0.07658	0.02844	0.07658	0.10502	0.10502	0.05687	0.02844	0.15951	0.05687	0.07658	0.02844	0.08531	0.05687	0.07658	0.28124	0.1844	0.10782	0.15316	0.14779	0.19313	0.15078	0.02844	0.07658	0.07658	0.10502	0.02844	0.05967	0.12473	0.05687	0.12473	0.07658	0.10502	0.10502	0.10502	0.10502	0.22156	0.05687	0.22437	0.02844	0.16469	0.06786
0.14151	0.07953	0.10907	0.1386	0.2272	0.07953	0.36312	0.16566	0.15349	0.1886	0.02953	0.10907	0.1386	0.02953	0.15907	0.20058	0.05	0.10907	0.0	0.11813	0.05906	0.07953	0.11813	0.11813	0.11813	0.0	0.02953	0.17104	0.05906	0.0886	0.16813	0.11813	0.19766	0.02953	0.12954	0.02953	0.14766	0.10907	0.1886	0.02953	0.0886	0.07953	0.05906	0.14766	0.05906	0.14766	0.11813	0.07953	0.19766	0.14151	0.20058	0.0	0.02953	0.0886	0.02953	0.0886	0.11813	0.0886	0.05906	0.10907	0.11813	0.02953	0.15001	0.0
0.14744	0.06154	0.1444	0.20594	0.25804	0.15385	0.06154	0.11106	0.14744	0.11363	0.06154	0.17517	0.16573	0.03077	0.08287	0.18706	0.11363	0.11363	0.03077	0.06154	0.09231	0.12308	0.15629	0.03077	0.11363	0.09231	0.17517	0.11363	0.03077	0.06154	0.1444	0.0521	0.0521	0.06154	0.03077	0.08287	0.06154	0.1965	0.09231	0.09231	0.15385	0.1444	0.03077	0.26748	0.09231	0.1965	0.06154	0.08287	0.12308	0.06154	0.14744	0.18765	0.18461	0.06154	0.17517	0.06154	0.16573	0.03077	0.06154	0.15385	0.11363	0.03077	0.10419	0.12308
0.19694	0.03656	0.19694	0.06191	0.09847	0.03656	0.32076	0.07673	0.33558	0.03656	0.0	0.10969	0.12381	0.06191	0.12381	0.13864	0.12381	0.13503	0.09847	0.07313	0.07313	0.0	0.18282	0.16038	0.16038	0.03656	0.13503	0.22229	0.07313	0.13503	0.23351	0.09847	0.09847	0.07313	0.07313	0.09847	0.0	0.19694	0.13503	0.07313	0.0	0.18572	0.13503	0.23351	0.03656	0.07313	0.03656	0.06191	0.03656	0.06191	0.1133	0.0	0.07313	0.12381	0.0	0.13503	0.13503	0.06191	0.07313	0.03656	0.07313	0.0	0.13503	0.03656
0.14495	0.12629	0.07247	0.07247	0.09938	0.08073	0.20916	0.1103	0.30081	0.02691	0.0	0.07247	0.19051	0.09938	0.12629	0.1476	0.05647	0.12629	0.0	0.10764	0.0	0.07247	0.29815	0.17186	0.22568	0.15321	0.07247	0.09113	0.02691	0.10764	0.05382	0.13455	0.18012	0.10764	0.02691	0.05382	0.0	0.11804	0.09938	0.05382	0.04556	0.14495	0.15321	0.19051	0.05382	0.07247	0.05382	0.09938	0.16146	0.12629	0.18277	0.09938	0.04556	0.17186	0.09938	0.15321	0.11804	0.16146	0.08073	0.05382	0.17186	0.0	0.11804	0.05382
0.16887	0.28852	0.09617	0.04409	0.17686	0.12221	0.23408	0.17686	0.1093	0.08818	0.1302	0.15625	0.18435	0.05208	0.2104	0.14283	0.12221	0.19235	0.05208	0.02604	0.02604	0.12221	0.21839	0.12221	0.07013	0.07812	0.1302	0.09874	0.09617	0.02604	0.24443	0.09617	0.10673	0.04409	0.14026	0.07013	0.02604	0.09617	0.07013	0.02604	0.07013	0.04409	0.09617	0.07013	0.07812	0.05208	0.11422	0.07013	0.13227	0.15082	0.2029	0.1743	0.02604	0.11422	0.09617	0.0	0.05208	0.11422	0.15625	0.08069	0.12221	0.02604	0.1663	0.07812
0.09198	0.15834	0.13311	0.06637	0.09198	0.07839	0.11158	0.07733	0.13912	0.20355	0.07839	0.15233	0.16436	0.0196	0.13311	0.20704	0.08596	0.15834	0.05278	0.05879	0.08596	0.09198	0.23674	0.08596	0.09198	0.17794	0.12953	0.07238	0.07839	0.15233	0.15077	0.05879	0.08596	0.0196	0.07839	0.15077	0.12516	0.16436	0.13874	0.05879	0.19754	0.09198	0.11158	0.13117	0.09799	0.0392	0.13719	0.09198	0.07839	0.08596	0.18589	0.09198	0.07238	0.22471	0.13874	0.06637	0.09799	0.11759	0.15077	0.13311	0.15834	0.07238	0.21112	0.07238
0.09467	0.20508	0.13808	0.16371	0.26626	0.05127	0.10254	0.11816	0.10507	0.07691	0.07691	0.07691	0.19722	0.09467	0.12031	0.22323	0.18197	0.17158	0.02564	0.0	0.02564	0.07691	0.27412	0.15381	0.12818	0.07691	0.12031	0.17158	0.07691	0.13808	0.20508	0.10254	0.13808	0.05127	0.18148	0.12818	0.02564	0.12031	0.07691	0.02564	0.10254	0.10507	0.02564	0.10254	0.10254	0.07691	0.07691	0.16624	0.20508	0.05127	0.08681	0.05127	0.05127	0.17945	0.07691	0.07691	0.07691	0.12818	0.07691	0.05127	0.10254	0.07691	0.13021	0.10254
0.18209	0.13381	0.19084	0.1053	0.2106	0.08554	0.08554	0.19365	0.15358	0.05703	0.02851	0.12506	0.07679	0.02851	0.13381	0.23954	0.17389	0.05703	0.0	0.05703	0.13381	0.11405	0.25888	0.02851	0.07679	0.1053	0.1053	0.1053	0.02851	0.21935	0.12506	0.1053	0.1053	0.05703	0.02851	0.05703	0.02851	0.04828	0.11405	0.02851	0.05703	0.07679	0.11405	0.19084	0.16233	0.1053	0.13381	0.16233	0.02851	0.05703	0.25013	0.14537	0.05703	0.19084	0.07679	0.02851	0.09655	0.13381	0.19084	0.05703	0.11405	0.05703	0.18209	0.05703
0.14376	0.22429	0.06369	0.10373	0.08733	0.0473	0.16741	0.11331	0.15335	0.06369	0.02365	0.12057	0.11098	0.1229	0.15335	0.16974	0.06369	0.11098	0.0473	0.11098	0.07094	0.08733	0.26433	0.07094	0.17467	0.0473	0.15102	0.11331	0.11824	0.08733	0.07094	0.07094	0.10373	0.07094	0.09459	0.09459	0.02365	0.11331	0.177	0.02365	0.0473	0.08733	0.16061	0.12057	0.19151	0.13463	0.11098	0.19832	0.20065	0.11098	0.23343	0.0473	0.02365	0.07094	0.08733	0.06369	0.1297	0.07094	0.11098	0.11098	0.2079	0.08733	0.24069	0.07094
0.1116	0.05089	0.09396	0.04308	0.18793	0.05089	0.12721	0.16248	0.08616	0.15266	0.07633	0.16248	0.09647	0.12721	0.06852	0.25556	0.12191	0.09396	0.07633	0.02544	0.09396	0.10428	0.30733	0.07633	0.17029	0.18012	0.09396	0.18793	0.05089	0.02544	0.18061	0.04308	0.04308	0.11941	0.07633	0.06852	0.07633	0.11941	0.19573	0.11941	0.05089	0.06071	0.10177	0.16248	0.1781	0.22118	0.10177	0.04308	0.05089	0.07633	0.18263	0.02544	0.02544	0.07633	0.10177	0.02544	0.1116	0.15266	0.02544	0.17029	0.19573	0.10177	0.15468	0.09396
0.20774	0.14432	0.1066	0.1066	0.13546	0.0	0.05773	0.22935	0.09774	0.02886	0.05773	0.14432	0.07774	0.05773	0.13831	0.28993	0.1183	0.19319	0.02886	0.05773	0.02886	0.11546	0.23376	0.08659	0.05773	0.05773	0.08659	0.07774	0.14432	0.1183	0.2249	0.05773	0.07774	0.08659	0.0	0.08659	0.05773	0.13546	0.02886	0.20489	0.17318	0.13546	0.02886	0.1066	0.19319	0.08659	0.05773	0.2249	0.11546	0.05773	0.21604	0.02886	0.05773	0.08659	0.0	0.02886	0.14432	0.02886	0.16717	0.08659	0.14717	0.02886	0.1066	0.19888
0.10778	0.10778	0.04941	0.0786	0.16615	0.05837	0.11673	0.21556	0.13696	0.08755	0.02918	0.10778	0.04941	0.05837	0.21556	0.18638	0.10778	0.11673	0.02918	0.05837	0.09043	0.13696	0.11673	0.08755	0.08755	0.05837	0.14592	0.04941	0.02918	0.08755	0.08755	0.08755	0.0786	0.02918	0.11673	0.20429	0.02918	0.09882	0.13696	0.19533	0.08755	0.16615	0.25658	0.16615	0.11673	0.05837	0.11673	0.18638	0.05837	0.11673	0.28288	0.05837	0.08755	0.08755	0.14592	0.05837	0.20429	0.11673	0.02918	0.02918	0.19533	0.02918	0.21556	0.08755
0.14248	0.10977	0.24457	0.09242	0.09242	0.05005	0.11745	0.10257	0.22002	0.14248	0.05005	0.11992	0.0674	0.07508	0.1348	0.09489	0.04237	0.17717	0.05005	0.10257	0.09242	0.0	0.1001	0.05005	0.14248	0.26239	0.18012	0.04237	0.0674	0.17518	0.05005	0.07508	0.22722	0.14248	0.0	0.07508	0.0	0.17717	0.15262	0.09242	0.11992	0.11745	0.1276	0.14494	0.09242	0.07508	0.15982	0.14248	0.02503	0.05005	0.26239	0.05005	0.04237	0.12513	0.09242	0.07508	0.19499	0.07508	0.07508	0.05005	0.11745	0.21755	0.14494	0.02503
0.06055	0.14208	0.17235	0.12109	0.17235	0.0	0.12109	0.12109	0.09082	0.15137	0.1118	0.0	0.0938	0.06055	0.03027	0.08153	0.0	0.12109	0.03027	0.03027	0.05126	0.03027	0.09082	0.09082	0.15137	0.12109	0.12109	0.14208	0.06055	0.17235	0.06055	0.06055	0.09082	0.06055	0.2329	0.12109	0.09082	0.03027	0.15137	0.26615	0.09082	0.05126	0.20561	0.03027	0.18164	0.18462	0.03027	0.2329	0.16306	0.03027	0.15435	0.03027	0.09082	0.20561	0.14208	0.09082	0.08153	0.12109	0.03027	0.12109	0.27486	0.0	0.20262	0.12109
0.07037	0.30587	0.20032	0.07037	0.14421	0.0	0.10556	0.21111	0.03519	0.10556	0.14421	0.07037	0.18952	0.03519	0.0	0.14074	0.0	0.10556	0.07037	0.07037	0.09476	0.07037	0.03519	0.07037	0.14074	0.03519	0.14074	0.12995	0.0	0.1794	0.03519	0.07037	0.17593	0.03519	0.2355	0.14074	0.07037	0.03519	0.10556	0.2355	0.0	0.09476	0.18952	0.03519	0.0	0.20032	0.14074	0.20032	0.21458	0.07037	0.05957	0.03519	0.14074	0.09476	0.1794	0.14074	0.10556	0.07037	0.10556	0.03519	0.18952	0.0	0.09476	0.10556
0.09889	0.16106	0.17232	0.03672	0.13561	0.0	0.11015	0.11015	0.13561	0.06217	0.13561	0.03672	0.17232	0.0	0.09889	0.09889	0.0	0.13561	0.03672	0.11015	0.06217	0.07344	0.0	0.03672	0.14687	0.07344	0.28248	0.13561	0.0	0.13561	0.03672	0.07344	0.07344	0.07344	0.24576	0.11015	0.13561	0.09889	0.14687	0.25703	0.06217	0.09889	0.17232	0.07344	0.09889	0.17232	0.09889	0.18721	0.17232	0.11015	0.06217	0.03672	0.20904	0.09889	0.17232	0.11015	0.13561	0.06217	0.03672	0.03672	0.20904	0.03672	0.20904	0.13561
0.0313	0.11868	0.0313	0.10599	0.15959	0.0313	0.1252	0.1782	0.0626	0.15959	0.14999	0.1252	0.13729	0.0	0.0626	0.0626	0.0626	0.053	0.0939	0.0	0.0313	0.0843	0.28479	0.1782	0.13729	0.1156	0.06569	0.1565	0.10599	0.21259	0.2095	0.13729	0.0843	0.0	0.2408	0.1156	0.1252	0.09699	0.1565	0.0939	0.0626	0.1782	0.2938	0.1156	0.1469	0.1156	0.13729	0.0939	0.15899	0.0313	0.0626	0.0626	0.0626	0.1252	0.0939	0.0626	0.1782	0.0843	0.0626	0.0939	0.0313	0.0939	0.0939	0.12829
0.0	0.11112	0.03586	0.08557	0.10758	0.03586	0.10758	0.21517	0.03586	0.25456	0.25456	0.14344	0.28974	0.07172	0.03586	0.07172	0.07172	0.09658	0.07172	0.10758	0.07172	0.1573	0.14698	0.03586	0.06072	0.07172	0.14698	0.07172	0.14629	0.18284	0.26488	0.27588	0.03586	0.03586	0.07172	0.12144	0.07172	0.18284	0.10758	0.03586	0.10758	0.13244	0.10758	0.07172	0.07172	0.14344	0.03586	0.03586	0.11112	0.07172	0.07172	0.0	0.10758	0.07172	0.03586	0.0	0.20416	0.10758	0.03586	0.10758	0.1793	0.14344	0.10758	0.14698
0.03348	0.18033	0.13391	0.15712	0.12364	0.06696	0.10044	0.15712	0.0	0.20353	0.11337	0.10044	0.11337	0.0	0.10044	0.23435	0.06696	0.15712	0.06696	0.06696	0.0	0.11337	0.21381	0.06696	0.12364	0.0	0.14685	0.06696	0.14685	0.14685	0.1906	0.18033	0.03348	0.03348	0.03348	0.1906	0.10044	0.14685	0.10044	0.03348	0.03348	0.12364	0.10044	0.06696	0.22408	0.1906	0.06696	0.06696	0.31144	0.10044	0.09016	0.03348	0.06696	0.06696	0.20087	0.13391	0.18033	0.10044	0.0	0.03348	0.10044	0.0	0.06696	0.14685
0.04951	0.14852	0.08772	0.04951	0.16646	0.04951	0.11984	0.15749	0.07875	0.12825	0.02924	0.09901	0.07875	0.17776	0.02924	0.13722	0.07875	0.18673	0.02924	0.07875	0.04951	0.02924	0.23624	0.02924	0.0	0.15749	0.17776	0.02924	0.08772	0.17544	0.18673	0.0	0.17776	0.07875	0.0	0.09901	0.09901	0.14908	0.04951	0.04951	0.26548	0.02924	0.12825	0.07875	0.10799	0.15749	0.07875	0.22727	0.09901	0.09901	0.0	0.02924	0.05848	0.12825	0.17776	0.12825	0.02924	0.07875	0.12825	0.24521	0.14011	0.02924	0.17531	0.26548
0.04015	0.14416	0.0803	0.06386	0.0803	0.0803	0.09674	0.20075	0.04015	0.19393	0.12045	0.0	0.02371	0.13007	0.18431	0.06386	0.0	0.0803	0.04015	0.12045	0.06386	0.12045	0.21037	0.02371	0.21719	0.20075	0.3071	0.02371	0.04015	0.14416	0.14416	0.0	0.1606	0.12045	0.12045	0.18431	0.02371	0.12045	0.0	0.12045	0.20075	0.04015	0.0	0.10401	0.12045	0.04015	0.22446	0.20354	0.12045	0.12045	0.13689	0.02371	0.09674	0.10401	0.06386	0.04015	0.06386	0.12045	0.10401	0.15378	0.10401	0.02371	0.08992	0.2409
0.09376	0.17926	0.17926	0.15789	0.05757	0.07894	0.12995	0.10243	0.14307	0.13862	0.05757	0.13036	0.1217	0.20275	0.10688	0.17311	0.06413	0.17926	0.02138	0.15133	0.10899	0.06413	0.14518	0.10032	0.1217	0.26646	0.26857	0.02138	0.07894	0.1217	0.15789	0.02138	0.15133	0.05757	0.02138	0.12825	0.05757	0.14307	0.10032	0.11514	0.15133	0.10032	0.13651	0.1217	0.07894	0.10032	0.12995	0.22623	0.15789	0.07894	0.13651	0.04275	0.10032	0.0855	0.06413	0.07894	0.05757	0.07894	0.06413	0.13036	0.09376	0.0855	0.08972	0.14518
0.04079	0.13716	0.04079	0.08897	0.13716	0.04818	0.12976	0.14646	0.06488	0.20441	0.04079	0.19273	0.02409	0.09874	0.08897	0.11544	0.08897	0.12976	0.07227	0.08158	0.02409	0.04818	0.19702	0.07227	0.11306	0.10567	0.22804	0.07227	0.13716	0.13716	0.15385	0.04818	0.17055	0.11306	0.04818	0.12046	0.04818	0.13953	0.09637	0.14646	0.17055	0.02409	0.04818	0.08897	0.11306	0.02409	0.21874	0.23088	0.14692	0.16125	0.14646	0.04818	0.13716	0.04818	0.04818	0.06488	0.08897	0.11306	0.08897	0.16362	0.2285	0.04818	0.13751	0.26883
0.0	0.1325	0.05198	0.13998	0.15849	0.02599	0.08053	0.14795	0.05198	0.19982	0.05198	0.1325	0.06999	0.19775	0.044	0.19195	0.07796	0.15051	0.0	0.09598	0.05198	0.05198	0.20779	0.05198	0.05198	0.09598	0.23104	0.09598	0.07796	0.0	0.09598	0.05198	0.15051	0.10651	0.02599	0.1765	0.02599	0.10651	0.1325	0.18448	0.09598	0.02599	0.05198	0.14795	0.09598	0.09598	0.09598	0.2756	0.13998	0.12196	0.05198	0.12196	0.12994	0.08053	0.12196	0.09598	0.0	0.09598	0.07796	0.17176	0.22848	0.05198	0.24431	0.22848
0.08254	0.21439	0.10162	0.10162	0.11277	0.05503	0.11277	0.1482	0.05503	0.18687	0.02751	0.21386	0.08254	0.13184	0.05503	0.15936	0.10162	0.13184	0.0	0.10162	0.12913	0.11006	0.15936	0.05503	0.0741	0.16509	0.23617	0.05503	0.02751	0.10162	0.12069	0.0	0.20595	0.1678	0.02751	0.02751	0.02751	0.13184	0.09317	0.11277	0.0741	0.02751	0.14029	0.15936	0.08254	0.05503	0.10162	0.27213	0.12069	0.12913	0.17572	0.02751	0.05503	0.17572	0.05503	0.10162	0.02751	0.1482	0.05503	0.13184	0.18687	0.02751	0.16207	0.23293
0.05996	0.18031	0.11132	0.12676	0.17989	0.02226	0.21801	0.14219	0.06679	0.12895	0.08906	0.09125	0.0	0.09125	0.06679	0.20215	0.12676	0.17348	0.08906	0.05996	0.11132	0.0377	0.10669	0.06679	0.11132	0.19355	0.22021	0.08906	0.08906	0.06679	0.12676	0.02226	0.15122	0.09125	0.02226	0.11352	0.0377	0.06899	0.15122	0.13578	0.14902	0.04453	0.10449	0.17129	0.08906	0.11132	0.08223	0.19794	0.11992	0.07539	0.02226	0.06679	0.10449	0.04453	0.13359	0.10449	0.08906	0.12676	0.17129	0.19575	0.19794	0.08223	0.17568	0.25165
0.05367	0.11772	0.02684	0.09911	0.11772	0.05367	0.17139	0.09911	0.08051	0.15544	0.08051	0.05632	0.02684	0.13683	0.05367	0.17139	0.08051	0.06404	0.02684	0.12595	0.0	0.05367	0.23595	0.05367	0.02684	0.08051	0.39352	0.10735	0.02684	0.08051	0.16367	0.08051	0.1286	0.05632	0.14455	0.14455	0.02684	0.05632	0.13948	0.13683	0.12595	0.13419	0.11	0.11	0.02684	0.02684	0.13632	0.21176	0.18227	0.11	0.13419	0.05367	0.02684	0.02684	0.10735	0.04544	0.05367	0.15279	0.11772	0.13683	0.29176	0.11	0.18492	0.15544
0.05983	0.20316	0.11047	0.11047	0.20316	0.0	0.18243	0.13121	0.02991	0.17325	0.08974	0.05983	0.08974	0.11342	0.08974	0.31364	0.08056	0.1226	0.0	0.08056	0.05983	0.05065	0.17325	0.14039	0.0	0.11047	0.23603	0.08974	0.05983	0.11047	0.08056	0.02991	0.19398	0.09269	0.13121	0.14039	0.05065	0.08974	0.05983	0.1226	0.16112	0.0	0.11965	0.11965	0.08974	0.05983	0.11047	0.33732	0.05065	0.05065	0.08974	0.11965	0.11965	0.11965	0.08974	0.08056	0.0	0.08056	0.05983	0.15252	0.08056	0.02991	0.12555	0.23308
0.04715	0.16985	0.02785	0.10285	0.1613	0.0557	0.25561	0.10285	0.10285	0.24485	0.02785	0.15001	0.02785	0.05845	0.0557	0.142	0.075	0.18915	0.02785	0.15855	0.13925	0.0557	0.30055	0.19495	0.02785	0.1114	0.1919	0.075	0.08355	0.1114	0.075	0.0557	0.1613	0.05845	0.0557	0.1114	0.02785	0.09431	0.12216	0.11415	0.15855	0.02785	0.1114	0.13925	0.0557	0.1114	0.075	0.21975	0.10285	0.12216	0.0557	0.15855	0.0557	0.1114	0.08355	0.04715	0.0557	0.10285	0.0557	0.13345	0.14146	0.02785	0.23905	0.16931
0.0772	0.20235	0.1158	0.09058	0.0598	0.0579	0.1177	0.10395	0.0579	0.23503	0.0965	0.14446	0.0772	0.0791	0.09058	0.16968	0.07128	0.20235	0.03268	0.09058	0.07128	0.0386	0.16968	0.07128	0.0386	0.27363	0.22356	0.0579	0.0193	0.16185	0.14255	0.0	0.18306	0.137	0.0386	0.07128	0.07128	0.17523	0.0984	0.0984	0.19453	0.0386	0.0791	0.0791	0.07128	0.0772	0.16777	0.13298	0.06535	0.12325	0.0772	0.0386	0.1351	0.13663	0.12325	0.15593	0.0772	0.07128	0.12325	0.18306	0.13071	0.0579	0.22356	0.18269
0.07682	0.19373	0.05705	0.13387	0.08838	0.05705	0.20474	0.16239	0.10534	0.22506	0.02852	0.09659	0.02852	0.05986	0.07682	0.10815	0.11409	0.19373	0.05705	0.04829	0.05705	0.07682	0.2793	0.11409	0.0	0.05705	0.25359	0.13387	0.02852	0.05705	0.15364	0.02852	0.19373	0.08838	0.16239	0.05705	0.02852	0.09659	0.14488	0.1652	0.07682	0.0	0.11691	0.11691	0.05705	0.04829	0.04829	0.30188	0.21068	0.12511	0.04829	0.05705	0.05705	0.08557	0.11409	0.13387	0.02852	0.07682	0.05705	0.13668	0.11636	0.0	0.21631	0.17341
0.06954	0.17538	0.02582	0.09537	0.05419	0.0	0.21118	0.19866	0.16491	0.09791	0.0	0.06954	0.11327	0.12374	0.02582	0.18536	0.06954	0.2012	0.0	0.06954	0.02582	0.05165	0.32444	0.16491	0.12119	0.10329	0.19583	0.06954	0.02582	0.15494	0.06954	0.07747	0.2012	0.1833	0.05165	0.10329	0.0	0.06954	0.06954	0.14956	0.11327	0.06954	0.17283	0.13909	0.05165	0.05165	0.14701	0.20375	0.06954	0.16491	0.06954	0.06954	0.05165	0.19073	0.04372	0.08744	0.07747	0.17283	0.05165	0.10584	0.16491	0.0	0.14163	0.17538
0.05685	0.16448	0.04222	0.09907	0.12874	0.04222	0.17264	0.15592	0.15592	0.13689	0.04222	0.07148	0.0	0.13689	0.05685	0.158	0.08444	0.19207	0.02111	0.12018	0.06333	0.08444	0.32041	0.08444	0.04222	0.07796	0.22989	0.05685	0.04222	0.20462	0.05685	0.02111	0.14337	0.12226	0.0	0.06333	0.0	0.11841	0.13481	0.17096	0.12018	0.08444	0.12874	0.12874	0.05685	0.02111	0.18351	0.18767	0.16448	0.07148	0.18351	0.02111	0.12018	0.06333	0.09907	0.09907	0.08444	0.09907	0.08444	0.18559	0.15416	0.04222	0.19093	0.21101
0.15027	0.27674	0.10558	0.15027	0.10818	0.05279	0.21585	0.15027	0.09748	0.10008	0.05279	0.07108	0.04469	0.19756	0.07918	0.10818	0.02639	0.17926	0.02639	0.11577	0.10558	0.02639	0.31333	0.12387	0.07918	0.15836	0.20826	0.08179	0.02639	0.10558	0.12387	0.02639	0.20566	0.13457	0.0	0.02639	0.0	0.07108	0.07108	0.10818	0.11577	0.0	0.17666	0.15027	0.05279	0.0	0.14217	0.26105	0.11577	0.11577	0.07918	0.04469	0.0	0.09748	0.16856	0.04469	0.05279	0.09748	0.10558	0.12647	0.14217	0.02639	0.14477	0.13407
0.06436	0.21744	0.0239	0.11216	0.09795	0.07169	0.26713	0.12872	0.15262	0.16231	0.0239	0.14574	0.17652	0.13841	0.08826	0.05015	0.0	0.14574	0.0239	0.08826	0.0	0.0478	0.13841	0.08826	0.12872	0.0478	0.21246	0.15262	0.07169	0.0478	0.15262	0.06436	0.11451	0.16964	0.0478	0.11949	0.0	0.18621	0.13841	0.09795	0.13605	0.06436	0.12872	0.08093	0.0239	0.09559	0.23164	0.16466	0.13605	0.12872	0.0239	0.0	0.0239	0.14529	0.07169	0.17652	0.08826	0.22431	0.0239	0.07405	0.18621	0.0239	0.232	0.12139
0.1507	0.09253	0.03436	0.12689	0.18506	0.03436	0.25378	0.05817	0.03436	0.18845	0.03436	0.0	0.06872	0.13028	0.12689	0.05817	0.0	0.11635	0.03436	0.05817	0.0	0.0	0.16463	0.0	0.03436	0.03436	0.26705	0.16125	0.09253	0.05817	0.11635	0.09253	0.17452	0.1507	0.03436	0.06872	0.0	0.09253	0.03436	0.05817	0.09253	0.03436	0.1507	0.03436	0.11635	0.03436	0.12689	0.3769	0.19899	0.12689	0.05817	0.0	0.0	0.18506	0.0	0.1507	0.09253	0.16125	0.17452	0.10646	0.09253	0.03436	0.28098	0.17452
0.14413	0.10237	0.03801	0.14039	0.14039	0.03801	0.3417	0.06436	0.07977	0.14413	0.03801	0.06436	0.07603	0.07977	0.07603	0.06436	0.0	0.06436	0.10237	0.12872	0.0	0.0	0.18215	0.06436	0.03801	0.10237	0.2311	0.1558	0.03801	0.0	0.06436	0.10237	0.19308	0.10237	0.10237	0.07603	0.0	0.03801	0.10237	0.06436	0.10237	0.03801	0.10237	0.03801	0.0	0.10237	0.14039	0.28827	0.22016	0.18215	0.0	0.0	0.0	0.07603	0.06436	0.10237	0.2311	0.1784	0.06436	0.15955	0.16673	0.03801	0.31087	0.12872
0.09311	0.21019	0.03457	0.24476	0.18622	0.09311	0.25537	0.11708	0.09311	0.18963	0.03457	0.0	0.06915	0.07256	0.12768	0.05854	0.0	0.05854	0.03457	0.05854	0.0	0.0	0.2242	0.0	0.15165	0.03457	0.21019	0.10372	0.03457	0.11708	0.05854	0.03457	0.29269	0.09311	0.03457	0.06915	0.0	0.03457	0.03457	0.05854	0.09311	0.03457	0.15165	0.03457	0.11708	0.03457	0.18622	0.26219	0.20024	0.12768	0.05854	0.0	0.05854	0.18622	0.05854	0.09311	0.15165	0.16226	0.11708	0.10713	0.15165	0.03457	0.2242	0.11708
0.09336	0.09336	0.09336	0.12803	0.24543	0.03467	0.19737	0.0587	0.03467	0.13145	0.03467	0.0	0.12803	0.13145	0.12803	0.0587	0.0587	0.11739	0.03467	0.11739	0.0	0.0587	0.16612	0.0	0.03467	0.03467	0.26946	0.104	0.03467	0.0	0.0587	0.09336	0.23479	0.09336	0.03467	0.06934	0.0587	0.03467	0.03467	0.0587	0.09336	0.03467	0.26946	0.03467	0.11739	0.09336	0.12803	0.2629	0.25948	0.12803	0.0	0.0	0.0587	0.18673	0.0	0.15206	0.09336	0.1627	0.0587	0.16612	0.15206	0.03467	0.28351	0.17609
0.11774	0.11774	0.04372	0.16145	0.16145	0.04372	0.24889	0.07402	0.04372	0.16576	0.04372	0.0	0.08743	0.09174	0.08743	0.07402	0.0	0.07402	0.04372	0.07402	0.0	0.0	0.20948	0.0	0.04372	0.04372	0.33979	0.20517	0.04372	0.0	0.07402	0.04372	0.22206	0.11774	0.04372	0.08743	0.0	0.04372	0.04372	0.07402	0.11774	0.04372	0.11774	0.04372	0.0	0.04372	0.16145	0.33153	0.2532	0.16145	0.0	0.0	0.0	0.08743	0.0	0.11774	0.11774	0.20517	0.07402	0.13546	0.11774	0.04372	0.2835	0.14804
0.15219	0.09526	0.03537	0.13064	0.19053	0.03537	0.37217	0.05989	0.0923	0.13412	0.03537	0.0	0.07075	0.07423	0.07075	0.05989	0.08441	0.11978	0.03537	0.05989	0.0	0.0	0.22939	0.0	0.03537	0.03537	0.21505	0.22294	0.03537	0.0	0.05989	0.03537	0.17967	0.09526	0.09526	0.07075	0.0	0.03537	0.03537	0.05989	0.09526	0.03537	0.09526	0.03537	0.0	0.03537	0.13064	0.41255	0.20487	0.18757	0.0	0.0	0.05989	0.07075	0.0	0.09526	0.09526	0.16601	0.17967	0.16654	0.09526	0.03537	0.22939	0.11978
0.10175	0.10175	0.10175	0.13953	0.13953	0.03778	0.21509	0.12794	0.03778	0.27119	0.03778	0.0	0.07556	0.07929	0.07556	0.06397	0.0	0.19191	0.10175	0.12794	0.0	0.06397	0.18104	0.06397	0.03778	0.03778	0.29366	0.11334	0.03778	0.0	0.06397	0.03778	0.25588	0.10175	0.03778	0.07556	0.06397	0.03778	0.03778	0.06397	0.10175	0.03778	0.10175	0.03778	0.0	0.10175	0.13953	0.36978	0.21882	0.13953	0.06397	0.0	0.06397	0.13953	0.0	0.10175	0.10175	0.17731	0.06397	0.11707	0.16572	0.03778	0.24501	0.12794
0.10132	0.10132	0.03762	0.13894	0.13894	0.03762	0.21419	0.0637	0.16502	0.14265	0.03762	0.0	0.07524	0.07895	0.13894	0.0637	0.0	0.1274	0.10132	0.0637	0.0637	0.0	0.18028	0.0	0.10132	0.10132	0.29242	0.11287	0.03762	0.0	0.0637	0.10132	0.1911	0.16502	0.03762	0.18028	0.0	0.03762	0.03762	0.0637	0.10132	0.10132	0.10132	0.10132	0.0	0.10132	0.13894	0.34901	0.2179	0.20264	0.0637	0.0	0.0	0.07524	0.0637	0.16502	0.10132	0.17657	0.1274	0.11658	0.16502	0.03762	0.24397	0.1274
0.04576	0.10037	0.06865	0.10037	0.10739	0.04576	0.14613	0.10739	0.14613	0.17829	0.09153	0.1919	0.04576	0.11667	0.11441	0.22406	0.06865	0.10037	0.06163	0.03874	0.03874	0.04576	0.21001	0.0	0.02288	0.04576	0.23948	0.04576	0.06865	0.19892	0.14613	0.06865	0.14613	0.06163	0.04576	0.08451	0.02288	0.14613	0.16018	0.12325	0.08451	0.08451	0.12325	0.10739	0.16199	0.10739	0.03874	0.15767	0.10037	0.10037	0.19415	0.06865	0.02288	0.13729	0.10037	0.08451	0.04576	0.20776	0.02288	0.24694	0.16901	0.17604	0.21704	0.18488
0.0	0.0618	0.0	0.23311	0.16011	0.0	0.0618	0.1236	0.0618	0.24721	0.0983	0.16011	0.0	0.0871	0.0365	0.1236	0.0365	0.16011	0.0365	0.0983	0.0	0.0	0.14891	0.0618	0.0	0.0618	0.38201	0.0983	0.1236	0.1236	0.1236	0.0	0.18541	0.0618	0.0	0.0618	0.0	0.1236	0.0	0.0618	0.1236	0.0618	0.0983	0.0983	0.0618	0.0983	0.0618	0.35961	0.1236	0.0618	0.1236	0.0	0.0365	0.0618	0.0	0.16011	0.13481	0.18541	0.1236	0.14891	0.1236	0.0618	0.21071	0.19661
0.0	0.21041	0.19363	0.06518	0.22718	0.09681	0.11359	0.11359	0.14522	0.14018	0.04841	0.15457	0.07261	0.14761	0.0242	0.06518	0.13779	0.21041	0.04841	0.08939	0.09681	0.0	0.2854	0.162	0.0242	0.12102	0.17135	0.11359	0.09681	0.09681	0.26816	0.09681	0.13037	0.1862	0.07261	0.07261	0.0	0.09681	0.15457	0.13779	0.13779	0.0242	0.07261	0.07261	0.08939	0.04841	0.162	0.14257	0.11598	0.08939	0.07261	0.07261	0.07261	0.07261	0.0242	0.11359	0.09681	0.04098	0.04841	0.18859	0.13037	0.0242	0.18116	0.15255
0.0	0.2785	0.07221	0.07221	0.1362	0.0	0.06399	0.17124	0.07221	0.10167	0.07221	0.18983	0.02681	0.13671	0.10726	0.2335	0.18983	0.25168	0.05363	0.07221	0.02681	0.05363	0.20893	0.05363	0.0	0.02681	0.20841	0.02681	0.05363	0.08044	0.24346	0.05363	0.11761	0.07221	0.0454	0.05363	0.0	0.10167	0.12584	0.0908	0.17947	0.0908	0.05363	0.09903	0.12584	0.02681	0.07221	0.15794	0.09903	0.09903	0.10726	0.02681	0.05363	0.08044	0.12584	0.07221	0.02681	0.20841	0.11761	0.16353	0.2007	0.02681	0.15306	0.2724
0.09415	0.10627	0.03138	0.1159	0.10627	0.09415	0.07489	0.16903	0.09415	0.11899	0.08452	0.17866	0.08452	0.15037	0.1159	0.2318	0.20041	0.16903	0.03138	0.08452	0.06276	0.0	0.21314	0.14728	0.03138	0.09415	0.2753	0.06276	0.06276	0.1159	0.19078	0.03138	0.19078	0.1159	0.08452	0.06276	0.0	0.08452	0.17866	0.14728	0.05313	0.03138	0.06276	0.15691	0.03138	0.03138	0.05313	0.18485	0.17866	0.1159	0.08452	0.0	0.05313	0.06276	0.06276	0.1159	0.08452	0.1594	0.08452	0.09724	0.20351	0.09415	0.20351	0.22217
0.07413	0.23953	0.09884	0.11597	0.09126	0.0	0.14068	0.18252	0.02471	0.16783	0.04942	0.18252	0.02471	0.0937	0.02471	0.1331	0.04184	0.23195	0.07413	0.09126	0.06655	0.09884	0.18496	0.12356	0.07413	0.14827	0.2985	0.02471	0.14068	0.09126	0.18252	0.04942	0.17494	0.11597	0.12356	0.09884	0.07413	0.09126	0.11597	0.06655	0.1331	0.04942	0.09126	0.09126	0.11597	0.07413	0.14068	0.26911	0.09126	0.1507	0.07413	0.02471	0.04942	0.12356	0.09126	0.06655	0.04942	0.18252	0.07413	0.14312	0.15781	0.02471	0.14105	0.15023
0.11369	0.14727	0.11369	0.20412	0.14727	0.0	0.05685	0.17054	0.11369	0.22739	0.03357	0.0	0.09042	0.08012	0.09042	0.22739	0.09042	0.20412	0.03357	0.14727	0.11369	0.11369	0.20412	0.03357	0.11369	0.05685	0.29454	0.14727	0.0	0.05685	0.11369	0.05685	0.11369	0.05685	0.0	0.11369	0.0	0.05685	0.0	0.17054	0.09042	0.0	0.03357	0.0	0.0	0.09042	0.05685	0.27393	0.05685	0.11369	0.0	0.03357	0.03357	0.20412	0.09042	0.09042	0.06715	0.11369	0.0	0.30751	0.05685	0.05685	0.19381	0.20412
0.0	0.29884	0.17111	0.20479	0.10438	0.0	0.07069	0.05704	0.05704	0.17111	0.06737	0.05704	0.03369	0.11407	0.06737	0.12773	0.1581	0.2418	0.09072	0.09072	0.11407	0.05704	0.13742	0.03369	0.05704	0.11407	0.35255	0.09072	0.05704	0.0	0.23848	0.0	0.22814	0.11407	0.11407	0.05704	0.0	0.11407	0.05704	0.05704	0.17111	0.05704	0.09072	0.11407	0.05704	0.03369	0.05704	0.21781	0.11407	0.05704	0.0	0.0	0.06737	0.11407	0.05704	0.09072	0.12441	0.09072	0.14776	0.08039	0.14776	0.05704	0.16077	0.20479
0.05453	0.17348	0.10907	0.19581	0.08674	0.05453	0.10907	0.1636	0.0	0.1636	0.08674	0.15116	0.05453	0.07686	0.08674	0.1636	0.06442	0.14127	0.03221	0.08674	0.19581	0.0	0.13139	0.0	0.0	0.08674	0.22801	0.08674	0.0	0.14127	0.1636	0.05453	0.19581	0.05453	0.03221	0.08674	0.03221	0.12212	0.14127	0.10907	0.19581	0.0	0.15116	0.03221	0.0	0.08674	0.05453	0.20825	0.10907	0.08674	0.05453	0.0	0.09662	0.17348	0.06442	0.11895	0.17348	0.10907	0.03221	0.27266	0.14127	0.14127	0.17666	0.28255
0.06646	0.11582	0.08357	0.1405	0.22651	0.04179	0.09114	0.1405	0.0	0.11826	0.02468	0.30558	0.02468	0.05179	0.07404	0.11582	0.11582	0.2094	0.0	0.1405	0.1234	0.07404	0.14294	0.07404	0.06646	0.09114	0.12536	0.02468	0.1234	0.1234	0.04179	0.02468	0.08357	0.04179	0.09114	0.18986	0.02468	0.08908	0.16311	0.11582	0.09114	0.0	0.23922	0.07404	0.0	0.07404	0.15761	0.28587	0.18229	0.11582	0.09114	0.11582	0.02468	0.07404	0.04936	0.10825	0.04936	0.10825	0.07404	0.10115	0.14087	0.07404	0.275	0.23361
0.03694	0.21392	0.0	0.26148	0.15138	0.03694	0.11445	0.09947	0.09947	0.26512	0.06254	0.13641	0.09947	0.07751	0.13641	0.11445	0.09947	0.14005	0.0	0.16201	0.06254	0.12507	0.20259	0.03694	0.03694	0.16201	0.21756	0.03694	0.03694	0.0	0.06254	0.03694	0.14005	0.11445	0.09947	0.13641	0.0	0.03694	0.09947	0.11445	0.06254	0.0	0.07387	0.03694	0.0	0.0	0.19894	0.21756	0.32402	0.13641	0.06254	0.0	0.0	0.07387	0.0	0.06254	0.0	0.19894	0.0	0.14005	0.13641	0.0	0.21756	0.20259
0.04909	0.21457	0.10556	0.08554	0.10376	0.03086	0.08554	0.10376	0.10936	0.19814	0.15285	0.13642	0.09817	0.05648	0.01823	0.1164	0.14022	0.13462	0.09113	0.06731	0.1164	0.09817	0.21637	0.04909	0.05468	0.05468	0.2272	0.09113	0.05468	0.01823	0.09817	0.03645	0.1164	0.1164	0.05468	0.09817	0.0729	0.11487	0.18551	0.14022	0.16548	0.12199	0.1182	0.15989	0.10556	0.12199	0.07995	0.17467	0.13462	0.12903	0.20194	0.04909	0.03645	0.10376	0.21457	0.07995	0.08554	0.20194	0.03645	0.17847	0.14573	0.1164	0.23115	0.10556
0.02637	0.16841	0.09739	0.15013	0.15013	0.05274	0.10808	0.20547	0.02637	0.1791	0.12376	0.10548	0.02637	0.05534	0.07911	0.1791	0.02637	0.12376	0.0	0.09739	0.12376	0.07102	0.09999	0.09739	0.10548	0.09739	0.20496	0.05274	0.02637	0.09739	0.18669	0.02637	0.16841	0.12376	0.07911	0.10548	0.05274	0.05274	0.12376	0.07102	0.09739	0.14204	0.05274	0.0	0.02637	0.07102	0.14204	0.29477	0.19478	0.22115	0.05274	0.07911	0.09739	0.07911	0.10548	0.07102	0.05274	0.16841	0.0	0.13445	0.22115	0.02637	0.16342	0.31044
0.17483	0.11341	0.11341	0.14412	0.17483	0.0	0.16541	0.11341	0.12284	0.14715	0.03071	0.06142	0.09213	0.12587	0.11341	0.052	0.06142	0.14412	0.03071	0.08271	0.09213	0.11341	0.20857	0.09213	0.0	0.06142	0.25114	0.09213	0.08271	0.052	0.052	0.12284	0.10399	0.052	0.09213	0.09213	0.06142	0.12284	0.12284	0.1347	0.052	0.12284	0.14412	0.09213	0.0	0.09213	0.17483	0.2943	0.15658	0.14412	0.20554	0.09213	0.052	0.03071	0.06142	0.08271	0.09213	0.19612	0.11341	0.12587	0.1347	0.06142	0.19031	0.25114
0.06559	0.26311	0.06559	0.10433	0.12004	0.03874	0.12004	0.16992	0.10433	0.14689	0.0	0.07748	0.07748	0.14689	0.14307	0.12004	0.03874	0.14689	0.03874	0.10433	0.0	0.06559	0.14689	0.19751	0.03874	0.16992	0.26693	0.03874	0.03874	0.06559	0.10433	0.03874	0.14689	0.18563	0.03874	0.07748	0.0	0.03874	0.03874	0.12004	0.13118	0.03874	0.11622	0.14307	0.0	0.0	0.14307	0.29378	0.14307	0.16992	0.06559	0.0	0.10433	0.22055	0.0	0.06559	0.0	0.20866	0.06559	0.0813	0.20866	0.0	0.22819	0.14689
0.06586	0.2253	0.06586	0.10476	0.1864	0.0389	0.12054	0.13173	0.06586	0.1864	0.0	0.14367	0.0389	0.1475	0.10476	0.08164	0.06586	0.1475	0.0	0.06586	0.0	0.06586	0.1475	0.17063	0.0778	0.17063	0.22914	0.10476	0.0389	0.06586	0.13173	0.0389	0.1864	0.1864	0.0389	0.0778	0.0	0.0389	0.10476	0.12054	0.17063	0.0	0.1167	0.10476	0.0	0.0	0.14367	0.295	0.14367	0.20953	0.06586	0.0	0.06586	0.14367	0.0	0.06586	0.0	0.20953	0.06586	0.1475	0.20953	0.0	0.22914	0.1475
0.0	0.22343	0.06104	0.0971	0.27342	0.07566	0.21237	0.15814	0.03605	0.13671	0.0	0.07211	0.17276	0.07566	0.11172	0.17276	0.03605	0.07566	0.03605	0.0971	0.0	0.0	0.13671	0.14422	0.07566	0.03605	0.24843	0.0971	0.07566	0.18313	0.0971	0.07566	0.13671	0.15133	0.07566	0.11172	0.0	0.03605	0.0971	0.11172	0.06104	0.03605	0.14777	0.07211	0.0	0.0	0.21237	0.21237	0.27342	0.13671	0.0	0.0	0.03605	0.24487	0.06104	0.06104	0.0	0.21237	0.06104	0.07566	0.17276	0.0	0.15133	0.13671
0.0	0.23322	0.0	0.12319	0.14174	0.04574	0.21919	0.12319	0.04574	0.17344	0.0	0.09149	0.09149	0.096	0.09149	0.14174	0.04574	0.17344	0.04574	0.12319	0.0	0.0	0.17344	0.18297	0.04574	0.04574	0.31518	0.04574	0.04574	0.0	0.12319	0.04574	0.17344	0.14174	0.04574	0.09149	0.0	0.04574	0.04574	0.14174	0.07745	0.04574	0.13723	0.09149	0.0	0.0	0.16893	0.34689	0.16893	0.12319	0.0	0.07745	0.04574	0.18297	0.0	0.07745	0.0	0.16893	0.0	0.17344	0.16893	0.07745	0.19199	0.17344
0.0	0.24463	0.0	0.15799	0.11161	0.03602	0.11161	0.097	0.15799	0.19756	0.0	0.07204	0.07204	0.07559	0.13302	0.17259	0.097	0.13657	0.03602	0.097	0.0	0.0	0.25854	0.14407	0.03602	0.15799	0.24818	0.03602	0.03602	0.06098	0.097	0.097	0.19756	0.17259	0.03602	0.07204	0.06098	0.097	0.03602	0.11161	0.06098	0.03602	0.10805	0.07204	0.0	0.0	0.13302	0.27315	0.19401	0.097	0.0	0.0	0.097	0.18364	0.0	0.18295	0.0	0.19401	0.0	0.07559	0.19401	0.0	0.21216	0.21596
0.07652	0.13334	0.14206	0.07652	0.07652	0.05683	0.04811	0.10493	0.05683	0.27766	0.02841	0.07652	0.02841	0.20115	0.13334	0.19017	0.07652	0.13334	0.02841	0.07652	0.0	0.05683	0.22956	0.05683	0.0	0.05683	0.22956	0.02841	0.0	0.08524	0.04811	0.14206	0.12463	0.10493	0.08524	0.05683	0.05683	0.14486	0.10493	0.16176	0.07652	0.19017	0.02841	0.02841	0.05963	0.11365	0.15304	0.22084	0.13334	0.04811	0.12463	0.05683	0.02841	0.10493	0.11365	0.10493	0.11365	0.07652	0.05683	0.21858	0.22138	0.05683	0.25559	0.27766
0.04279	0.14319	0.08557	0.18597	0.14319	0.08557	0.12179	0.19424	0.0	0.15145	0.08557	0.17941	0.06418	0.14319	0.04279	0.10907	0.04279	0.2008	0.04279	0.16458	0.0	0.06418	0.15801	0.02139	0.14975	0.14975	0.21563	0.04279	0.08557	0.12836	0.14319	0.08557	0.09384	0.1004	0.04279	0.06418	0.08557	0.09384	0.13662	0.13662	0.12179	0.06418	0.13047	0.10907	0.12836	0.12836	0.14319	0.21563	0.22219	0.12179	0.10696	0.08557	0.08557	0.14975	0.12836	0.09384	0.04279	0.14319	0.04279	0.16458	0.21563	0.08557	0.16342	0.11523
0.03413	0.05779	0.09193	0.17338	0.05779	0.03413	0.05779	0.18386	0.14972	0.17338	0.0	0.09193	0.05779	0.20752	0.11559	0.09193	0.12606	0.20752	0.03413	0.09193	0.18386	0.14972	0.20752	0.09193	0.05779	0.14972	0.20752	0.05779	0.03413	0.14972	0.20752	0.06827	0.20752	0.05779	0.05779	0.09193	0.12606	0.1024	0.05779	0.05779	0.20752	0.03413	0.1024	0.03413	0.05779	0.12606	0.21799	0.17338	0.09193	0.12606	0.0	0.14972	0.1024	0.12606	0.09193	0.11559	0.09193	0.12606	0.05779	0.09193	0.11559	0.03413	0.20752	0.18386
0.14255	0.22196	0.0397	0.10285	0.0397	0.0794	0.0794	0.0794	0.1191	0.27117	0.19851	0.1191	0.0	0.08891	0.06315	0.18225	0.0794	0.19851	0.0	0.0397	0.15881	0.0794	0.16831	0.02345	0.0794	0.14255	0.19851	0.02345	0.0	0.10285	0.06315	0.0397	0.18225	0.0794	0.0397	0.10285	0.0397	0.0794	0.15881	0.0397	0.1191	0.0	0.1191	0.14255	0.0	0.0794	0.06315	0.25722	0.14255	0.1191	0.21476	0.06315	0.1191	0.18225	0.166	0.0794	0.0397	0.0397	0.14255	0.11236	0.14255	0.02345	0.24772	0.15881
0.03399	0.09153	0.0	0.09153	0.11509	0.10196	0.09153	0.15951	0.06797	0.21705	0.12552	0.03399	0.0	0.15951	0.12552	0.1393	0.03399	0.19349	0.0	0.05755	0.03399	0.12552	0.11509	0.10196	0.06797	0.03399	0.17264	0.0	0.03399	0.06797	0.09153	0.03399	0.11509	0.09153	0.06797	0.13595	0.06797	0.07133	0.10196	0.18306	0.12552	0.10196	0.12552	0.06797	0.10196	0.06797	0.19349	0.2746	0.12552	0.15951	0.20392	0.06797	0.06797	0.03399	0.24126	0.09153	0.10196	0.15951	0.06797	0.18306	0.19685	0.03399	0.21421	0.26417
0.0853	0.11049	0.10276	0.06784	0.0853	0.06784	0.0853	0.12795	0.04265	0.26611	0.0853	0.12795	0.04265	0.206	0.05038	0.15313	0.04265	0.04265	0.04265	0.17059	0.0	0.0853	0.22346	0.02519	0.06011	0.13568	0.34119	0.02519	0.0	0.11049	0.15313	0.0853	0.17059	0.0853	0.0	0.07557	0.0	0.0853	0.0853	0.17059	0.04265	0.0	0.04265	0.15313	0.0853	0.04265	0.11049	0.14837	0.04265	0.04265	0.25589	0.11049	0.0853	0.11049	0.11049	0.0853	0.12795	0.12795	0.11049	0.16335	0.11049	0.06784	0.26611	0.2307
0.04694	0.14083	0.18777	0.07467	0.1131	0.0	0.16004	0.09388	0.0	0.16058	0.04694	0.04694	0.02772	0.15207	0.09388	0.21549	0.09388	0.16004	0.04694	0.09388	0.02772	0.04694	0.15207	0.02772	0.0	0.07467	0.28165	0.02772	0.09388	0.30938	0.12161	0.04694	0.18777	0.04694	0.04694	0.07467	0.02772	0.04694	0.16855	0.21549	0.09388	0.04694	0.14083	0.04694	0.04694	0.04694	0.14083	0.25719	0.09388	0.04694	0.04694	0.07467	0.04694	0.07467	0.07467	0.04694	0.05545	0.26244	0.09388	0.10513	0.26244	0.09388	0.12434	0.18777
0.08068	0.14484	0.12101	0.06416	0.08068	0.0	0.08068	0.16135	0.04034	0.35619	0.04034	0.04034	0.02382	0.13067	0.1045	0.14484	0.08068	0.04034	0.08068	0.16135	0.02382	0.16135	0.29203	0.1045	0.04034	0.1045	0.28237	0.02382	0.0	0.14484	0.14484	0.12101	0.12101	0.04034	0.12101	0.1045	0.02382	0.08068	0.13753	0.08068	0.16135	0.08068	0.04034	0.14484	0.0	0.04034	0.22552	0.22101	0.09719	0.08068	0.12101	0.12101	0.0	0.06416	0.06416	0.08068	0.16135	0.04034	0.1045	0.11416	0.1045	0.02382	0.22787	0.12101
0.0	0.10914	0.21065	0.15127	0.08426	0.0	0.16852	0.12639	0.04213	0.20349	0.08426	0.08426	0.06701	0.1116	0.08426	0.13403	0.0	0.08426	0.0	0.08426	0.02488	0.0	0.09435	0.10914	0.10151	0.27766	0.25278	0.02488	0.08426	0.25278	0.10914	0.0	0.18577	0.21065	0.12639	0.02488	0.02488	0.08426	0.10914	0.1934	0.08426	0.08426	0.12639	0.12639	0.0	0.04213	0.15127	0.27296	0.08426	0.08426	0.10151	0.02488	0.12639	0.06701	0.02488	0.04213	0.13403	0.15127	0.04213	0.09435	0.23553	0.12639	0.15373	0.08426
0.09087	0.07227	0.13631	0.11771	0.13631	0.0	0.18175	0.04544	0.04544	0.21946	0.0	0.09087	0.07227	0.10175	0.07227	0.11771	0.0	0.09087	0.0	0.13631	0.02684	0.0	0.19263	0.02684	0.0	0.16315	0.29122	0.11771	0.04544	0.20858	0.16315	0.09087	0.16315	0.04544	0.09087	0.11771	0.02684	0.04544	0.13631	0.13631	0.09087	0.18175	0.13631	0.20858	0.0	0.13631	0.11771	0.24895	0.13631	0.09087	0.18175	0.07227	0.0	0.07227	0.07227	0.04544	0.02684	0.09087	0.11771	0.12859	0.20858	0.16315	0.16579	0.18175
0.04862	0.12596	0.14587	0.22321	0.04862	0.0	0.14587	0.14587	0.04862	0.18623	0.0	0.19449	0.02872	0.06027	0.04862	0.25192	0.09724	0.09724	0.0	0.04862	0.07734	0.0	0.20613	0.02872	0.04862	0.12596	0.21439	0.07734	0.04862	0.17458	0.12596	0.0	0.09724	0.09724	0.0	0.07734	0.12596	0.09724	0.17458	0.12596	0.09724	0.14587	0.09724	0.14587	0.0	0.09724	0.12596	0.21778	0.09724	0.09724	0.14587	0.02872	0.04862	0.12596	0.02872	0.04862	0.13477	0.27183	0.0	0.15751	0.17458	0.14587	0.17742	0.19449
0.02558	0.07675	0.10485	0.20466	0.10485	0.12006	0.02558	0.27607	0.18896	0.17122	0.10233	0.14564	0.07675	0.07675	0.12006	0.23024	0.14564	0.02558	0.07675	0.05116	0.0689	0.15349	0.18896	0.12006	0.05116	0.16337	0.0689	0.05369	0.12006	0.07675	0.07675	0.09448	0.12791	0.12006	0.14564	0.05116	0.12791	0.10233	0.13043	0.07675	0.05116	0.04331	0.19681	0.05116	0.1816	0.10233	0.14564	0.17122	0.1816	0.02558	0.11221	0.07675	0.12791	0.05116	0.0	0.14564	0.12006	0.10233	0.15601	0.04331	0.05116	0.12791	0.20718	0.17907
0.05643	0.11286	0.10421	0.04777	0.11286	0.10421	0.05643	0.32406	0.16064	0.20841	0.08743	0.0	0.02822	0.08465	0.07599	0.19975	0.15198	0.14108	0.08465	0.08465	0.07599	0.08465	0.34083	0.16064	0.08465	0.13242	0.10421	0.1802	0.10421	0.05643	0.11286	0.16064	0.05643	0.07599	0.13242	0.08465	0.02822	0.05643	0.10421	0.02822	0.02822	0.13242	0.07599	0.05643	0.16064	0.11286	0.05643	0.05643	0.16064	0.08465	0.16064	0.02822	0.02822	0.11286	0.08465	0.05643	0.10421	0.05643	0.15198	0.22573	0.02822	0.11286	0.08743	0.24807
0.05442	0.05442	0.14655	0.02721	0.10883	0.10049	0.10883	0.212	0.07328	0.12769	0.08163	0.07328	0.05442	0.08163	0.17376	0.14655	0.18211	0.10883	0.05442	0.10883	0.05442	0.0	0.22818	0.10049	0.05442	0.14655	0.25539	0.10049	0.20932	0.07328	0.21767	0.10049	0.05442	0.10049	0.18211	0.07328	0.02721	0.22035	0.22818	0.10049	0.10883	0.07328	0.0	0.10049	0.12769	0.10049	0.16325	0.05442	0.11934	0.0	0.12769	0.0	0.10883	0.10049	0.08163	0.02721	0.14655	0.08163	0.08431	0.20932	0.19314	0.13604	0.08431	0.13604
0.0	0.07064	0.19026	0.0	0.0	0.19026	0.0	0.19026	0.14826	0.11961	0.21193	0.0	0.0	0.0	0.28954	0.07064	0.11961	0.07064	0.07064	0.0	0.07064	0.07064	0.38051	0.2609	0.0	0.19026	0.0	0.11961	0.14826	0.07064	0.0	0.11961	0.07064	0.19026	0.2609	0.0	0.0	0.0	0.19026	0.21193	0.0	0.19026	0.07064	0.0	0.19026	0.07064	0.0	0.07064	0.11961	0.0	0.0	0.0	0.0	0.0	0.0	0.0	0.19026	0.07064	0.11961	0.0	0.07064	0.07064	0.0	0.14129
0.03433	0.06865	0.15057	0.13731	0.22975	0.05812	0.03433	0.19543	0.09245	0.11624	0.10298	0.06865	0.03433	0.13731	0.09245	0.06865	0.11624	0.03433	0.06865	0.03433	0.10298	0.10298	0.20869	0.21922	0.06865	0.21922	0.09245	0.09245	0.09245	0.18489	0.06865	0.1611	0.13731	0.09245	0.19881	0.03433	0.0	0.1611	0.14069	0.06865	0.06865	0.09245	0.10298	0.06865	0.21922	0.06865	0.06865	0.06865	0.1611	0.06865	0.19543	0.15057	0.0	0.06865	0.12677	0.10298	0.19543	0.26408	0.18489	0.0	0.13731	0.03433	0.06865	0.10298
0.03519	0.10556	0.16514	0.07038	0.16514	0.16514	0.07038	0.25991	0.16514	0.12995	0.14075	0.09477	0.03519	0.0	0.20033	0.03519	0.09477	0.10556	0.07038	0.07038	0.03519	0.07038	0.22472	0.16514	0.12995	0.09477	0.0	0.07385	0.16514	0.10556	0.10556	0.20033	0.07038	0.16514	0.09477	0.03519	0.07038	0.12995	0.22472	0.10556	0.03519	0.12995	0.20033	0.09477	0.12995	0.16514	0.03519	0.14075	0.18953	0.03519	0.07038	0.03519	0.10556	0.10556	0.0	0.07038	0.09477	0.07038	0.20033	0.17594	0.23552	0.03519	0.05958	0.05958
0.07578	0.07578	0.13994	0.03789	0.07578	0.25362	0.18946	0.13994	0.21573	0.10205	0.0	0.07578	0.07578	0.03789	0.13994	0.07578	0.17783	0.03789	0.07578	0.15157	0.10205	0.07578	0.21946	0.13994	0.03789	0.13994	0.11368	0.2041	0.10205	0.07578	0.07578	0.10205	0.03789	0.06416	0.25362	0.07578	0.03789	0.15157	0.16621	0.07578	0.07578	0.10205	0.26525	0.03789	0.13994	0.18946	0.11368	0.03789	0.07952	0.0	0.03789	0.07578	0.11368	0.07578	0.07578	0.0	0.17783	0.0	0.16621	0.07578	0.22735	0.15157	0.03789	0.15157
0.1073	0.08716	0.13636	0.17433	0.1073	0.1073	0.08716	0.18555	0.13636	0.13636	0.05811	0.14814	0.08716	0.08716	0.16541	0.1073	0.18555	0.0	0.02905	0.08716	0.05811	0.08716	0.24652	0.07825	0.19447	0.07825	0.05811	0.1073	0.19447	0.02905	0.11622	0.13636	0.02905	0.07825	0.13636	0.17433	0.02905	0.17719	0.151	0.11622	0.02905	0.19447	0.19447	0.11622	0.18555	0.08716	0.11622	0.1073	0.18555	0.14527	0.09839	0.02905	0.02905	0.05811	0.08716	0.05811	0.1073	0.08716	0.13636	0.11622	0.20625	0.14527	0.06097	0.13636
0.08608	0.08608	0.22356	0.05738	0.11477	0.14629	0.05738	0.26388	0.16335	0.1176	0.0	0.07727	0.05738	0.08608	0.16335	0.21193	0.12585	0.02869	0.05738	0.05738	0.05738	0.13465	0.25225	0.13465	0.05738	0.23236	0.17215	0.14574	0.07727	0.11477	0.05738	0.10596	0.13465	0.07727	0.13465	0.02869	0.02869	0.21193	0.16618	0.11477	0.05738	0.13465	0.13465	0.04858	0.13465	0.02869	0.13465	0.13465	0.0889	0.07727	0.17215	0.05738	0.02869	0.02869	0.02869	0.10596	0.13465	0.11477	0.22073	0.05738	0.19204	0.02869	0.07727	0.11477
0.15124	0.0	0.15124	0.09508	0.11231	0.20739	0.16847	0.15124	0.20739	0.20739	0.0	0.09508	0.0	0.05616	0.09508	0.15124	0.15124	0.11231	0.0	0.0	0.0	0.05616	0.24632	0.09508	0.0	0.09508	0.05616	0.20739	0.09508	0.11231	0.19016	0.09508	0.11231	0.09508	0.24632	0.0	0.05616	0.0	0.15124	0.15124	0.09508	0.24632	0.11231	0.09508	0.09508	0.05616	0.0	0.11231	0.17401	0.09508	0.0	0.09508	0.0	0.05616	0.0	0.0	0.09508	0.11231	0.26909	0.05616	0.26355	0.0	0.05616	0.09508
0.09249	0.03434	0.10302	0.10302	0.288	0.03434	0.16117	0.15063	0.09249	0.0	0.20605	0.03434	0.03434	0.12683	0.0	0.10302	0.0	0.03434	0.0	0.10302	0.0	0.13737	0.18497	0.03434	0.17171	0.12683	0.12683	0.26419	0.10302	0.15063	0.12683	0.17171	0.03434	0.0	0.06868	0.12683	0.16117	0.06868	0.10302	0.06868	0.03434	0.09249	0.13737	0.06868	0.10302	0.17171	0.06868	0.21931	0.10302	0.06868	0.13737	0.16117	0.03434	0.06868	0.12683	0.13737	0.24312	0.09249	0.19551	0.03434	0.16117	0.06868	0.09249	0.19551
0.09385	0.04472	0.0	0.2236	0.12044	0.04472	0.12044	0.27273	0.13857	0.08944	0.13416	0.2236	0.08944	0.12044	0.04472	0.0	0.0	0.0	0.04472	0.15143	0.08944	0.08944	0.16957	0.08944	0.12044	0.07572	0.12044	0.22801	0.04472	0.19615	0.08944	0.17888	0.04472	0.08944	0.04472	0.16516	0.13857	0.0	0.04472	0.13416	0.0	0.16516	0.07572	0.16516	0.13416	0.25459	0.08944	0.08944	0.08944	0.08944	0.04472	0.17888	0.08944	0.08944	0.07572	0.08944	0.07572	0.18329	0.12044	0.08944	0.20987	0.0	0.04472	0.20987
0.11229	0.07967	0.04706	0.23528	0.09875	0.0	0.09875	0.23902	0.2064	0.09411	0.12673	0.14117	0.09411	0.07967	0.0	0.0	0.09411	0.04706	0.09411	0.14117	0.12673	0.14117	0.19196	0.09411	0.09411	0.07967	0.19287	0.19196	0.04706	0.17379	0.0	0.18823	0.04706	0.09411	0.09411	0.09411	0.2064	0.04706	0.04706	0.09411	0.09411	0.17379	0.04706	0.09411	0.09411	0.14117	0.18823	0.07967	0.07967	0.09411	0.09411	0.23528	0.0	0.04706	0.09875	0.04706	0.07967	0.15935	0.07967	0.04706	0.22084	0.0	0.14117	0.23992
0.08503	0.16294	0.13035	0.11035	0.08776	0.11035	0.15294	0.15021	0.11762	0.08776	0.06517	0.09776	0.03259	0.15294	0.16294	0.06517	0.0	0.09776	0.0	0.0	0.11035	0.06517	0.23797	0.06517	0.09776	0.08776	0.14294	0.08503	0.07776	0.14294	0.09776	0.06517	0.19538	0.13035	0.08776	0.14294	0.15021	0.06517	0.20811	0.27329	0.0	0.14294	0.16294	0.11035	0.08776	0.13035	0.16552	0.07776	0.15615	0.06517	0.12035	0.06517	0.19552	0.06517	0.08776	0.03259	0.17552	0.11762	0.08776	0.06517	0.15294	0.0	0.14294	0.25329
0.12469	0.11371	0.05686	0.09627	0.1444	0.02843	0.13342	0.09627	0.12469	0.14214	0.10499	0.08528	0.0	0.04813	0.08528	0.08528	0.16184	0.07656	0.0	0.11371	0.05686	0.17057	0.22968	0.05686	0.17283	0.22968	0.20998	0.12469	0.05686	0.20998	0.05686	0.15312	0.0	0.05686	0.16184	0.199	0.06784	0.05686	0.15312	0.07656	0.13342	0.12469	0.08528	0.02843	0.11652	0.199	0.16184	0.13342	0.07656	0.14214	0.13342	0.14214	0.10499	0.05686	0.10499	0.05686	0.10499	0.06784	0.10499	0.13342	0.20998	0.05686	0.14214	0.20125
0.11567	0.04465	0.02637	0.17651	0.11567	0.05274	0.16842	0.21307	0.19479	0.07102	0.21307	0.12377	0.07911	0.12377	0.05274	0.12377	0.05274	0.0	0.07911	0.0	0.05274	0.15014	0.35511	0.05274	0.07911	0.15014	0.13395	0.19479	0.10549	0.14205	0.10549	0.15823	0.02637	0.07911	0.10549	0.02637	0.19479	0.04465	0.07911	0.13186	0.05274	0.09739	0.13186	0.05274	0.15823	0.07911	0.15823	0.07911	0.16032	0.05274	0.07911	0.13186	0.12377	0.17651	0.14205	0.0	0.15014	0.16032	0.11567	0.09739	0.07102	0.13186	0.05274	0.10758
0.14837	0.13773	0.02755	0.27243	0.12927	0.05509	0.10173	0.18655	0.14837	0.05509	0.05509	0.1129	0.08264	0.12927	0.05509	0.08264	0.02755	0.02755	0.05509	0.05509	0.07418	0.11018	0.22255	0.05509	0.08264	0.18708	0.20346	0.231	0.0	0.09328	0.12082	0.11018	0.02755	0.0	0.12927	0.05509	0.09328	0.08535	0.14837	0.05509	0.1129	0.17591	0.22036	0.05509	0.13199	0.05509	0.18437	0.08264	0.23946	0.05509	0.05509	0.0	0.05509	0.08264	0.07418	0.08264	0.12927	0.231	0.12927	0.02755	0.24217	0.02755	0.05509	0.20346
0.04553	0.08068	0.08068	0.16135	0.19863	0.08068	0.09932	0.27931	0.10757	0.07242	0.07242	0.13446	0.02689	0.05378	0.08068	0.10757	0.04553	0.09932	0.07242	0.07242	0.10757	0.10757	0.07242	0.17999	0.10757	0.12621	0.05378	0.09932	0.0	0.16135	0.12621	0.08068	0.02689	0.10757	0.13711	0.08068	0.07242	0.21727	0.05378	0.0	0.17174	0.05378	0.08068	0.08068	0.19863	0.1531	0.02689	0.10757	0.17174	0.05378	0.08333	0.1531	0.12621	0.20688	0.20688	0.05378	0.09932	0.13446	0.13446	0.17999	0.21727	0.08068	0.15085	0.23591
0.11033	0.0969	0.16847	0.12971	0.07752	0.07752	0.15658	0.18939	0.03876	0.07752	0.15658	0.08501	0.10871	0.05219	0.07157	0.16444	0.05814	0.11033	0.12971	0.12971	0.07752	0.15658	0.10439	0.0	0.18785	0.18191	0.07157	0.05219	0.03281	0.11033	0.05219	0.09095	0.11033	0.11628	0.07752	0.11819	0.10439	0.20129	0.18191	0.12971	0.1372	0.07752	0.20283	0.14909	0.05219	0.17596	0.12971	0.07752	0.13162	0.13566	0.12377	0.08501	0.11033	0.14909	0.0969	0.01938	0.12971	0.14909	0.01938	0.15504	0.28629	0.11033	0.14909	0.09881
0.11264	0.122	0.14314	0.0305	0.11264	0.0915	0.08214	0.20413	0.18299	0.061	0.17363	0.14314	0.0915	0.061	0.14314	0.16428	0.08214	0.22527	0.08214	0.0305	0.16428	0.05164	0.061	0.0915	0.14314	0.0915	0.11264	0.061	0.13378	0.14314	0.15249	0.14614	0.061	0.125	0.15249	0.0915	0.0	0.08214	0.16428	0.20413	0.25577	0.0915	0.0945	0.061	0.14314	0.11264	0.0305	0.0305	0.061	0.0305	0.11264	0.20413	0.061	0.061	0.0915	0.061	0.17363	0.14314	0.10328	0.0305	0.16428	0.061	0.20413	0.19477
0.15836	0.06749	0.12462	0.03374	0.22585	0.10123	0.06749	0.16872	0.03374	0.10123	0.16169	0.10123	0.10123	0.06749	0.10123	0.15836	0.10123	0.15836	0.09088	0.0	0.06749	0.10123	0.16872	0.13497	0.20514	0.06749	0.18175	0.06749	0.15836	0.06749	0.06749	0.15836	0.0	0.03374	0.06749	0.0	0.06749	0.16872	0.15836	0.1921	0.21549	0.10123	0.12462	0.10123	0.06749	0.12462	0.10123	0.06749	0.12462	0.06749	0.09088	0.18175	0.16872	0.13497	0.13497	0.06749	0.1921	0.12462	0.03374	0.06749	0.1921	0.10123	0.14801	0.1921
0.03305	0.0661	0.25426	0.09915	0.09915	0.1322	0.08901	0.09915	0.09915	0.08901	0.03305	0.1322	0.03305	0.09915	0.1322	0.05596	0.03305	0.15511	0.0661	0.0661	0.16525	0.09915	0.0661	0.15511	0.22121	0.03305	0.1322	0.0661	0.03305	0.12206	0.12206	0.05596	0.03305	0.09915	0.0661	0.08901	0.15511	0.0661	0.12206	0.18816	0.09915	0.09915	0.11192	0.0	0.25426	0.12206	0.11192	0.34327	0.12206	0.17802	0.18816	0.08901	0.1322	0.03305	0.0661	0.1322	0.03305	0.1322	0.1322	0.12206	0.17802	0.03305	0.0661	0.1983
0.06224	0.06224	0.14606	0.06224	0.27361	0.09643	0.22032	0.09336	0.08381	0.08381	0.0	0.03112	0.06224	0.17718	0.08381	0.118	0.06224	0.22032	0.03112	0.09336	0.03112	0.06531	0.09336	0.18979	0.3078	0.0	0.03112	0.11493	0.03112	0.12448	0.08381	0.11493	0.18024	0.15808	0.03112	0.08381	0.05269	0.0	0.06224	0.21137	0.06224	0.0	0.09336	0.03112	0.11493	0.14912	0.11493	0.29518	0.11493	0.15808	0.11493	0.03112	0.22987	0.03112	0.06224	0.08381	0.06224	0.06224	0.17718	0.11493	0.22032	0.0	0.06224	0.09336
0.02891	0.11565	0.10677	0.02891	0.05782	0.0	0.13569	0.08673	0.07786	0.22242	0.08673	0.11565	0.05782	0.02891	0.08673	0.17577	0.20238	0.10677	0.11565	0.08673	0.07786	0.08673	0.17347	0.20523	0.08959	0.11565	0.19351	0.08673	0.05782	0.11565	0.19351	0.10677	0.08673	0.08673	0.08673	0.1185	0.10677	0.11565	0.05782	0.07786	0.08673	0.05782	0.05782	0.12681	0.10677	0.07786	0.10677	0.24246	0.10677	0.12681	0.14741	0.05782	0.08673	0.14456	0.14456	0.0	0.02891	0.20238	0.08673	0.19351	0.23699	0.0	0.27137	0.1646
0.10058	0.12382	0.22441	0.06706	0.15735	0.16764	0.19088	0.12382	0.16764	0.15735	0.0	0.06706	0.0	0.03353	0.06706	0.12382	0.03353	0.15735	0.06706	0.03353	0.12382	0.06706	0.03353	0.05677	0.22441	0.06706	0.03353	0.13411	0.03353	0.06706	0.12382	0.05677	0.06706	0.03353	0.16764	0.22441	0.15735	0.06706	0.20117	0.12382	0.06706	0.06706	0.13411	0.03353	0.12382	0.22441	0.19088	0.28118	0.0903	0.18059	0.12382	0.03353	0.0	0.13411	0.03353	0.06706	0.0	0.06706	0.03353	0.05677	0.22771	0.15735	0.16764	0.10058
0.0	0.10659	0.1736	0.03958	0.13402	0.06701	0.24061	0.06701	0.07915	0.10659	0.03958	0.03958	0.1736	0.0	0.10659	0.1736	0.0	0.14616	0.03958	0.0	0.03958	0.0	0.11873	0.06701	0.13402	0.0	0.11873	0.06701	0.06701	0.1736	0.14616	0.13402	0.03958	0.18574	0.14616	0.13402	0.14616	0.03958	0.03958	0.10659	0.0	0.0	0.14616	0.03958	0.10659	0.10659	0.31976	0.1736	0.34719	0.24061	0.10659	0.03958	0.03958	0.13402	0.10659	0.07915	0.11873	0.13402	0.06701	0.06701	0.24061	0.03958	0.03958	0.07915
0.12587	0.0	0.24518	0.0944	0.17915	0.06293	0.11621	0.1888	0.12587	0.06604	0.12897	0.16044	0.12587	0.03147	0.06293	0.17915	0.03147	0.0975	0.06293	0.06293	0.0944	0.03147	0.15734	0.11621	0.11621	0.06293	0.03147	0.06293	0.12587	0.12587	0.14768	0.08475	0.06293	0.19191	0.0944	0.16044	0.11621	0.15734	0.0944	0.05328	0.16044	0.06293	0.12587	0.12587	0.05328	0.11621	0.14768	0.23243	0.14768	0.13802	0.14768	0.0	0.17915	0.06293	0.06293	0.06293	0.1888	0.15078	0.0	0.11621	0.29536	0.03147	0.0975	0.0975
0.03245	0.0	0.11985	0.0649	0.12981	0.03245	0.1523	0.16226	0.0649	0.0874	0.12981	0.0649	0.16226	0.0649	0.12981	0.10055	0.0649	0.18795	0.03245	0.09735	0.09735	0.18475	0.0649	0.18795	0.19791	0.0649	0.0649	0.0	0.09735	0.0	0.1523	0.1523	0.0	0.09735	0.0	0.0874	0.11985	0.09735	0.03245	0.23036	0.09735	0.0649	0.19471	0.0	0.2821	0.18475	0.0874	0.2397	0.2172	0.10989	0.16546	0.09735	0.09735	0.12981	0.19471	0.03245	0.0649	0.0649	0.03245	0.1523	0.19729	0.12981	0.03245	0.09735
0.03969	0.03969	0.10689	0.33285	0.19845	0.0	0.15876	0.0	0.0	0.10689	0.03969	0.10689	0.03969	0.03969	0.11907	0.07938	0.0	0.03969	0.03969	0.25347	0.25347	0.18627	0.07938	0.03969	0.15876	0.22596	0.07938	0.15876	0.03969	0.11907	0.18627	0.07938	0.07938	0.10689	0.07938	0.10689	0.03969	0.07938	0.07938	0.11907	0.14658	0.0	0.07938	0.14658	0.11907	0.11907	0.07938	0.07938	0.10689	0.0	0.15876	0.0	0.03969	0.18627	0.10689	0.03969	0.07938	0.03969	0.07938	0.19845	0.10689	0.11907	0.28098	0.15876
0.03727	0.0	0.14909	0.12622	0.13766	0.07455	0.03727	0.18637	0.14909	0.13766	0.03727	0.17493	0.07455	0.07455	0.07455	0.03727	0.0	0.17493	0.11182	0.23804	0.20077	0.06311	0.11182	0.0	0.07455	0.2122	0.03727	0.0	0.0	0.14909	0.13766	0.0	0.0	0.13766	0.11182	0.28675	0.03727	0.0	0.19004	0.11182	0.13766	0.03727	0.24948	0.17493	0.11182	0.11182	0.10038	0.07455	0.19004	0.0	0.07455	0.17493	0.11182	0.03727	0.24948	0.03727	0.10038	0.03727	0.03727	0.11182	0.17493	0.07455	0.14133	0.10038
0.0	0.03697	0.22473	0.42091	0.14787	0.03697	0.03697	0.07393	0.0	0.17349	0.0	0.06259	0.03697	0.07393	0.09956	0.07393	0.07393	0.0	0.03697	0.27304	0.16215	0.27304	0.0	0.07393	0.14787	0.24742	0.03697	0.1109	0.03697	0.07393	0.24742	0.1109	0.1109	0.09956	0.13652	0.13652	0.14787	0.07393	0.03697	0.0	0.09956	0.03697	0.17349	0.09956	0.07393	0.03697	0.1109	0.07393	0.09956	0.03697	0.07393	0.03697	0.07393	0.14787	0.06259	0.0	0.1109	0.03697	0.1109	0.0	0.13652	0.1109	0.19911	0.09956
0.10253	0.03418	0.17088	0.25244	0.17088	0.13671	0.13671	0.19457	0.03418	0.05787	0.10253	0.12622	0.06835	0.13671	0.20506	0.03418	0.0	0.03418	0.10253	0.12959	0.28662	0.27613	0.0	0.10253	0.17088	0.19457	0.06835	0.0	0.17088	0.13671	0.12622	0.03418	0.10253	0.20843	0.06835	0.16377	0.03418	0.03418	0.0	0.06835	0.09204	0.03418	0.10253	0.12622	0.03418	0.10253	0.06835	0.07172	0.17426	0.06835	0.0	0.06835	0.06835	0.13671	0.05787	0.03418	0.1604	0.17088	0.13671	0.10253	0.1604	0.06835	0.14991	0.06835
0.10136	0.16893	0.06757	0.18199	0.03379	0.10136	0.03379	0.10136	0.06757	0.15857	0.0	0.15857	0.0	0.03379	0.10136	0.23651	0.16893	0.13515	0.16893	0.24956	0.11441	0.12478	0.03379	0.06757	0.09099	0.18199	0.13515	0.03379	0.0	0.13515	0.19235	0.0	0.0	0.11441	0.0	0.09099	0.10136	0.03379	0.20272	0.10136	0.12478	0.03379	0.13515	0.19235	0.10136	0.06757	0.03379	0.10136	0.29371	0.10136	0.13515	0.06757	0.13515	0.10136	0.15857	0.12478	0.03379	0.06757	0.19235	0.13515	0.12478	0.0	0.19568	0.06757
0.03458	0.05855	0.13832	0.03458	0.23145	0.10374	0.1729	0.24547	0.12771	0.06916	0.12771	0.13832	0.06916	0.15168	0.05855	0.33519	0.13832	0.06916	0.13832	0.10374	0.0	0.16229	0.06916	0.16229	0.13832	0.06916	0.10374	0.10374	0.13832	0.12771	0.10374	0.05855	0.19687	0.03458	0.06916	0.16229	0.0	0.09313	0.16229	0.03458	0.03458	0.03458	0.16229	0.06916	0.15168	0.1729	0.06916	0.06916	0.12771	0.12771	0.18626	0.23145	0.10715	0.03458	0.09313	0.0	0.09313	0.06916	0.10715	0.12771	0.03458	0.12771	0.03458	0.09313
0.07289	0.12916	0.17221	0.08611	0.11595	0.04305	0.11595	0.17646	0.04305	0.0	0.1334	0.07289	0.04305	0.24935	0.17646	0.08611	0.11595	0.08611	0.04305	0.0	0.04305	0.21951	0.08611	0.09035	0.07289	0.0	0.12916	0.12916	0.04305	0.1334	0.0	0.34784	0.17646	0.04305	0.04305	0.14579	0.04305	0.1334	0.18884	0.07289	0.08611	0.07289	0.11595	0.159	0.11595	0.04305	0.12916	0.11595	0.159	0.11595	0.1334	0.20205	0.08611	0.0	0.11595	0.04305	0.2063	0.11595	0.17221	0.09035	0.11595	0.1334	0.159	0.04305
0.05735	0.1059	0.04855	0.08602	0.27795	0.0	0.05735	0.23168	0.02867	0.1147	0.13458	0.1059	0.1147	0.12578	0.1059	0.18313	0.26915	0.07723	0.07723	0.1059	0.07723	0.16325	0.1059	0.07723	0.16325	0.04855	0.05735	0.08602	0.0	0.17433	0.14337	0.1059	0.15445	0.04855	0.05735	0.07723	0.08602	0.1059	0.16325	0.17205	0.1059	0.02867	0.13458	0.08602	0.13458	0.13458	0.1147	0.1147	0.19193	0.0	0.07723	0.05735	0.1059	0.15445	0.07723	0.02867	0.2206	0.05735	0.08602	0.2118	0.08602	0.1059	0.08602	0.2206
0.02174	0.13883	0.16724	0.02174	0.19738	0.04348	0.06522	0.21953	0.16057	0.1539	0.11084	0.11709	0.06522	0.14765	0.19112	0.08696	0.16057	0.06522	0.02174	0.02174	0.12376	0.22793	0.12376	0.10417	0.10202	0.04348	0.12376	0.10202	0.04348	0.14765	0.04348	0.07361	0.14765	0.04348	0.02174	0.20619	0.06522	0.13883	0.17564	0.04348	0.04348	0.12376	0.1455	0.17391	0.05855	0.13043	0.08696	0.12376	0.18231	0.16057	0.20619	0.08029	0.06522	0.08696	0.13883	0.04348	0.12591	0.10869	0.13883	0.19779	0.10202	0.13216	0.13883	0.10202
0.02802	0.08406	0.21557	0.15953	0.12291	0.10349	0.02802	0.19891	0.235	0.13151	0.10349	0.05604	0.05604	0.17895	0.17895	0.20698	0.05604	0.08406	0.0	0.05604	0.08406	0.17895	0.13151	0.13151	0.15953	0.0	0.02802	0.02802	0.19615	0.10349	0.11209	0.15953	0.07547	0.10349	0.02802	0.235	0.07547	0.17895	0.13151	0.16813	0.05604	0.0	0.10349	0.11209	0.04744	0.15953	0.14011	0.05604	0.10349	0.02802	0.12291	0.0	0.14011	0.08406	0.04744	0.12291	0.09489	0.11209	0.10349	0.15953	0.08406	0.20698	0.08406	0.19615
0.04347	0.04347	0.0	0.04347	0.20829	0.0	0.11707	0.10373	0.0736	0.11707	0.09122	0.11707	0.0736	0.18245	0.09122	0.26426	0.11707	0.0736	0.0736	0.204	0.26426	0.09122	0.0736	0.09122	0.04347	0.0736	0.0736	0.1472	0.11707	0.09122	0.0736	0.09122	0.20829	0.0736	0.1472	0.09122	0.11707	0.20829	0.0736	0.0	0.11707	0.11707	0.0	0.0736	0.09122	0.0	0.23413	0.0736	0.13469	0.0	0.28189	0.0736	0.04347	0.11707	0.16482	0.0	0.09122	0.0	0.11707	0.32536	0.04347	0.09122	0.11707	0.0
0.04091	0.0	0.0	0.04091	0.11017	0.0	0.0	0.26125	0.08182	0.04091	0.13853	0.08182	0.16363	0.16688	0.17943	0.19199	0.12272	0.04091	0.04091	0.08182	0.12272	0.13853	0.12272	0.17943	0.08182	0.0	0.0	0.20454	0.0	0.26125	0.04091	0.19199	0.09762	0.0	0.08182	0.15108	0.0	0.10675	0.08182	0.08182	0.16363	0.04091	0.08182	0.04091	0.11017	0.20454	0.08182	0.04091	0.2329	0.04091	0.26125	0.12272	0.20454	0.08182	0.15108	0.04091	0.17943	0.04091	0.12272	0.09762	0.04091	0.13853	0.12272	0.16363
0.12011	0.29106	0.09008	0.12011	0.17095	0.03003	0.15014	0.17095	0.09008	0.06005	0.08087	0.05084	0.0	0.11386	0.13171	0.19176	0.08087	0.09008	0.05084	0.12011	0.06005	0.231	0.17095	0.09304	0.0	0.20098	0.06005	0.06005	0.11089	0.19176	0.06005	0.11089	0.231	0.03003	0.17095	0.14092	0.06005	0.19176	0.06005	0.0	0.03003	0.12011	0.18016	0.20098	0.14092	0.03003	0.12011	0.03003	0.14092	0.03003	0.11089	0.06005	0.12011	0.03003	0.17095	0.09008	0.09304	0.09008	0.17095	0.14092	0.14092	0.08087	0.09008	0.09008
0.08461	0.06283	0.16921	0.03142	0.08461	0.10638	0.11602	0.2224	0.1378	0.14744	0.20063	0.15708	0.06283	0.10638	0.16921	0.03142	0.11602	0.15708	0.0	0.06283	0.10638	0.11602	0.14744	0.2224	0.12566	0.06283	0.06593	0.16921	0.08461	0.08461	0.08461	0.11602	0.21276	0.11602	0.16921	0.1378	0.11602	0.15053	0.27559	0.11602	0.03142	0.09425	0.03142	0.08461	0.11602	0.0	0.05319	0.1378	0.08461	0.03142	0.17885	0.03142	0.06283	0.03142	0.05319	0.05319	0.08461	0.19099	0.05319	0.20063	0.14744	0.08461	0.20063	0.09425
0.0	0.07188	0.11434	0.14377	0.07188	0.0	0.0	0.14377	0.0	0.0	0.07188	0.27532	0.16982	0.18622	0.15679	0.37745	0.20344	0.07188	0.0	0.04246	0.14377	0.07188	0.16098	0.07188	0.07188	0.13155	0.18622	0.0	0.0	0.07188	0.11434	0.07188	0.07188	0.0891	0.04246	0.11434	0.11434	0.18622	0.13155	0.0	0.0891	0.0	0.04246	0.07188	0.11434	0.13155	0.11434	0.0	0.07188	0.0	0.31778	0.0	0.26311	0.15679	0.14377	0.0	0.07188	0.07188	0.04246	0.14377	0.08491	0.07188	0.0	0.14377
0.10361	0.23606	0.12568	0.06623	0.11891	0.04415	0.13246	0.21616	0.16983	0.13246	0.14776	0.12568	0.10361	0.0883	0.11038	0.20044	0.12568	0.04415	0.06623	0.04415	0.08153	0.14098	0.11891	0.08153	0.11038	0.0883	0.11038	0.10361	0.06623	0.12568	0.20044	0.05945	0.06623	0.10361	0.17878	0.21616	0.12568	0.14776	0.20044	0.0883	0.04415	0.08153	0.04415	0.11891	0.22929	0.11038	0.10361	0.14776	0.0883	0.0883	0.16306	0.0883	0.04415	0.0883	0.04415	0.06623	0.11038	0.18513	0.12568	0.12568	0.16983	0.0883	0.12568	0.04415
0.08795	0.08795	0.08795	0.08795	0.14659	0.05864	0.16691	0.05864	0.02932	0.14659	0.04964	0.30451	0.11727	0.05864	0.08795	0.08795	0.05864	0.14659	0.02932	0.05864	0.08795	0.02932	0.10828	0.11727	0.17591	0.02932	0.02932	0.18169	0.08795	0.0	0.11727	0.02932	0.11727	0.05864	0.07896	0.08795	0.05864	0.13759	0.22555	0.1286	0.02932	0.08795	0.11727	0.14659	0.08795	0.08795	0.14659	0.15792	0.10828	0.10828	0.02932	0.27808	0.13759	0.08795	0.07896	0.05864	0.17591	0.08795	0.14049	0.05864	0.20756	0.11727	0.16691	0.3164
0.11551	0.077	0.06519	0.26951	0.11551	0.077	0.077	0.15401	0.0	0.077	0.10369	0.14219	0.0385	0.11551	0.11551	0.0385	0.077	0.0385	0.0385	0.0385	0.077	0.11551	0.18069	0.0385	0.0385	0.0	0.0385	0.1578	0.077	0.2192	0.26951	0.11551	0.0385	0.0385	0.077	0.2577	0.0	0.11551	0.18069	0.06519	0.0385	0.077	0.15401	0.11551	0.19251	0.077	0.11551	0.0	0.077	0.14219	0.0	0.19631	0.18069	0.15401	0.11551	0.11551	0.15401	0.077	0.18449	0.0	0.26951	0.077	0.14219	0.14219
0.06517	0.07699	0.07699	0.11548	0.14216	0.0	0.0	0.19246	0.23096	0.07699	0.14216	0.07699	0.11548	0.03849	0.19246	0.03849	0.07699	0.15397	0.0	0.07699	0.07699	0.11548	0.18065	0.14216	0.07699	0.11548	0.07699	0.19626	0.07699	0.15397	0.07699	0.03849	0.03849	0.0	0.03849	0.0	0.0	0.18065	0.07699	0.16884	0.07699	0.10367	0.07699	0.11548	0.06517	0.18065	0.07699	0.03849	0.11548	0.18065	0.11548	0.19626	0.29613	0.07699	0.03849	0.06517	0.25764	0.07699	0.22294	0.07699	0.15397	0.07699	0.16884	0.18065
0.04025	0.04025	0.0805	0.28176	0.0805	0.04025	0.0	0.16101	0.0805	0.0805	0.18891	0.1084	0.1084	0.0805	0.0	0.12075	0.04025	0.14865	0.04025	0.12075	0.0805	0.04025	0.14865	0.12075	0.14865	0.1084	0.04025	0.21681	0.04025	0.0805	0.0805	0.16101	0.12075	0.04025	0.12075	0.0805	0.04025	0.18891	0.22916	0.1084	0.0805	0.14865	0.0805	0.04025	0.0805	0.24151	0.0	0.06815	0.04025	0.18891	0.04025	0.18891	0.22916	0.04025	0.0805	0.12075	0.04025	0.0805	0.20446	0.0805	0.0805	0.12075	0.17656	0.26941
0.11771	0.05367	0.15278	0.04544	0.18998	0.05367	0.05367	0.11771	0.13682	0.12594	0.02684	0.18226	0.04544	0.0	0.07227	0.14719	0.10175	0.10734	0.08051	0.15278	0.12594	0.08051	0.28908	0.22505	0.14454	0.09911	0.20909	0.16314	0.12594	0.12594	0.09911	0.15278	0.17138	0.09911	0.12594	0.05367	0.08051	0.27872	0.10734	0.15278	0.08051	0.11771	0.02684	0.12594	0.11771	0.14454	0.10734	0.07227	0.08051	0.05367	0.22769	0.15278	0.13418	0.05367	0.08051	0.08051	0.11771	0.05367	0.02684	0.02684	0.13418	0.0	0.09911	0.02684
0.04117	0.17263	0.16039	0.08234	0.09661	0.02058	0.10292	0.16468	0.14573	0.04117	0.14409	0.21583	0.02058	0.0	0.09661	0.15205	0.10292	0.15205	0.03485	0.16632	0.09661	0.13146	0.12351	0.09661	0.07602	0.13146	0.12351	0.08234	0.11719	0.10292	0.12351	0.18098	0.08234	0.07602	0.11719	0.15836	0.02058	0.10495	0.29186	0.08234	0.07602	0.04117	0.11719	0.17895	0.15836	0.14409	0.08234	0.14612	0.05544	0.08234	0.09029	0.17263	0.10292	0.09661	0.15205	0.11719	0.12351	0.11719	0.07602	0.10292	0.13981	0.15836	0.21583	0.10495
0.05551	0.13026	0.05551	0.1025	0.13026	0.02775	0.07475	0.13026	0.11102	0.2355	0.05551	0.12174	0.05551	0.086	0.05551	0.19124	0.086	0.15801	0.02775	0.07475	0.08326	0.0	0.31024	0.23276	0.07475	0.1495	0.19649	0.05551	0.02775	0.05551	0.07475	0.02775	0.20501	0.1495	0.05551	0.08326	0.13026	0.21352	0.19649	0.12174	0.10524	0.07475	0.07475	0.1495	0.07475	0.1025	0.17725	0.19124	0.05825	0.1025	0.07475	0.08326	0.1025	0.15801	0.0	0.13026	0.07475	0.09399	0.05551	0.11376	0.20501	0.05551	0.15223	0.13299
0.08816	0.10853	0.11143	0.16731	0.11755	0.05878	0.19959	0.08816	0.02939	0.07915	0.17633	0.08816	0.05878	0.02939	0.05878	0.13792	0.16731	0.07915	0.20805	0.30813	0.0	0.08816	0.08816	0.05878	0.11143	0.14082	0.15273	0.08816	0.02939	0.07915	0.18768	0.02939	0.10853	0.05878	0.10853	0.17922	0.05878	0.22362	0.10853	0.06167	0.18768	0.0	0.11755	0.30523	0.0	0.13792	0.19959	0.04976	0.02939	0.02939	0.06167	0.10853	0.09106	0.14694	0.02939	0.02939	0.02939	0.10853	0.04976	0.02939	0.23744	0.10853	0.1967	0.02939
0.06528	0.12055	0.15319	0.06528	0.1632	0.03264	0.08791	0.06528	0.06528	0.25755	0.06528	0.09792	0.05527	0.14317	0.18583	0.09792	0.16642	0.13056	0.0	0.06528	0.06528	0.15319	0.14317	0.18583	0.03264	0.1632	0.15319	0.09792	0.05527	0.13056	0.03264	0.03264	0.06528	0.06528	0.09792	0.13056	0.09792	0.13056	0.15319	0.1632	0.03264	0.10114	0.1632	0.03264	0.10114	0.12055	0.19906	0.03264	0.12055	0.06528	0.10114	0.06528	0.1632	0.0	0.18583	0.05527	0.0	0.15319	0.03264	0.15319	0.25111	0.18583	0.22169	0.19584
0.14618	0.06229	0.03115	0.14618	0.15573	0.10547	0.06229	0.15821	0.11503	0.14618	0.26368	0.12459	0.03115	0.0	0.25165	0.06229	0.03115	0.06229	0.0	0.09344	0.21094	0.14618	0.08388	0.06229	0.20847	0.09344	0.12459	0.18688	0.15573	0.09344	0.06229	0.09344	0.06229	0.09344	0.03115	0.26121	0.03115	0.12459	0.08388	0.08388	0.08388	0.03115	0.19891	0.0	0.16777	0.03115	0.06229	0.10547	0.14618	0.16777	0.03115	0.06229	0.09344	0.09344	0.17732	0.0	0.03115	0.20847	0.03115	0.03115	0.08388	0.05274	0.19891	0.24209
0.16542	0.0977	0.05514	0.15284	0.26374	0.0	0.06513	0.24103	0.03257	0.08771	0.03257	0.15284	0.0	0.03257	0.06513	0.17541	0.0977	0.12027	0.0	0.06513	0.03257	0.06513	0.06513	0.03257	0.23439	0.30568	0.03257	0.12027	0.12027	0.0	0.1854	0.05514	0.20798	0.10091	0.0	0.0977	0.06513	0.16604	0.24375	0.06513	0.03257	0.08771	0.16283	0.06513	0.14284	0.13026	0.0	0.13285	0.26017	0.03257	0.12348	0.0	0.03257	0.0977	0.06513	0.0	0.06513	0.08771	0.03257	0.20798	0.12027	0.15284	0.06513	0.17541
0.06183	0.12671	0.08326	0.08326	0.15458	0.03092	0.0	0.19744	0.06183	0.03092	0.09275	0.0	0.03092	0.0	0.12671	0.06183	0.11418	0.11418	0.06183	0.08326	0.03092	0.0	0.19744	0.09275	0.05234	0.09275	0.13561	0.20997	0.0	0.11418	0.2718	0.13561	0.0958	0.0958	0.03092	0.09275	0.15763	0.14509	0.0	0.20692	0.27485	0.0	0.15458	0.0	0.15763	0.12366	0.12366	0.06183	0.06183	0.0	0.03092	0.03092	0.24394	0.25342	0.03092	0.05234	0.05234	0.11418	0.0	0.18549	0.22835	0.0	0.08326	0.29323
0.0	0.09144	0.0	0.12192	0.18289	0.05161	0.06096	0.06096	0.12192	0.15241	0.21637	0.08209	0.0	0.09144	0.18589	0.03048	0.15541	0.11257	0.03048	0.17353	0.15241	0.14305	0.14305	0.12192	0.17353	0.0	0.08209	0.12192	0.15541	0.18289	0.09144	0.03048	0.06096	0.12192	0.03048	0.15241	0.03048	0.15541	0.2674	0.05161	0.11257	0.16719	0.26798	0.11257	0.18289	0.12493	0.08209	0.0	0.09445	0.0	0.06096	0.09144	0.18589	0.14305	0.03048	0.0	0.09144	0.06096	0.06096	0.06096	0.21003	0.14606	0.19767	0.09144
0.10296	0.07891	0.07891	0.0668	0.31565	0.07891	0.07891	0.22132	0.14241	0.03946	0.15782	0.07891	0.15782	0.07891	0.0	0.15782	0.07891	0.0	0.0	0.07891	0.07891	0.07891	0.22132	0.03946	0.03946	0.11837	0.10626	0.30024	0.11837	0.11837	0.15782	0.0	0.07891	0.03946	0.03946	0.19728	0.14241	0.11837	0.03946	0.07891	0.07891	0.03946	0.15782	0.0	0.03946	0.23673	0.03946	0.07891	0.21252	0.03946	0.03946	0.03946	0.15782	0.03946	0.15782	0.03946	0.03946	0.20922	0.11837	0.03946	0.22463	0.03946	0.11837	0.19728
0.03667	0.03667	0.11	0.06208	0.13541	0.03667	0.09875	0.11	0.14666	0.14666	0.11	0.13541	0.0	0.07333	0.11	0.03667	0.07333	0.14666	0.06208	0.13541	0.07333	0.15028	0.14666	0.25666	0.07333	0.11	0.03667	0.14666	0.03667	0.07333	0.28569	0.11	0.18333	0.14666	0.03667	0.24541	0.07333	0.27444	0.09875	0.03667	0.03667	0.03667	0.14666	0.03667	0.09875	0.07333	0.0	0.2893	0.20874	0.0	0.11	0.0	0.17569	0.0	0.0	0.0	0.14666	0.03667	0.13541	0.03667	0.16083	0.17569	0.13541	0.07333
0.08935	0.09954	0.09954	0.16853	0.18889	0.06636	0.08935	0.16589	0.06636	0.12253	0.13271	0.08935	0.15571	0.03318	0.08935	0.09954	0.03318	0.09954	0.03318	0.03318	0.18889	0.03318	0.08935	0.21189	0.17871	0.15898	0.03318	0.16589	0.0	0.09954	0.12253	0.09954	0.06636	0.06636	0.15571	0.3676	0.09954	0.06636	0.03318	0.12253	0.06636	0.06636	0.19907	0.12253	0.06636	0.12253	0.15571	0.15571	0.12253	0.09954	0.14553	0.0	0.12253	0.09954	0.05618	0.0	0.08935	0.08935	0.0	0.17871	0.17871	0.08935	0.06636	0.24507
0.02918	0.0	0.15719	0.13696	0.14592	0.05837	0.10778	0.08755	0.05837	0.16902	0.08755	0.18637	0.02918	0.04941	0.02918	0.10778	0.05837	0.0786	0.05837	0.08755	0.11961	0.05837	0.02918	0.10778	0.18637	0.11961	0.0	0.08755	0.05837	0.04941	0.08755	0.14592	0.0786	0.11673	0.0786	0.22451	0.10778	0.14879	0.15719	0.2852	0.11673	0.0	0.18637	0.09882	0.13696	0.13696	0.0	0.10778	0.09882	0.0	0.0786	0.0	0.08755	0.10778	0.16902	0.0	0.0786	0.11673	0.0	0.1751	0.40425	0.10778	0.18925	0.1751
0.05785	0.1558	0.02893	0.09795	0.34109	0.10683	0.10683	0.1157	0.13575	0.0779	0.1157	0.08678	0.02893	0.05785	0.02893	0.1558	0.05785	0.08963	0.1157	0.10683	0.05785	0.02893	0.05785	0.10683	0.0779	0.04898	0.05785	0.08678	0.08678	0.0779	0.1157	0.14463	0.1558	0.10683	0.02893	0.14463	0.0779	0.14463	0.02893	0.13575	0.16468	0.1936	0.20533	0.08678	0.12688	0.05785	0.0779	0.18473	0.04898	0.02893	0.1558	0.05785	0.02893	0.26263	0.1157	0.05785	0.04898	0.10683	0.02893	0.17356	0.29441	0.0779	0.18473	0.21365
0.10214	0.07585	0.03793	0.07585	0.18963	0.07585	0.07585	0.10214	0.03793	0.10214	0.32969	0.06421	0.03793	0.10214	0.10214	0.03793	0.11378	0.14006	0.03793	0.14006	0.07585	0.10214	0.0	0.03793	0.03793	0.11752	0.15544	0.11378	0.03793	0.03793	0.10214	0.11378	0.11378	0.11378	0.1517	0.35598	0.07585	0.1517	0.03793	0.03793	0.06421	0.17799	0.25384	0.10214	0.11378	0.18963	0.06421	0.11378	0.28013	0.11378	0.14006	0.0	0.11378	0.10214	0.10214	0.0	0.11752	0.03793	0.10214	0.10214	0.14006	0.0	0.11378	0.1517
0.06869	0.12753	0.14521	0.13738	0.16289	0.10202	0.10202	0.0942	0.19622	0.1197	0.05101	0.15506	0.04318	0.02551	0.06869	0.18057	0.11188	0.07652	0.05101	0.0942	0.02551	0.16289	0.17854	0.0942	0.15303	0.15555	0.27525	0.23158	0.0	0.02551	0.19622	0.05101	0.16289	0.11188	0.07652	0.02551	0.17071	0.15506	0.18839	0.13738	0.10202	0.04318	0.08637	0.11188	0.05101	0.12753	0.05101	0.08637	0.07652	0.1197	0.15506	0.05101	0.13738	0.02551	0.19622	0.05101	0.10454	0.11188	0.05101	0.06869	0.24926	0.04318	0.17274	0.02551
0.07148	0.05	0.08799	0.04765	0.1045	0.04765	0.0953	0.1045	0.24249	0.08799	0.07148	0.17598	0.04765	0.07148	0.11181	0.07148	0.1045	0.18329	0.02383	0.0953	0.09034	0.15215	0.1998	0.21632	0.08799	0.1045	0.1998	0.11913	0.04034	0.1906	0.11913	0.04765	0.0953	0.18329	0.18329	0.22598	0.04765	0.08799	0.18518	0.14295	0.11181	0.07148	0.15215	0.16678	0.08799	0.09765	0.0953	0.08799	0.16867	0.02383	0.17398	0.08068	0.15946	0.07382	0.1453	0.13564	0.11181	0.1045	0.0	0.04765	0.18329	0.08799	0.12833	0.08799
0.02378	0.18293	0.07134	0.1116	0.12808	0.02378	0.12808	0.13538	0.04756	0.23284	0.0	0.1043	0.04756	0.07368	0.02378	0.06404	0.08782	0.1116	0.04756	0.08782	0.07134	0.14267	0.25662	0.11889	0.0	0.08782	0.4318	0.04756	0.0	0.02378	0.12808	0.04756	0.2159	0.14456	0.09512	0.07134	0.08782	0.06404	0.12808	0.17564	0.08782	0.04756	0.06404	0.06404	0.07134	0.07134	0.12808	0.18762	0.07368	0.06404	0.07134	0.04756	0.19942	0.04756	0.14267	0.1116	0.1116	0.08782	0.07134	0.18528	0.23238	0.0	0.17798	0.09016
0.06899	0.0815	0.10974	0.20698	0.26023	0.04075	0.15049	0.20698	0.09724	0.0	0.04075	0.06899	0.21948	0.04075	0.28847	0.25174	0.24772	0.10974	0.06899	0.06899	0.06899	0.04075	0.06899	0.04075	0.04075	0.0	0.17873	0.06899	0.04075	0.10974	0.21948	0.0815	0.06899	0.21948	0.24772	0.04075	0.0	0.06899	0.13798	0.0	0.0	0.11376	0.04075	0.06899	0.06899	0.0	0.0815	0.06899	0.0815	0.04075	0.18275	0.04075	0.04075	0.0815	0.0	0.13798	0.06899	0.12224	0.04075	0.13798	0.12224	0.06899	0.27597	0.04075
0.04541	0.11353	0.18388	0.17467	0.19041	0.04541	0.06115	0.18164	0.19041	0.02271	0.06812	0.10656	0.09082	0.0	0.16771	0.04541	0.06812	0.18388	0.06115	0.13623	0.10656	0.20615	0.15197	0.06115	0.16074	0.10656	0.10656	0.04541	0.06115	0.13623	0.17467	0.06812	0.11353	0.06812	0.22705	0.21312	0.04541	0.13623	0.16771	0.04541	0.06812	0.09082	0.13623	0.11353	0.1223	0.08385	0.22705	0.09082	0.04541	0.06812	0.12926	0.03844	0.06812	0.11576	0.06812	0.19041	0.04541	0.06812	0.09082	0.09082	0.04541	0.09959	0.2673	0.15197
0.0	0.07355	0.0	0.27241	0.16794	0.0	0.13289	0.11868	0.0	0.17802	0.0701	0.05934	0.09439	0.11868	0.12944	0.13289	0.16449	0.13289	0.09439	0.15373	0.05934	0.0	0.20232	0.03505	0.0	0.05934	0.3668	0.09439	0.0	0.0	0.24812	0.0	0.11868	0.17802	0.17802	0.05934	0.0	0.0	0.11868	0.05934	0.05934	0.05934	0.03505	0.05934	0.05934	0.03505	0.05934	0.22661	0.05934	0.05934	0.11868	0.0	0.0701	0.05934	0.0	0.21307	0.12944	0.09439	0.03505	0.14298	0.09439	0.05934	0.321	0.15373
0.13542	0.03999	0.14769	0.13542	0.19162	0.03999	0.1077	0.21934	0.13542	0.03999	0.0	0.13542	0.1077	0.0	0.17541	0.19085	0.09543	0.03999	0.06771	0.06771	0.06771	0.03999	0.13542	0.06771	0.03999	0.0	0.21539	0.20312	0.24311	0.17541	0.03999	0.14769	0.27083	0.11997	0.14769	0.1077	0.0	0.24311	0.13542	0.06771	0.0	0.16313	0.1077	0.13542	0.0	0.06771	0.14769	0.06771	0.07998	0.03999	0.09543	0.03999	0.06771	0.19162	0.0	0.1077	0.0	0.07998	0.0	0.13542	0.12391	0.13542	0.17541	0.14769
0.06854	0.13709	0.20088	0.09139	0.18279	0.0457	0.09139	0.15293	0.16175	0.0	0.03869	0.12307	0.11424	0.0	0.08438	0.11424	0.09139	0.06153	0.06854	0.0457	0.0457	0.20745	0.17578	0.06153	0.17578	0.13233	0.15994	0.10723	0.17578	0.11424	0.06854	0.09139	0.09139	0.0457	0.11424	0.15293	0.0	0.06854	0.30585	0.11424	0.06854	0.11424	0.12307	0.17578	0.13008	0.11424	0.17578	0.06854	0.09139	0.0457	0.11424	0.16876	0.12307	0.20745	0.09139	0.08438	0.0457	0.11424	0.09139	0.15994	0.13709	0.14592	0.15518	0.13008
0.05721	0.05721	0.03379	0.20543	0.14822	0.0	0.11443	0.17164	0.03379	0.20543	0.03379	0.11443	0.0	0.08063	0.03379	0.05721	0.03379	0.091	0.091	0.14822	0.05721	0.0	0.25227	0.05721	0.0	0.05721	0.38744	0.20543	0.17164	0.05721	0.091	0.05721	0.28606	0.091	0.091	0.11443	0.0	0.14822	0.11443	0.11443	0.05721	0.05721	0.091	0.11443	0.0	0.091	0.11443	0.21848	0.05721	0.05721	0.0	0.0	0.091	0.17164	0.0	0.18201	0.06758	0.05721	0.0	0.13785	0.11443	0.11443	0.19506	0.20543
0.05037	0.10073	0.14337	0.12591	0.11819	0.07555	0.12591	0.12591	0.28674	0.05037	0.07555	0.14585	0.05037	0.06782	0.14585	0.07555	0.05037	0.16855	0.06782	0.12591	0.07555	0.11046	0.1284	0.14337	0.11819	0.16082	0.22913	0.07555	0.11819	0.07555	0.10073	0.07555	0.05037	0.07555	0.02518	0.19373	0.05037	0.14337	0.29895	0.10073	0.10073	0.10073	0.2214	0.10321	0.18601	0.02518	0.14337	0.05037	0.07555	0.0	0.10073	0.06782	0.12591	0.15358	0.05037	0.11046	0.17628	0.05037	0.0	0.05037	0.11819	0.19373	0.18849	0.093
0.14884	0.17082	0.16109	0.17082	0.18055	0.09514	0.22452	0.09827	0.10739	0.08541	0.10739	0.12998	0.13911	0.09514	0.10739	0.17082	0.13911	0.22452	0.03171	0.11712	0.08541	0.09514	0.09514	0.0	0.222	0.13911	0.06343	0.17082	0.11712	0.03171	0.06343	0.12686	0.10739	0.08541	0.0537	0.0	0.12686	0.14884	0.12998	0.0537	0.08541	0.11712	0.22452	0.14884	0.17082	0.12686	0.09514	0.08541	0.03171	0.03171	0.08541	0.12686	0.0537	0.14884	0.08541	0.08541	0.21227	0.0	0.06343	0.03171	0.14884	0.18055	0.15197	0.03171
0.07604	0.21587	0.22179	0.1109	0.13983	0.06177	0.16042	0.09663	0.12517	0.1109	0.13148	0.09663	0.04118	0.05545	0.14412	0.08438	0.14412	0.17469	0.04118	0.05545	0.10458	0.09663	0.13148	0.02059	0.06177	0.11721	0.20752	0.04118	0.11721	0.15839	0.09663	0.02059	0.16837	0.1109	0.12353	0.11721	0.08235	0.09031	0.1378	0.15839	0.15839	0.04118	0.15207	0.04118	0.15839	0.09663	0.1378	0.18693	0.09031	0.07604	0.06177	0.06177	0.02059	0.12353	0.09031	0.09663	0.05545	0.17898	0.06177	0.20752	0.21587	0.10294	0.1541	0.22179
0.0895	0.03323	0.0895	0.22242	0.12273	0.09969	0.13292	0.10297	0.10297	0.06646	0.06646	0.09969	0.05626	0.15596	0.05626	0.19247	0.05626	0.12273	0.03323	0.06646	0.0	0.03323	0.31192	0.12273	0.12273	0.21222	0.17899	0.0895	0.09969	0.06646	0.06646	0.06646	0.14576	0.09969	0.03323	0.18919	0.15596	0.12273	0.22242	0.06646	0.06646	0.0895	0.16616	0.18919	0.16616	0.15596	0.0	0.28888	0.12273	0.03323	0.126	0.03323	0.09969	0.0	0.06646	0.0	0.11253	0.0	0.15596	0.0895	0.16616	0.03323	0.15596	0.06646
0.06825	0.091	0.09979	0.06825	0.06825	0.1365	0.2275	0.15227	0.16804	0.1365	0.10677	0.13831	0.06825	0.02275	0.17502	0.091	0.0	0.15227	0.02275	0.10677	0.091	0.12254	0.1365	0.16804	0.06127	0.08402	0.15925	0.091	0.10677	0.11375	0.11375	0.091	0.06825	0.091	0.0455	0.08402	0.12952	0.15227	0.19079	0.20475	0.06825	0.091	0.21354	0.10677	0.16804	0.08402	0.1365	0.11375	0.091	0.0455	0.02275	0.16804	0.1365	0.1615	0.091	0.06127	0.091	0.10677	0.1365	0.0455	0.17502	0.17502	0.22277	0.182
0.06195	0.1144	0.03098	0.1144	0.1144	0.1144	0.10489	0.14537	0.0	0.18831	0.09293	0.03098	0.06195	0.14537	0.09293	0.14537	0.06195	0.1144	0.03098	0.08342	0.03098	0.06195	0.25027	0.06195	0.08342	0.09293	0.18831	0.0	0.06195	0.1239	0.05245	0.06195	0.18831	0.10489	0.05245	0.09293	0.03098	0.16684	0.16684	0.08342	0.13587	0.09293	0.1239	0.1239	0.06195	0.1239	0.14537	0.24076	0.13587	0.13587	0.03098	0.09293	0.1239	0.09293	0.06195	0.05245	0.03098	0.1144	0.09293	0.26927	0.21929	0.09293	0.28124	0.22879
0.10987	0.11899	0.16023	0.16023	0.19911	0.08925	0.17849	0.12193	0.15168	0.14874	0.05037	0.18998	0.10987	0.10987	0.13961	0.14255	0.08012	0.14874	0.0	0.0	0.11899	0.08925	0.14874	0.19911	0.08925	0.16936	0.08925	0.05037	0.10987	0.02975	0.02975	0.0595	0.10987	0.08012	0.0	0.0595	0.0595	0.1723	0.18085	0.13961	0.10987	0.13961	0.2701	0.08012	0.11899	0.11899	0.08925	0.22886	0.0595	0.02975	0.24092	0.08925	0.08012	0.0595	0.0595	0.11899	0.11899	0.08925	0.11899	0.08925	0.13961	0.02975	0.16023	0.08925
0.04278	0.17111	0.14316	0.10038	0.15799	0.04278	0.10038	0.10038	0.13003	0.0576	0.06417	0.22426	0.14972	0.02139	0.0576	0.06417	0.06417	0.1942	0.06417	0.12177	0.03622	0.09382	0.10695	0.13003	0.14316	0.24354	0.14316	0.08556	0.07243	0.12177	0.10695	0.10695	0.06417	0.04278	0.12834	0.17322	0.10695	0.20077	0.22426	0.07899	0.02139	0.14316	0.14316	0.16455	0.07899	0.14972	0.10038	0.08767	0.16455	0.0576	0.04278	0.09382	0.10695	0.10906	0.02139	0.0576	0.11521	0.14972	0.14316	0.12834	0.17938	0.14316	0.18149	0.18594
0.05155	0.20378	0.082	0.11244	0.19444	0.0	0.11244	0.082	0.06089	0.24599	0.03045	0.21554	0.03045	0.1031	0.15223	0.05155	0.03045	0.19444	0.03045	0.082	0.09134	0.0	0.1031	0.15465	0.03045	0.082	0.1851	0.03045	0.03045	0.0	0.05155	0.082	0.13355	0.14289	0.0	0.03045	0.06089	0.14589	0.19444	0.19444	0.16399	0.11244	0.20378	0.082	0.082	0.082	0.13355	0.30688	0.06389	0.082	0.06089	0.03045	0.09134	0.09134	0.03045	0.16399	0.09134	0.11244	0.0	0.13355	0.14589	0.06089	0.24599	0.22488
0.0244	0.21956	0.16328	0.09758	0.12198	0.0244	0.09758	0.09758	0.1558	0.09758	0.07319	0.21448	0.04879	0.04879	0.0657	0.0657	0.04879	0.2215	0.0244	0.21207	0.09999	0.20459	0.04879	0.1314	0.16328	0.17271	0.11449	0.04879	0.1558	0.04879	0.11449	0.09758	0.0	0.04879	0.0657	0.09999	0.04879	0.14129	0.16569	0.09758	0.09758	0.0244	0.11449	0.16328	0.0901	0.09758	0.14878	0.22197	0.16328	0.0657	0.07319	0.1582	0.16328	0.16569	0.19516	0.16328	0.12198	0.0	0.0244	0.09758	0.12438	0.11449	0.14831	0.14637
0.07279	0.07279	0.16239	0.07279	0.15494	0.0	0.07279	0.12131	0.30051	0.11386	0.18665	0.1475	0.02426	0.04852	0.13813	0.07279	0.06534	0.06534	0.02426	0.07279	0.04852	0.19602	0.07279	0.13813	0.16239	0.11626	0.12131	0.16239	0.04108	0.02426	0.04852	0.04852	0.02426	0.07279	0.12131	0.13813	0.02426	0.07518	0.30244	0.04852	0.04852	0.09705	0.17223	0.09944	0.13068	0.16239	0.04852	0.18665	0.2133	0.09705	0.02426	0.10642	0.14557	0.1237	0.12131	0.13813	0.04852	0.11386	0.09705	0.09705	0.14052	0.13813	0.17176	0.21836
0.07486	0.1344	0.2016	0.07486	0.0672	0.02495	0.14971	0.0672	0.1344	0.07486	0.0	0.1517	0.0672	0.09215	0.27844	0.02495	0.07486	0.14206	0.02495	0.14206	0.09215	0.24385	0.0672	0.10945	0.2016	0.2189	0.07486	0.05954	0.09215	0.10945	0.02495	0.12674	0.1171	0.0	0.0672	0.1517	0.0499	0.19394	0.19394	0.14971	0.0499	0.09215	0.18431	0.07486	0.09215	0.09215	0.20926	0.05237	0.05237	0.02495	0.1171	0.09215	0.1344	0.09215	0.02495	0.0672	0.17665	0.16899	0.04225	0.0499	0.1344	0.15935	0.23667	0.1344
0.01962	0.17053	0.1313	0.12528	0.05283	0.09207	0.07245	0.17811	0.19773	0.03923	0.13732	0.20531	0.09207	0.1177	0.10566	0.15092	0.07245	0.12722	0.07245	0.05283	0.17053	0.25056	0.1313	0.08605	0.18413	0.16452	0.07847	0.05885	0.21326	0.03923	0.16452	0.07245	0.05885	0.07245	0.09207	0.14326	0.1177	0.094	0.13888	0.09207	0.09809	0.03321	0.11926	0.10566	0.19209	0.09207	0.09207	0.16645	0.13888	0.1313	0.05885	0.13888	0.1313	0.18413	0.05885	0.10566	0.13732	0.1449	0.09207	0.05885	0.06079	0.09964	0.17209	0.09809
0.15633	0.02902	0.07817	0.15633	0.27473	0.07817	0.08707	0.17645	0.25461	0.0	0.0	0.31552	0.12731	0.05805	0.12731	0.15919	0.07817	0.09828	0.10719	0.07817	0.0	0.10719	0.14742	0.04914	0.09828	0.16524	0.04914	0.07817	0.12731	0.02902	0.11005	0.15633	0.09828	0.04914	0.02902	0.12731	0.04914	0.18822	0.08993	0.13621	0.02902	0.07817	0.21724	0.15919	0.04914	0.04914	0.02902	0.2865	0.09828	0.09828	0.12731	0.09828	0.07817	0.07817	0.05805	0.04914	0.12731	0.12731	0.13621	0.0	0.11896	0.09828	0.15919	0.07817
0.14922	0.06804	0.09162	0.12564	0.12564	0.12564	0.06804	0.15966	0.0576	0.03402	0.0	0.21726	0.0576	0.13608	0.1728	0.1152	0.15966	0.09162	0.06804	0.03402	0.10206	0.0	0.13608	0.06804	0.15966	0.0	0.06804	0.14922	0.03402	0.12564	0.13608	0.19368	0.15966	0.0	0.10206	0.03402	0.06804	0.23041	0.1728	0.09162	0.03402	0.12564	0.17346	0.23106	0.06804	0.06804	0.13608	0.18324	0.06804	0.0	0.21726	0.0	0.15966	0.06804	0.03402	0.06804	0.2277	0.17346	0.12564	0.06804	0.20683	0.03402	0.1728	0.1152
0.09771	0.10884	0.09771	0.17027	0.30425	0.0	0.03628	0.09771	0.23169	0.0	0.06143	0.19541	0.06143	0.06143	0.06143	0.28199	0.13399	0.13399	0.0	0.09771	0.12285	0.06143	0.1814	0.06143	0.06143	0.03628	0.13399	0.18428	0.06143	0.03628	0.22056	0.03628	0.06143	0.09771	0.0	0.0	0.03628	0.22056	0.06143	0.07256	0.03628	0.06143	0.10884	0.07256	0.07256	0.03628	0.12285	0.15913	0.13399	0.07256	0.15913	0.22056	0.13399	0.12285	0.07256	0.0	0.13399	0.06143	0.06143	0.06143	0.19541	0.03628	0.22056	0.20655
0.16504	0.12128	0.12128	0.09544	0.24257	0.07753	0.0	0.18079	0.23464	0.1392	0.18295	0.19881	0.12128	0.12921	0.12128	0.14967	0.04376	0.02584	0.0	0.19088	0.09544	0.12128	0.17297	0.0	0.05169	0.14713	0.11335	0.1392	0.0	0.10337	0.07753	0.05169	0.09544	0.12128	0.04376	0.02584	0.02584	0.1392	0.15711	0.07753	0.12128	0.09544	0.14713	0.0696	0.15506	0.19881	0.10337	0.21672	0.12128	0.09544	0.11335	0.04376	0.09544	0.15506	0.05169	0.02584	0.1392	0.05169	0.0	0.09544	0.0696	0.02584	0.20879	0.21927
0.09293	0.15624	0.08233	0.1288	0.1288	0.07391	0.10136	0.15624	0.0	0.10406	0.05489	0.18369	0.05489	0.16737	0.14782	0.10136	0.08233	0.07391	0.02744	0.07391	0.05489	0.02744	0.13151	0.10978	0.04647	0.05489	0.1394	0.07391	0.0	0.21113	0.1288	0.07391	0.17527	0.04647	0.13722	0.10978	0.04647	0.13151	0.09293	0.09293	0.10136	0.08233	0.23016	0.15624	0.0	0.05489	0.07391	0.35595	0.16737	0.10136	0.10136	0.05489	0.08233	0.16467	0.08233	0.10136	0.07391	0.09293	0.1288	0.16737	0.17797	0.02744	0.12921	0.29565
0.02373	0.15154	0.07119	0.15882	0.16799	0.11137	0.10408	0.199	0.07119	0.12333	0.07119	0.19218	0.02373	0.20134	0.16611	0.1351	0.04746	0.15882	0.07119	0.16845	0.02373	0.1351	0.13744	0.04746	0.04746	0.16611	0.14426	0.07119	0.04746	0.1351	0.11137	0.08764	0.16799	0.08764	0.07119	0.18255	0.02373	0.10408	0.0498	0.10408	0.16116	0.0	0.12781	0.11137	0.07119	0.09492	0.12781	0.31505	0.16845	0.16116	0.0	0.09492	0.07119	0.09492	0.09726	0.06391	0.04746	0.12781	0.08764	0.12099	0.16799	0.02373	0.19089	0.16799
0.02963	0.0798	0.08889	0.22795	0.1596	0.02963	0.0798	0.10943	0.0	0.20125	0.10943	0.08889	0.02963	0.18071	0.08889	0.2394	0.02963	0.15051	0.0	0.0798	0.02963	0.10943	0.17161	0.0798	0.08889	0.14815	0.23031	0.02963	0.05017	0.11852	0.25994	0.02963	0.18923	0.0798	0.05926	0.11852	0.05926	0.12997	0.05926	0.05017	0.10943	0.0	0.0	0.05926	0.05926	0.05926	0.12997	0.25434	0.1596	0.12997	0.02963	0.05926	0.0798	0.19832	0.02963	0.0798	0.05926	0.10034	0.02963	0.18071	0.1596	0.05926	0.2193	0.25994
0.09087	0.13253	0.04921	0.11547	0.23094	0.07381	0.06626	0.17418	0.18928	0.22582	0.13253	0.10084	0.06626	0.24092	0.04921	0.13495	0.0	0.04166	0.0	0.13253	0.09087	0.09842	0.17661	0.0	0.0246	0.09842	0.22339	0.11547	0.0	0.07381	0.06626	0.04921	0.13253	0.10792	0.08332	0.0246	0.0246	0.08332	0.1179	0.14007	0.10792	0.04166	0.12545	0.05163	0.12302	0.12302	0.11547	0.30206	0.13253	0.11547	0.08332	0.0	0.04166	0.12302	0.04921	0.06626	0.0246	0.11547	0.0	0.20876	0.12498	0.04921	0.21827	0.28965
0.11924	0.08695	0.11924	0.08695	0.20619	0.06457	0.15152	0.14882	0.1969	0.03229	0.0	0.11924	0.16399	0.27332	0.20937	0.28703	0.06775	0.05466	0.03229	0.03229	0.10933	0.16143	0.05466	0.03229	0.11924	0.08695	0.0	0.05466	0.0	0.18381	0.18381	0.15152	0.05466	0.0	0.0	0.12914	0.09686	0.1739	0.18381	0.11924	0.05466	0.06775	0.12914	0.03229	0.20619	0.1739	0.03229	0.19628	0.0	0.03229	0.1712	0.09686	0.0	0.08695	0.06457	0.0	0.11924	0.03229	0.05466	0.12242	0.23847	0.11924	0.08695	0.08695
0.02926	0.08778	0.26567	0.08778	0.05852	0.11704	0.05852	0.14021	0.23641	0.20482	0.05852	0.16659	0.11704	0.11704	0.0788	0.22511	0.08778	0.13732	0.02926	0.02926	0.09067	0.24539	0.08778	0.0788	0.0788	0.16659	0.1463	0.08778	0.0788	0.02926	0.11704	0.16659	0.05852	0.05852	0.05852	0.21613	0.08778	0.10806	0.19585	0.10806	0.05852	0.08778	0.11704	0.05852	0.13732	0.1463	0.17556	0.1463	0.11993	0.02926	0.05852	0.13732	0.05852	0.22511	0.02926	0.0788	0.11704	0.02926	0.02926	0.11704	0.11704	0.04954	0.20715	0.05852
0.0	0.17537	0.1628	0.11025	0.17537	0.0	0.08769	0.05513	0.09768	0.19794	0.0	0.13345	0.05513	0.18795	0.05513	0.0777	0.03256	0.12025	0.03256	0.05513	0.1528	0.03256	0.25307	0.06512	0.05513	0.08769	0.19794	0.05513	0.0	0.03256	0.12025	0.05513	0.17537	0.08769	0.03256	0.13345	0.03256	0.15008	0.18857	0.11025	0.12025	0.0	0.05513	0.08769	0.08769	0.08769	0.08769	0.30547	0.05513	0.08769	0.14281	0.03256	0.0	0.12025	0.09768	0.18536	0.08769	0.05513	0.08769	0.16538	0.23371	0.05513	0.26033	0.2437
0.07304	0.0	0.18922	0.15932	0.15932	0.11618	0.11618	0.18922	0.16357	0.17255	0.04314	0.0	0.21912	0.18922	0.15932	0.27975	0.29299	0.20246	0.04314	0.08628	0.0	0.11618	0.04314	0.0	0.04314	0.07304	0.08628	0.15932	0.04314	0.23236	0.11618	0.07304	0.07304	0.0	0.12942	0.08628	0.04314	0.11618	0.08628	0.11618	0.15932	0.16357	0.07304	0.0	0.11618	0.07304	0.0	0.14608	0.04314	0.0	0.17681	0.04314	0.04314	0.12942	0.0	0.24559	0.08628	0.04314	0.0	0.04314	0.04314	0.0	0.20246	0.04314
0.03506	0.05936	0.12949	0.07012	0.03506	0.03506	0.14025	0.05936	0.15379	0.07012	0.07012	0.19961	0.10518	0.18885	0.22391	0.09443	0.07012	0.05936	0.03506	0.10518	0.03506	0.15379	0.09443	0.05936	0.12949	0.23467	0.10518	0.0	0.09443	0.19961	0.07012	0.17531	0.10518	0.03506	0.03506	0.1437	0.03506	0.12949	0.18885	0.07012	0.17531	0.03506	0.10518	0.17531	0.18885	0.07012	0.17531	0.10518	0.03506	0.03506	0.18885	0.09443	0.14025	0.18885	0.03506	0.16455	0.14025	0.07012	0.09443	0.10518	0.23467	0.18885	0.15379	0.07012
0.06593	0.11163	0.03296	0.17756	0.11163	0.06593	0.12174	0.05581	0.06593	0.13448	0.09889	0.03296	0.06593	0.25622	0.08878	0.11163	0.03296	0.12174	0.03296	0.05581	0.0	0.09889	0.25622	0.06593	0.08878	0.17756	0.25622	0.12174	0.03296	0.09889	0.12174	0.16482	0.11163	0.05581	0.09889	0.18767	0.0	0.09889	0.08878	0.21052	0.18767	0.09889	0.06593	0.06593	0.08878	0.12174	0.05581	0.26895	0.08878	0.05581	0.26634	0.03296	0.03296	0.08878	0.0	0.12174	0.06593	0.08878	0.12174	0.11163	0.17756	0.05581	0.18081	0.17756
0.0	0.07207	0.08513	0.0	0.04257	0.07207	0.2554	0.08513	0.08513	0.25879	0.04257	0.08513	0.22928	0.31442	0.04257	0.11464	0.14415	0.04257	0.0	0.04257	0.07207	0.14415	0.07207	0.14415	0.0	0.07207	0.0	0.1277	0.04257	0.22928	0.11464	0.11464	0.04257	0.18671	0.04257	0.08513	0.0	0.1277	0.19978	0.11464	0.27185	0.08513	0.17447	0.04257	0.25879	0.15721	0.08513	0.04257	0.0	0.04257	0.07207	0.04257	0.11464	0.0	0.07207	0.07207	0.08513	0.04257	0.11464	0.04257	0.19978	0.04257	0.22928	0.0
0.15064	0.0	0.19143	0.10985	0.20719	0.04079	0.28877	0.1664	0.16718	0.0	0.06906	0.06906	0.21971	0.28877	0.13813	0.25278	0.12639	0.04079	0.0	0.0	0.04079	0.08158	0.0	0.04079	0.0	0.15064	0.06906	0.17892	0.06906	0.27301	0.10985	0.0	0.13813	0.08158	0.04079	0.0	0.04079	0.10985	0.15064	0.08158	0.06906	0.12639	0.17892	0.08158	0.06906	0.13813	0.0	0.13813	0.0	0.08158	0.12639	0.08158	0.08158	0.08158	0.06906	0.04079	0.04079	0.06906	0.04079	0.13813	0.19143	0.04079	0.20719	0.10985
0.03859	0.0	0.20784	0.14251	0.07717	0.0	0.21968	0.10392	0.24643	0.06533	0.03859	0.10392	0.08098	0.11576	0.13067	0.14251	0.0	0.14251	0.07717	0.03859	0.03859	0.196	0.03859	0.06533	0.10392	0.14251	0.11576	0.03859	0.10392	0.21968	0.21968	0.03859	0.07717	0.07717	0.06533	0.15815	0.03859	0.11576	0.20784	0.07717	0.11576	0.07717	0.03859	0.03859	0.21968	0.11576	0.15435	0.07717	0.0	0.03859	0.03859	0.06533	0.0	0.31176	0.15435	0.1811	0.03859	0.11576	0.0	0.10392	0.14251	0.10392	0.22349	0.14251
0.12843	0.08647	0.03211	0.10873	0.18596	0.0	0.19898	0.14083	0.0	0.16309	0.05436	0.06422	0.11858	0.4101	0.06422	0.06738	0.0	0.08647	0.0	0.08647	0.03211	0.0	0.16309	0.0	0.03211	0.14083	0.23047	0.14083	0.05436	0.06422	0.14083	0.0	0.14083	0.14083	0.0	0.11858	0.0	0.06422	0.06422	0.11858	0.17294	0.0	0.11858	0.06422	0.08647	0.14083	0.11858	0.30393	0.05436	0.08647	0.09632	0.0	0.03211	0.15069	0.06738	0.05436	0.03211	0.08647	0.06422	0.14083	0.23716	0.03211	0.19836	0.20822
0.14093	0.10466	0.14093	0.12537	0.18523	0.17512	0.13082	0.17512	0.27978	0.07849	0.14896	0.19326	0.12279	0.10466	0.19326	0.12537	0.14896	0.13082	0.02616	0.07046	0.10466	0.0	0.11476	0.05233	0.12279	0.1334	0.12279	0.11476	0.02616	0.12279	0.14896	0.20129	0.12279	0.17512	0.05233	0.05233	0.02616	0.15154	0.14093	0.09663	0.02616	0.07046	0.20129	0.14093	0.07046	0.09663	0.07849	0.12279	0.10466	0.07849	0.19326	0.02616	0.05233	0.12279	0.05233	0.0	0.0886	0.18315	0.07849	0.02616	0.1334	0.07849	0.12537	0.13082
0.05158	0.18052	0.15728	0.09524	0.02579	0.07737	0.12894	0.07737	0.19048	0.09524	0.23464	0.20836	0.05158	0.05158	0.12357	0.13891	0.06945	0.14936	0.07737	0.13149	0.07737	0.13891	0.05158	0.06945	0.09524	0.19048	0.05158	0.15728	0.04366	0.20885	0.07737	0.05158	0.07737	0.02579	0.05158	0.04366	0.02579	0.1057	0.23415	0.05158	0.15473	0.05158	0.26043	0.15728	0.14936	0.10315	0.18052	0.18052	0.13149	0.07737	0.05158	0.12103	0.18052	0.06945	0.12894	0.06945	0.10315	0.12894	0.07737	0.05158	0.1057	0.19048	0.15678	0.05158
0.06386	0.09719	0.11129	0.11129	0.09719	0.12773	0.09719	0.17515	0.14228	0.20848	0.18477	0.11129	0.07114	0.19205	0.12091	0.07348	0.11129	0.09719	0.02371	0.11363	0.09485	0.04743	0.18477	0.04743	0.04743	0.16106	0.23174	0.16833	0.04743	0.14462	0.19887	0.14228	0.12773	0.135	0.07114	0.04015	0.0	0.12773	0.12773	0.08758	0.08758	0.04743	0.18243	0.0803	0.07348	0.09485	0.0803	0.22726	0.12091	0.06386	0.07114	0.0	0.09485	0.135	0.135	0.08758	0.04743	0.11129	0.04743	0.12091	0.14416	0.11857	0.21082	0.23703
0.05731	0.05731	0.12501	0.11462	0.11462	0.0677	0.0	0.20578	0.2195	0.0	0.03385	0.17193	0.09116	0.11462	0.14847	0.3817	0.10488	0.0	0.0	0.10154	0.10154	0.0677	0.09116	0.0	0.05731	0.0	0.05731	0.05731	0.0	0.13539	0.09116	0.20309	0.09116	0.0	0.0677	0.16924	0.03385	0.18232	0.05731	0.09116	0.09116	0.10488	0.03385	0.12501	0.15886	0.18232	0.10154	0.14847	0.10488	0.0	0.23679	0.09116	0.03385	0.03385	0.13539	0.0677	0.10154	0.15886	0.21617	0.15886	0.26374	0.05731	0.05731	0.12501
0.0	0.0	0.13112	0.16662	0.0355	0.0355	0.10651	0.13112	0.31145	0.0	0.0355	0.38596	0.10651	0.0355	0.16662	0.24113	0.10651	0.13112	0.0	0.0355	0.0	0.15573	0.10651	0.09561	0.09561	0.09561	0.11001	0.0	0.06011	0.10651	0.09561	0.0355	0.0	0.0355	0.0	0.09561	0.0	0.25134	0.19123	0.07101	0.13112	0.17751	0.09561	0.15573	0.06011	0.06011	0.10651	0.0355	0.09561	0.0	0.07451	0.09561	0.0	0.16662	0.0	0.09561	0.0355	0.09561	0.06011	0.23763	0.26223	0.06011	0.13462	0.09561
0.0	0.14026	0.03198	0.17224	0.14026	0.0	0.14026	0.10828	0.06395	0.16242	0.03198	0.14026	0.03198	0.21656	0.05414	0.22638	0.03198	0.05414	0.0	0.05414	0.06395	0.06395	0.18459	0.06395	0.05414	0.08612	0.21656	0.15007	0.0	0.0	0.14026	0.09593	0.14026	0.05414	0.0	0.15007	0.06395	0.15007	0.11809	0.17224	0.11809	0.03198	0.0	0.08612	0.11809	0.11809	0.15007	0.29287	0.11809	0.08612	0.16242	0.0	0.03198	0.05414	0.09593	0.08612	0.15988	0.14026	0.18205	0.1944	0.20421	0.11809	0.16242	0.20737
0.18668	0.06558	0.17662	0.1211	0.05552	0.08831	0.09837	0.15712	0.06881	0.06558	0.1211	0.09837	0.14383	0.03279	0.17662	0.21264	0.13439	0.05552	0.03279	0.13116	0.06558	0.0	0.06558	0.1211	0.15389	0.13116	0.13116	0.1211	0.0	0.31101	0.0	0.18668	0.2422	0.06558	0.09837	0.1211	0.08831	0.18668	0.16395	0.06558	0.06558	0.11104	0.06558	0.09837	0.03279	0.03279	0.15389	0.14383	0.06558	0.15389	0.17662	0.13116	0.03279	0.13439	0.0	0.05552	0.16395	0.06558	0.03279	0.1211	0.13116	0.18668	0.1211	0.14383
0.0307	0.17476	0.15651	0.14407	0.09209	0.06139	0.15349	0.16534	0.13465	0.0307	0.08267	0.17779	0.0307	0.11337	0.20546	0.09209	0.0	0.14407	0.05197	0.0	0.05197	0.13465	0.09209	0.15592	0.22674	0.10395	0.0307	0.0307	0.08267	0.17779	0.06139	0.05197	0.11337	0.09209	0.0307	0.16534	0.0307	0.17779	0.23919	0.06139	0.0307	0.12279	0.17779	0.12582	0.13465	0.06139	0.19604	0.14407	0.09209	0.05197	0.09209	0.05197	0.06139	0.20849	0.11337	0.10395	0.11337	0.11337	0.0307	0.06139	0.29116	0.16534	0.12523	0.11337
0.0	0.12911	0.12911	0.25821	0.05919	0.16407	0.19902	0.12911	0.03496	0.14261	0.13983	0.10832	0.0	0.11838	0.03496	0.09415	0.03496	0.1883	0.06992	0.09415	0.10488	0.0	0.14261	0.10488	0.06992	0.05919	0.21253	0.09415	0.06992	0.1883	0.05919	0.03496	0.1883	0.12911	0.0	0.12911	0.05919	0.10832	0.10832	0.09415	0.05919	0.03496	0.2132	0.07336	0.0	0.03496	0.12911	0.35514	0.09415	0.09415	0.0	0.0	0.06992	0.12911	0.03496	0.09415	0.03496	0.12911	0.0	0.15334	0.20247	0.10488	0.2096	0.21253
0.07938	0.13891	0.05344	0.15267	0.11907	0.07329	0.13891	0.11907	0.26564	0.07938	0.11907	0.18626	0.03969	0.11298	0.11298	0.13891	0.13891	0.15267	0.07938	0.17251	0.07938	0.12673	0.18056	0.21986	0.11298	0.22595	0.15267	0.05953	0.09313	0.11907	0.07938	0.11907	0.11907	0.09922	0.07329	0.11298	0.05953	0.13891	0.12673	0.11298	0.09922	0.03969	0.05953	0.15267	0.2458	0.2004	0.09922	0.07938	0.13282	0.05953	0.07329	0.11298	0.03969	0.10118	0.03969	0.05344	0.12673	0.05953	0.11907	0.10118	0.05953	0.13282	0.16642	0.09922
0.17121	0.17121	0.13943	0.21528	0.23479	0.05382	0.18097	0.11739	0.10764	0.03179	0.0	0.20034	0.05382	0.09536	0.13943	0.13943	0.16146	0.203	0.10764	0.16146	0.03179	0.0	0.16207	0.0	0.12715	0.05382	0.03179	0.11739	0.203	0.03179	0.11739	0.08561	0.08561	0.05382	0.08561	0.05382	0.03179	0.16146	0.11473	0.17121	0.08561	0.05382	0.13028	0.20613	0.06357	0.203	0.05382	0.10764	0.0	0.08561	0.15231	0.10764	0.0	0.21589	0.06357	0.0	0.08561	0.11739	0.11739	0.06357	0.17121	0.09849	0.19058	0.10764
0.0788	0.0788	0.13732	0.2364	0.12834	0.02926	0.10806	0.16658	0.04954	0.1402	0.11704	0.09066	0.02926	0.14918	0.13732	0.10806	0.08778	0.10806	0.08778	0.1576	0.02926	0.0	0.16946	0.05852	0.02926	0.10806	0.20714	0.05852	0.05852	0.08778	0.16658	0.05852	0.1576	0.0788	0.05852	0.08778	0.05852	0.09908	0.17844	0.17788	0.13732	0.11704	0.16946	0.11992	0.02926	0.13732	0.12834	0.20161	0.09066	0.18686	0.0788	0.11704	0.02926	0.10806	0.02926	0.10806	0.02926	0.12834	0.02926	0.14918	0.22742	0.02926	0.14309	0.3152
0.12359	0.09178	0.04589	0.04589	0.20129	0.04589	0.0777	0.18809	0.04589	0.0	0.1554	0.0	0.09178	0.22945	0.2331	0.38485	0.04589	0.0	0.12359	0.0	0.09178	0.16948	0.09178	0.04589	0.13767	0.09178	0.12359	0.09178	0.0	0.1422	0.0777	0.04589	0.12359	0.16948	0.09178	0.18356	0.0777	0.13767	0.0777	0.0777	0.04589	0.04589	0.09178	0.1422	0.0	0.12359	0.12359	0.0	0.0	0.04589	0.04589	0.09178	0.09178	0.17401	0.0	0.09178	0.04589	0.12359	0.04589	0.0	0.24718	0.0777	0.12359	0.32488
0.16801	0.0	0.06485	0.07661	0.10316	0.14146	0.0383	0.16801	0.06485	0.12971	0.24462	0.0	0.07661	0.10316	0.16801	0.0	0.07661	0.14146	0.10316	0.11491	0.0383	0.0	0.06485	0.07661	0.0383	0.07661	0.0	0.0383	0.0383	0.28293	0.29772	0.07661	0.16801	0.0	0.0	0.14146	0.10316	0.07661	0.11491	0.06485	0.0383	0.07661	0.11491	0.16801	0.0	0.16801	0.06485	0.22983	0.10316	0.07661	0.0383	0.0383	0.10316	0.28293	0.0383	0.0	0.06485	0.12971	0.0383	0.0383	0.14146	0.11491	0.11491	0.36258
0.12995	0.03837	0.0	0.24507	0.21847	0.06497	0.0	0.16832	0.0	0.14172	0.24507	0.11512	0.15728	0.07675	0.27167	0.0	0.03837	0.1535	0.1801	0.03837	0.11512	0.03837	0.03837	0.07675	0.1801	0.1801	0.0	0.03837	0.03837	0.10335	0.14172	0.0	0.10335	0.03837	0.10335	0.10335	0.10335	0.1535	0.0	0.10335	0.03837	0.07675	0.19187	0.06497	0.11512	0.10335	0.14172	0.07675	0.14172	0.03837	0.0	0.0	0.11512	0.12995	0.11512	0.03837	0.11512	0.10335	0.19187	0.25685	0.10335	0.03837	0.03837	0.28344
0.11653	0.20306	0.08654	0.04327	0.20306	0.0	0.04327	0.15979	0.1298	0.17307	0.15979	0.11653	0.0	0.11653	0.23305	0.21634	0.11653	0.18979	0.20306	0.0	0.08654	0.04327	0.04327	0.23305	0.04327	0.04327	0.11653	0.0	0.0	0.15979	0.11653	0.0	0.07326	0.0	0.04327	0.08654	0.11653	0.1298	0.11653	0.11653	0.1298	0.04327	0.08654	0.07326	0.20306	0.08654	0.15979	0.1298	0.07326	0.04327	0.15979	0.04327	0.08654	0.27632	0.0	0.04327	0.15979	0.20306	0.0	0.0	0.11653	0.04327	0.04327	0.23305
0.12679	0.04708	0.07971	0.14588	0.15942	0.2065	0.04708	0.07971	0.09416	0.0	0.07971	0.04708	0.17387	0.04708	0.2065	0.0	0.04708	0.17387	0.12679	0.04708	0.14124	0.0	0.09416	0.04708	0.0	0.17387	0.12679	0.12679	0.12679	0.22559	0.07971	0.04708	0.12679	0.0	0.28621	0.14124	0.17387	0.0	0.09416	0.12679	0.04708	0.07971	0.17387	0.17387	0.0	0.04708	0.07971	0.0	0.14124	0.07971	0.04708	0.0	0.0	0.25358	0.22095	0.09416	0.04708	0.07971	0.09416	0.14124	0.07971	0.09416	0.0988	0.31884
0.10294	0.0	0.11467	0.07645	0.14116	0.14116	0.03822	0.2596	0.0	0.0	0.10294	0.11467	0.0	0.11467	0.24787	0.06472	0.0	0.07645	0.10294	0.07645	0.10294	0.11844	0.03822	0.0	0.17938	0.2441	0.03822	0.0	0.0	0.14116	0.14116	0.11844	0.11844	0.11467	0.03822	0.10294	0.2441	0.17938	0.03822	0.06472	0.0	0.03822	0.08021	0.21761	0.07645	0.10294	0.20588	0.14116	0.11467	0.0	0.0	0.03822	0.11467	0.27059	0.03822	0.07645	0.03822	0.23237	0.03822	0.19111	0.14116	0.15289	0.14116	0.16766
0.12975	0.15326	0.03832	0.07663	0.10319	0.0	0.06487	0.23745	0.03832	0.03832	0.06487	0.07663	0.03832	0.14151	0.30957	0.07663	0.0	0.14151	0.20638	0.2447	0.03832	0.07663	0.11495	0.12975	0.03832	0.07663	0.06487	0.03832	0.11495	0.11873	0.06487	0.07663	0.10319	0.0	0.10319	0.19158	0.23294	0.10319	0.15326	0.16806	0.0	0.06487	0.15326	0.06487	0.07663	0.07663	0.10319	0.0	0.15326	0.0	0.03832	0.03832	0.0	0.32511	0.20638	0.0	0.03832	0.06487	0.07663	0.17982	0.10319	0.10319	0.07663	0.2447
0.13964	0.0	0.1037	0.15555	0.19149	0.05185	0.0	0.24334	0.05185	0.15555	0.24334	0.05185	0.1037	0.16066	0.17558	0.05185	0.1037	0.0	0.19149	0.0	0.0	0.0	0.0	0.05185	0.16066	0.05185	0.1037	0.0	0.05185	0.08779	0.19149	0.1037	0.13964	0.1037	0.2074	0.05185	0.08779	0.15555	0.1037	0.13964	0.0	0.0	0.15555	0.10881	0.0	0.0	0.19149	0.1037	0.29519	0.0	0.1037	0.1037	0.0	0.22743	0.15555	0.0	0.05185	0.08779	0.0	0.15555	0.13964	0.0	0.05185	0.27928
0.10932	0.04059	0.04059	0.10932	0.23109	0.0	0.04059	0.10932	0.08118	0.0	0.06873	0.14991	0.0	0.04059	0.13745	0.10932	0.04059	0.16236	0.10932	0.0	0.04059	0.0	0.14991	0.04059	0.08118	0.08118	0.04059	0.04059	0.12177	0.06873	0.23109	0.25922	0.06873	0.06873	0.0	0.04059	0.14991	0.08118	0.08118	0.1905	0.0	0.04059	0.1905	0.06873	0.10932	0.08118	0.13745	0.12177	0.0	0.04059	0.04059	0.04059	0.12177	0.21863	0.31227	0.0	0.04059	0.10932	0.08118	0.10932	0.42158	0.12177	0.04059	0.21863
0.12054	0.02238	0.17216	0.09816	0.07578	0.02238	0.08951	0.12054	0.16529	0.1808	0.06713	0.1141	0.07578	0.02238	0.10502	0.24972	0.11367	0.14291	0.04476	0.04476	0.14291	0.14291	0.25658	0.09816	0.06713	0.02238	0.10502	0.1274	0.04476	0.12054	0.06713	0.02238	0.14978	0.04476	0.1274	0.08265	0.02238	0.20318	0.18988	0.06027	0.1274	0.12054	0.06027	0.08265	0.2014	0.14978	0.11189	0.1274	0.13427	0.02238	0.18945	0.04476	0.11189	0.10502	0.20318	0.06713	0.06713	0.02238	0.06713	0.06713	0.14978	0.08951	0.33999	0.06713
0.10465	0.11061	0.09119	0.01943	0.16294	0.09715	0.09715	0.20968	0.12408	0.09715	0.03886	0.19584	0.13792	0.05233	0.10465	0.16294	0.14947	0.11849	0.03886	0.15544	0.11849	0.14351	0.13004	0.07176	0.07176	0.14947	0.05829	0.03886	0.07176	0.11658	0.12408	0.03886	0.13004	0.05829	0.13004	0.18237	0.09715	0.18237	0.13004	0.13792	0.13601	0.11658	0.05829	0.13601	0.13004	0.17486	0.17486	0.05829	0.05233	0.05829	0.10465	0.0329	0.13601	0.15139	0.15544	0.14947	0.15544	0.13601	0.08522	0.11658	0.15544	0.11061	0.2347	0.14947
0.05724	0.09322	0.09975	0.17172	0.23548	0.03599	0.13573	0.09975	0.04251	0.2887	0.14225	0.09975	0.04251	0.10836	0.12752	0.21422	0.10627	0.19297	0.06376	0.15698	0.12921	0.09975	0.14435	0.09975	0.10627	0.06376	0.21422	0.04251	0.04251	0.08501	0.07849	0.04251	0.11448	0.09975	0.121	0.10627	0.04251	0.11448	0.14225	0.14225	0.07849	0.04251	0.14225	0.14877	0.0	0.08711	0.16351	0.14644	0.10836	0.05724	0.06376	0.02125	0.08501	0.12752	0.121	0.05724	0.08501	0.121	0.04251	0.17212	0.09975	0.12752	0.25883	0.19949
0.09135	0.09135	0.0	0.09135	0.0	0.09135	0.0	0.0	0.0	0.15467	0.09135	0.0	0.27405	0.0	0.19171	0.1827	0.0	0.27405	0.09135	0.0	0.09135	0.09135	0.24602	0.0	0.15467	0.09135	0.09135	0.0	0.0	0.1827	0.0	0.0	0.33737	0.15467	0.09135	0.09135	0.0	0.0	0.1827	0.28306	0.30934	0.0	0.15467	0.0	0.1827	0.1827	0.09135	0.09135	0.09135	0.09135	0.0	0.09135	0.0	0.09135	0.0	0.0	0.0	0.09135	0.0	0.0	0.1827	0.09135	0.0	0.0
0.3419	0.18128	0.11397	0.0	0.22794	0.0	0.0	0.0	0.0	0.13462	0.06731	0.11397	0.11397	0.0	0.06731	0.22794	0.06731	0.20857	0.0	0.11397	0.11397	0.24859	0.11397	0.0	0.0	0.11397	0.22794	0.0	0.0	0.0	0.18128	0.0	0.3419	0.0	0.06731	0.0	0.0	0.0	0.06731	0.0	0.0	0.18128	0.0	0.06731	0.0	0.11397	0.0	0.3419	0.18128	0.0	0.18128	0.0	0.13462	0.0	0.0	0.0	0.0	0.11397	0.0	0.11397	0.0	0.11397	0.06731	0.11397
0.16339	0.25989	0.0	0.0	0.0	0.0	0.16339	0.0	0.0	0.193	0.0965	0.0	0.0	0.0	0.0965	0.16339	0.0965	0.39552	0.0	0.0	0.0	0.35639	0.0	0.0	0.0	0.16339	0.0	0.0	0.0	0.0	0.193	0.0	0.16339	0.0	0.25989	0.0965	0.0	0.0	0.0965	0.0	0.0965	0.0965	0.0	0.25989	0.0	0.16339	0.0	0.16339	0.0965	0.0	0.0965	0.0	0.193	0.0	0.0	0.0	0.0	0.16339	0.0	0.0	0.0	0.25989	0.193	0.0
0.18004	0.18004	0.10633	0.10633	0.0	0.0	0.0	0.10633	0.0	0.0	0.10633	0.0	0.0	0.0	0.10633	0.18004	0.0	0.18004	0.0	0.0	0.0	0.0	0.10633	0.10633	0.0	0.28638	0.0	0.0	0.10633	0.0	0.0	0.0	0.28638	0.10633	0.0	0.10633	0.0	0.0	0.10633	0.10633	0.0	0.0	0.53167	0.0	0.0	0.18004	0.10633	0.18004	0.10633	0.0	0.0	0.10633	0.10633	0.0	0.0	0.0	0.0	0.18004	0.10633	0.0	0.21267	0.18004	0.21267	0.10633
0.26941	0.19646	0.07295	0.0	0.1459	0.21885	0.1459	0.0	0.0	0.07295	0.07295	0.0	0.21885	0.07295	0.07295	0.19646	0.0	0.19646	0.0	0.1459	0.0	0.07295	0.0	0.0	0.07295	0.12351	0.07295	0.07295	0.07295	0.1459	0.0	0.07295	0.12351	0.07295	0.07295	0.07295	0.07295	0.0	0.07295	0.0	0.07295	0.07295	0.1459	0.07295	0.0	0.12351	0.21885	0.26941	0.29179	0.07295	0.1459	0.0	0.0	0.1459	0.07295	0.07295	0.07295	0.34236	0.07295	0.1459	0.07295	0.19646	0.07295	0.0
0.10936	0.10936	0.06459	0.06459	0.0	0.10936	0.06459	0.06459	0.0	0.06459	0.12918	0.12918	0.0	0.12918	0.0	0.17395	0.12918	0.28332	0.0	0.12918	0.12918	0.0	0.0	0.06459	0.36773	0.10936	0.0	0.0	0.23855	0.17395	0.0	0.06459	0.10936	0.12918	0.0	0.0	0.0	0.0	0.06459	0.06459	0.0	0.0	0.12918	0.06459	0.39268	0.17395	0.06459	0.23855	0.0	0.17395	0.12918	0.06459	0.06459	0.0	0.17395	0.06459	0.06459	0.21873	0.06459	0.0	0.0	0.10936	0.10936	0.12918
0.07626	0.13512	0.0	0.0	0.09008	0.09008	0.07626	0.07626	0.04504	0.13512	0.1213	0.07626	0.04504	0.2426	0.13512	0.17078	0.2426	0.09452	0.0	0.04504	0.16634	0.09008	0.21138	0.13512	0.04504	0.07626	0.16634	0.07626	0.0	0.04504	0.09008	0.1213	0.1213	0.22878	0.09008	0.04504	0.13512	0.09008	0.16634	0.0	0.07626	0.07626	0.16634	0.1213	0.21138	0.1213	0.09008	0.15252	0.13512	0.04504	0.18016	0.15252	0.19756	0.04504	0.09008	0.07626	0.13512	0.19756	0.1213	0.1213	0.1213	0.04504	0.19756	0.1213
0.18406	0.2339	0.09968	0.19936	0.14952	0.04984	0.04984	0.14952	0.04984	0.0	0.04984	0.14952	0.04984	0.04984	0.14952	0.28374	0.04984	0.15443	0.0	0.04984	0.09968	0.09968	0.19936	0.04984	0.04984	0.08439	0.04984	0.09968	0.09968	0.14952	0.09968	0.2492	0.13422	0.04984	0.04984	0.09968	0.04984	0.14952	0.2492	0.04984	0.04984	0.14952	0.09968	0.0	0.14952	0.13422	0.19936	0.2339	0.04984	0.0	0.04984	0.0	0.0	0.0	0.04984	0.0	0.14952	0.18406	0.04984	0.09968	0.14952	0.08439	0.14952	0.19936
0.29036	0.23092	0.0	0.0	0.14518	0.14518	0.0	0.0	0.14518	0.17149	0.08574	0.0	0.0	0.0	0.08574	0.14518	0.08574	0.26569	0.0	0.0	0.0	0.31667	0.0	0.0	0.29036	0.14518	0.0	0.0	0.0	0.0	0.08574	0.14518	0.14518	0.0	0.08574	0.0	0.0	0.0	0.08574	0.0	0.0	0.23092	0.14518	0.08574	0.0	0.29036	0.14518	0.14518	0.08574	0.0	0.08574	0.0	0.17149	0.0	0.0	0.14518	0.0	0.14518	0.0	0.0	0.0	0.29036	0.08574	0.0
0.0917	0.14585	0.0	0.0	0.0917	0.0917	0.0	0.0	0.27509	0.10831	0.05416	0.18339	0.0917	0.0	0.14585	0.0917	0.05416	0.31367	0.0917	0.0917	0.0917	0.20001	0.0917	0.0	0.0917	0.18339	0.0	0.0	0.0	0.18339	0.10831	0.0	0.0917	0.0	0.14585	0.14585	0.0917	0.0917	0.14585	0.0917	0.14585	0.05416	0.18339	0.14585	0.0	0.0917	0.0	0.27509	0.05416	0.0917	0.05416	0.0	0.10831	0.0	0.0	0.0	0.0	0.0917	0.0	0.0917	0.27509	0.23755	0.29171	0.0917
0.17198	0.27356	0.0	0.0	0.0	0.0	0.0	0.0	0.0	0.20315	0.10158	0.0	0.0	0.0	0.10158	0.17198	0.10158	0.31475	0.0	0.0	0.0	0.37514	0.0	0.0	0.17198	0.17198	0.0	0.0	0.0	0.0	0.10158	0.0	0.17198	0.0	0.27356	0.0	0.0	0.0	0.10158	0.0	0.0	0.27356	0.0	0.10158	0.0	0.17198	0.17198	0.17198	0.10158	0.0	0.10158	0.0	0.20315	0.0	0.0	0.0	0.0	0.17198	0.0	0.0	0.0	0.17198	0.27356	0.0
0.05952	0.19919	0.14261	0.08015	0.1488	0.0	0.1488	0.15467	0.02976	0.11904	0.11904	0.05952	0.08015	0.05952	0.13967	0.22276	0.11904	0.13967	0.05952	0.05952	0.10991	0.13967	0.1488	0.05952	0.08928	0.17857	0.05952	0.02976	0.1488	0.12198	0.0	0.02976	0.10991	0.05952	0.08928	0.02976	0.0	0.05952	0.27935	0.23189	0.05952	0.16943	0.10991	0.08015	0.02976	0.1488	0.02976	0.22896	0.11904	0.0	0.11904	0.10991	0.05952	0.14261	0.05952	0.02976	0.11904	0.08015	0.05952	0.05952	0.36863	0.11904	0.1488	0.11904
0.2073	0.2073	0.0	0.0	0.26065	0.13032	0.07697	0.07697	0.07697	0.15394	0.07697	0.13032	0.0	0.07697	0.07697	0.26065	0.15394	0.2385	0.13032	0.0	0.0	0.23091	0.0	0.07697	0.0	0.13032	0.07697	0.07697	0.0	0.0	0.2073	0.0	0.13032	0.0	0.07697	0.07697	0.15394	0.0	0.2073	0.0	0.07697	0.07697	0.0	0.07697	0.0	0.13032	0.0	0.13032	0.07697	0.0	0.15394	0.0	0.15394	0.2073	0.13032	0.26065	0.0	0.13032	0.0	0.0	0.0	0.26065	0.2073	0.0
0.20973	0.41946	0.07787	0.0	0.07787	0.07787	0.0	0.0	0.0	0.15575	0.07787	0.0	0.0	0.0	0.2413	0.20973	0.07787	0.20973	0.0	0.0	0.07787	0.15575	0.0	0.0	0.0	0.15575	0.0	0.0	0.0	0.07787	0.07787	0.0	0.07787	0.0	0.07787	0.0	0.07787	0.07787	0.07787	0.29528	0.0	0.07787	0.07787	0.15575	0.0	0.15575	0.07787	0.23362	0.20973	0.0	0.07787	0.0	0.23362	0.0	0.0	0.13185	0.0	0.36548	0.0	0.0	0.07787	0.07787	0.07787	0.0
0.18177	0.28913	0.0	0.0	0.0	0.0	0.0	0.0	0.0	0.21472	0.10736	0.0	0.0	0.0	0.28913	0.18177	0.10736	0.33266	0.18177	0.0	0.0	0.21472	0.0	0.0	0.18177	0.18177	0.0	0.18177	0.0	0.0	0.10736	0.0	0.18177	0.0	0.10736	0.0	0.0	0.0	0.10736	0.0	0.0	0.28913	0.0	0.10736	0.0	0.18177	0.0	0.18177	0.10736	0.18177	0.10736	0.0	0.21472	0.0	0.0	0.0	0.0	0.18177	0.0	0.0	0.0	0.18177	0.10736	0.0
0.22435	0.33126	0.1069	0.0	0.0	0.0	0.0	0.0	0.0	0.1069	0.1069	0.0	0.0	0.0	0.1069	0.22435	0.0	0.22435	0.0	0.0	0.0	0.1069	0.21381	0.0	0.0	0.33126	0.1069	0.0	0.0	0.1069	0.0	0.0	0.33126	0.0	0.0	0.0	0.0	0.1069	0.0	0.1069	0.0	0.0	0.21381	0.0	0.0	0.22435	0.1069	0.22435	0.21381	0.0	0.0	0.1069	0.0	0.0	0.0	0.0	0.0	0.22435	0.0	0.0	0.1069	0.22435	0.1069	0.181
0.10621	0.24401	0.16372	0.11503	0.11787	0.0	0.11503	0.08911	0.11503	0.22124	0.05752	0.0	0.10621	0.11503	0.05752	0.21241	0.02876	0.17538	0.02876	0.10621	0.14379	0.20414	0.11503	0.08627	0.0	0.1378	0.02876	0.11503	0.02876	0.11503	0.11503	0.08627	0.04869	0.08911	0.08627	0.05752	0.08627	0.02876	0.19248	0.0	0.13496	0.08627	0.02876	0.02876	0.14379	0.10621	0.19532	0.19532	0.07745	0.08627	0.19532	0.05752	0.05752	0.25	0.13496	0.05752	0.07745	0.13496	0.29041	0.08911	0.07745	0.18366	0.09738	0.10621
0.18642	0.18642	0.0	0.0	0.14527	0.0	0.06922	0.06922	0.06922	0.13844	0.06922	0.14527	0.0	0.06922	0.21449	0.1172	0.13844	0.21449	0.0	0.0	0.0	0.20766	0.0	0.21449	0.0	0.1172	0.06922	0.21449	0.0	0.0	0.18642	0.0	0.1172	0.0	0.06922	0.06922	0.40091	0.0	0.06922	0.1172	0.06922	0.06922	0.0	0.06922	0.0	0.1172	0.0	0.1172	0.06922	0.0	0.13844	0.14527	0.13844	0.21449	0.0	0.0	0.0	0.1172	0.2344	0.0	0.14527	0.1172	0.06922	0.26247
0.22812	0.22812	0.1087	0.0	0.0	0.0	0.0	0.0	0.0	0.0	0.0	0.1087	0.1087	0.0	0.0	0.33682	0.1087	0.22812	0.0	0.0	0.1087	0.0	0.1087	0.0	0.0	0.33682	0.0	0.0	0.0	0.0	0.0	0.0	0.33682	0.1087	0.0	0.0	0.0	0.0	0.1087	0.0	0.0	0.1087	0.2174	0.1087	0.0	0.22812	0.1087	0.22812	0.1087	0.0	0.1087	0.1087	0.0	0.0	0.0	0.0	0.0	0.22812	0.0	0.1087	0.1087	0.22812	0.2174	0.1087
0.19677	0.19677	0.0	0.0	0.07306	0.0	0.32048	0.07306	0.07306	0.21919	0.15333	0.0	0.12371	0.07306	0.19677	0.12371	0.14613	0.2264	0.0	0.0	0.0	0.21919	0.0	0.07306	0.0	0.12371	0.07306	0.26984	0.0	0.0	0.07306	0.0	0.12371	0.0	0.07306	0.07306	0.14613	0.0	0.07306	0.0	0.14613	0.07306	0.12371	0.07306	0.0	0.12371	0.0	0.12371	0.07306	0.0	0.21919	0.07306	0.14613	0.26984	0.0	0.0	0.0	0.19677	0.0	0.0	0.19677	0.24742	0.07306	0.07306
0.09076	0.09076	0.09076	0.11174	0.09076	0.06051	0.15127	0.2025	0.08148	0.18153	0.0	0.17224	0.12102	0.05123	0.14199	0.21178	0.15127	0.11174	0.10245	0.09076	0.06051	0.14199	0.06051	0.09076	0.12102	0.09076	0.2025	0.08148	0.09076	0.21419	0.21178	0.03025	0.03025	0.03025	0.11174	0.06051	0.14199	0.03025	0.23275	0.2025	0.11174	0.15127	0.18451	0.14199	0.2025	0.09076	0.03025	0.18153	0.06051	0.06051	0.06051	0.18153	0.06051	0.13271	0.06051	0.0	0.12102	0.11174	0.09076	0.06051	0.12102	0.12102	0.15127	0.09076
0.14556	0.2638	0.10615	0.14556	0.07883	0.07883	0.07883	0.19707	0.0	0.19707	0.03941	0.07883	0.07883	0.15766	0.11824	0.10615	0.03941	0.26769	0.03941	0.17288	0.0	0.07883	0.07883	0.03941	0.14556	0.06673	0.19707	0.03941	0.07883	0.03941	0.18497	0.03941	0.10615	0.03941	0.11824	0.11824	0.11824	0.10615	0.11824	0.14556	0.2002	0.03941	0.11824	0.11824	0.10615	0.06673	0.22439	0.18497	0.15766	0.03941	0.03941	0.0	0.10615	0.19707	0.17288	0.07883	0.06673	0.17288	0.03941	0.11824	0.06673	0.14556	0.14556	0.07883
0.16354	0.16354	0.06072	0.0	0.06072	0.0	0.06072	0.12145	0.0	0.0	0.06072	0.06072	0.0	0.12145	0.2429	0.16354	0.12145	0.16354	0.0	0.06072	0.06072	0.12145	0.12145	0.06072	0.0	0.10281	0.0	0.06072	0.12145	0.12145	0.06072	0.0	0.22426	0.0	0.06072	0.12145	0.06072	0.12145	0.12145	0.06072	0.0	0.06072	0.10281	0.10281	0.12145	0.16354	0.06072	0.44852	0.06072	0.0	0.12145	0.12145	0.0	0.12145	0.06072	0.06072	0.0	0.20563	0.2429	0.06072	0.22426	0.28499	0.12145	0.0
0.07191	0.12741	0.0	0.07191	0.15684	0.08494	0.07191	0.14381	0.11438	0.12741	0.04247	0.07191	0.04247	0.15684	0.27122	0.16103	0.22875	0.08913	0.07191	0.04247	0.15684	0.15684	0.19931	0.19931	0.04247	0.14381	0.08494	0.07191	0.0	0.11438	0.08494	0.04247	0.11438	0.07191	0.08494	0.11438	0.12741	0.08494	0.15684	0.07191	0.07191	0.07191	0.15684	0.11438	0.12741	0.11438	0.08494	0.21572	0.12741	0.04247	0.16988	0.07191	0.11438	0.04247	0.08494	0.0	0.12741	0.18628	0.25819	0.11438	0.18628	0.04247	0.18628	0.04247
0.07735	0.28567	0.20832	0.33929	0.07735	0.0	0.0	0.1547	0.07735	0.1547	0.0	0.0	0.0	0.07735	0.13097	0.07735	0.1547	0.1547	0.1547	0.07735	0.0	0.1547	0.0	0.0	0.20832	0.07735	0.07735	0.0	0.1547	0.07735	0.0	0.07735	0.07735	0.07735	0.0	0.0	0.23206	0.0	0.0	0.13097	0.0	0.07735	0.07735	0.07735	0.07735	0.28567	0.20832	0.1547	0.0	0.07735	0.07735	0.0	0.1547	0.1547	0.0	0.23206	0.07735	0.1547	0.0	0.07735	0.0	0.20832	0.07735	0.13097
0.10403	0.16548	0.16548	0.0	0.06144	0.16548	0.10403	0.10403	0.10403	0.19039	0.06144	0.10403	0.0	0.0	0.06144	0.10403	0.06144	0.19039	0.10403	0.20806	0.10403	0.12289	0.0	0.0	0.10403	0.3121	0.20806	0.0	0.0	0.16548	0.06144	0.0	0.20806	0.0	0.06144	0.10403	0.0	0.16548	0.06144	0.20806	0.10403	0.06144	0.0	0.16548	0.0	0.10403	0.26951	0.10403	0.06144	0.0	0.16548	0.0	0.28836	0.0	0.0	0.0	0.10403	0.16548	0.0	0.10403	0.0	0.20806	0.16548	0.0
0.14924	0.17128	0.159	0.0318	0.0	0.0636	0.0954	0.08564	0.18104	0.0954	0.2226	0.0954	0.0318	0.17128	0.21284	0.17128	0.0	0.14924	0.0636	0.0636	0.0	0.0636	0.08564	0.0954	0.1272	0.23488	0.1272	0.0318	0.0636	0.2862	0.0318	0.0318	0.11744	0.11744	0.159	0.0636	0.0318	0.0318	0.14924	0.0954	0.1272	0.1272	0.159	0.0636	0.09854	0.11744	0.0318	0.21284	0.159	0.0636	0.29848	0.0318	0.1272	0.0636	0.0318	0.0318	0.0318	0.11744	0.11744	0.0636	0.14924	0.20308	0.0	0.0954
0.0	0.16663	0.06012	0.06012	0.07101	0.0	0.13113	0.06012	0.12023	0.0	0.0	0.20214	0.19124	0.06012	0.13113	0.09562	0.14202	0.12023	0.03551	0.10652	0.07101	0.06012	0.0	0.07101	0.13113	0.21586	0.0	0.0	0.0	0.12023	0.06012	0.03551	0.21586	0.25136	0.13113	0.10652	0.09562	0.23765	0.03551	0.07101	0.13113	0.06012	0.15574	0.20214	0.0	0.03551	0.10652	0.12023	0.09562	0.13113	0.09562	0.03551	0.19124	0.13113	0.0	0.03551	0.0	0.38599	0.06012	0.09562	0.26226	0.07101	0.10652	0.10652
0.26037	0.20708	0.0	0.0	0.13019	0.0	0.13019	0.0	0.0	0.15378	0.07689	0.0	0.0	0.13019	0.20708	0.13019	0.07689	0.31514	0.0	0.0	0.0	0.15378	0.0	0.0	0.13019	0.13019	0.0	0.13019	0.0	0.13019	0.15378	0.0	0.13019	0.0	0.07689	0.20708	0.13019	0.0	0.07689	0.13019	0.07689	0.20708	0.13019	0.07689	0.13019	0.13019	0.13019	0.13019	0.20708	0.0	0.20708	0.13019	0.15378	0.0	0.0	0.0	0.0	0.13019	0.0	0.13019	0.0	0.20708	0.28397	0.0
0.31479	0.1669	0.0	0.0	0.0	0.0	0.0	0.0	0.0	0.22888	0.1669	0.0	0.0	0.0	0.06197	0.31479	0.06197	0.28566	0.10493	0.0	0.0	0.43874	0.20986	0.0	0.0	0.10493	0.0	0.0	0.0	0.0	0.12395	0.0	0.10493	0.0	0.27184	0.06197	0.0	0.10493	0.06197	0.0	0.06197	0.06197	0.0	0.06197	0.0	0.10493	0.0	0.10493	0.06197	0.0	0.1669	0.0	0.12395	0.0	0.0	0.20986	0.0	0.10493	0.10493	0.0	0.0	0.1669	0.22888	0.0
0.18655	0.29674	0.0	0.0	0.0	0.0	0.0	0.0	0.0	0.22036	0.11018	0.0	0.0	0.0	0.11018	0.18655	0.11018	0.45159	0.0	0.0	0.0	0.22036	0.0	0.0	0.0	0.18655	0.0	0.0	0.0	0.0	0.22036	0.0	0.18655	0.0	0.11018	0.11018	0.0	0.0	0.11018	0.0	0.11018	0.11018	0.0	0.11018	0.0	0.18655	0.0	0.18655	0.11018	0.0	0.11018	0.0	0.22036	0.0	0.0	0.0	0.0	0.18655	0.0	0.0	0.0	0.29674	0.22036	0.0
0.14516	0.23089	0.0	0.0	0.0	0.0	0.0	0.0	0.14516	0.17147	0.08573	0.0	0.0	0.0	0.08573	0.14516	0.08573	0.35139	0.0	0.0	0.0	0.17147	0.14516	0.0	0.0	0.14516	0.0	0.14516	0.0	0.14516	0.17147	0.14516	0.14516	0.0	0.08573	0.08573	0.0	0.0	0.23089	0.0	0.08573	0.08573	0.14516	0.08573	0.0	0.14516	0.14516	0.14516	0.08573	0.14516	0.23089	0.0	0.17147	0.14516	0.0	0.14516	0.0	0.14516	0.14516	0.0	0.0	0.23089	0.31662	0.0
0.14168	0.22535	0.0	0.0	0.0	0.0	0.0	0.0	0.0	0.16735	0.22535	0.0	0.0	0.0	0.08368	0.14168	0.08368	0.34295	0.0	0.0	0.0	0.30903	0.0	0.0	0.14168	0.14168	0.0	0.0	0.0	0.14168	0.16735	0.14168	0.14168	0.0	0.08368	0.08368	0.0	0.0	0.36703	0.0	0.08368	0.08368	0.0	0.08368	0.0	0.14168	0.0	0.14168	0.08368	0.14168	0.08368	0.0	0.16735	0.0	0.0	0.14168	0.0	0.14168	0.0	0.0	0.0	0.36703	0.16735	0.0
0.15531	0.24704	0.0	0.15531	0.0	0.15531	0.0	0.0	0.0	0.18345	0.09173	0.0	0.0	0.0	0.09173	0.15531	0.09173	0.37595	0.15531	0.0	0.0	0.18345	0.0	0.0	0.0	0.15531	0.0	0.0	0.15531	0.0	0.18345	0.0	0.15531	0.0	0.09173	0.09173	0.0	0.0	0.09173	0.0	0.09173	0.09173	0.0	0.24704	0.15531	0.15531	0.0	0.15531	0.09173	0.0	0.24704	0.0	0.33876	0.0	0.0	0.0	0.0	0.15531	0.0	0.0	0.0	0.24704	0.18345	0.0
0.1311	0.20853	0.0	0.0	0.0	0.0	0.0	0.0	0.0	0.28596	0.07743	0.0	0.0	0.0	0.07743	0.2622	0.07743	0.31735	0.0	0.0	0.0	0.28596	0.1311	0.0	0.0	0.1311	0.0	0.0	0.0	0.1311	0.15486	0.1311	0.1311	0.0	0.20853	0.07743	0.0	0.0	0.20853	0.0	0.07743	0.07743	0.0	0.07743	0.0	0.1311	0.0	0.1311	0.07743	0.0	0.07743	0.0	0.15486	0.0	0.0	0.3933	0.0	0.1311	0.0	0.0	0.0	0.20853	0.28596	0.0
0.11125	0.28821	0.0	0.0	0.0	0.0	0.11125	0.0	0.0	0.2036	0.06571	0.0	0.0	0.11125	0.06571	0.11125	0.17696	0.38055	0.11125	0.0	0.0	0.13141	0.0	0.33375	0.0	0.2225	0.0	0.0	0.11125	0.11125	0.13141	0.0	0.11125	0.0	0.17696	0.06571	0.0	0.0	0.06571	0.11125	0.06571	0.17696	0.0	0.06571	0.11125	0.11125	0.11125	0.11125	0.06571	0.0	0.06571	0.0	0.13141	0.0	0.11125	0.0	0.11125	0.2225	0.0	0.0	0.0	0.28821	0.24266	0.11125
0.1314	0.20901	0.0	0.0	0.0	0.0	0.26281	0.0	0.0	0.15522	0.07761	0.0	0.0	0.1314	0.07761	0.1314	0.07761	0.31809	0.1314	0.0	0.0	0.15522	0.0	0.26281	0.0	0.26281	0.0	0.0	0.1314	0.1314	0.15522	0.0	0.1314	0.0	0.07761	0.07761	0.0	0.1314	0.07761	0.1314	0.07761	0.07761	0.0	0.07761	0.1314	0.1314	0.0	0.1314	0.07761	0.1314	0.07761	0.0	0.15522	0.1314	0.1314	0.0	0.26281	0.1314	0.0	0.0	0.0	0.34041	0.15522	0.0
0.18045	0.12221	0.11647	0.11647	0.0	0.0	0.05824	0.23294	0.0	0.0	0.0	0.05824	0.0	0.11647	0.11647	0.18045	0.11647	0.23869	0.29118	0.0	0.05824	0.05824	0.05824	0.05824	0.17471	0.23869	0.05824	0.05824	0.05824	0.05824	0.11647	0.11647	0.12221	0.11647	0.17471	0.05824	0.05824	0.0	0.11647	0.11647	0.0	0.05824	0.05824	0.05824	0.11647	0.15684	0.05824	0.18045	0.17471	0.05824	0.29118	0.05824	0.05824	0.05824	0.05824	0.05824	0.11647	0.23869	0.0	0.0	0.29118	0.18045	0.05824	0.05824
0.08031	0.3029	0.14229	0.09486	0.0	0.04743	0.17517	0.12774	0.04743	0.0	0.0	0.09486	0.04743	0.09486	0.09486	0.08031	0.09486	0.38321	0.09486	0.0	0.04743	0.04743	0.12774	0.04743	0.0	0.12774	0.0	0.09486	0.25547	0.04743	0.0	0.12774	0.20804	0.04743	0.0	0.0	0.04743	0.09486	0.09486	0.18972	0.0	0.09486	0.09486	0.04743	0.12774	0.20804	0.09486	0.3029	0.14229	0.09486	0.04743	0.0	0.04743	0.0	0.20804	0.0	0.04743	0.12774	0.04743	0.0	0.27003	0.17517	0.04743	0.04743
0.14168	0.14168	0.05937	0.05937	0.0	0.05937	0.0	0.17812	0.05937	0.17812	0.0	0.05937	0.05937	0.11874	0.11874	0.14168	0.05937	0.20105	0.05937	0.05937	0.0	0.17812	0.0	0.11874	0.11874	0.20105	0.23749	0.0	0.05937	0.05937	0.05937	0.11874	0.20105	0.0	0.17812	0.11874	0.11874	0.05937	0.05937	0.05937	0.17812	0.0	0.11874	0.05937	0.11874	0.1599	0.17812	0.26042	0.05937	0.05937	0.17812	0.11874	0.05937	0.0	0.17812	0.05937	0.05937	0.26042	0.0	0.11874	0.11874	0.20105	0.17812	0.17812
0.1286	0.33316	0.0	0.1286	0.1286	0.0	0.0	0.0	0.0	0.15191	0.07595	0.0	0.0	0.0	0.07595	0.2572	0.20456	0.31131	0.0	0.1286	0.0	0.15191	0.1286	0.0	0.1286	0.2572	0.0	0.0	0.0	0.0	0.15191	0.0	0.1286	0.0	0.07595	0.07595	0.0	0.0	0.07595	0.0	0.07595	0.07595	0.0	0.1594	0.1286	0.1286	0.0	0.38581	0.20456	0.1286	0.07595	0.0	0.15191	0.0	0.0	0.0	0.0	0.1286	0.0	0.1286	0.0	0.20456	0.15191	0.0
0.16502	0.26249	0.0	0.0	0.0	0.0	0.0	0.0	0.0	0.19493	0.09747	0.0	0.0	0.0	0.09747	0.16502	0.09747	0.39948	0.0	0.0	0.0	0.19493	0.0	0.0	0.0	0.16502	0.0	0.0	0.0	0.0	0.19493	0.0	0.33005	0.0	0.09747	0.09747	0.16502	0.0	0.09747	0.0	0.09747	0.09747	0.16502	0.09747	0.0	0.16502	0.0	0.16502	0.09747	0.0	0.09747	0.0	0.19493	0.0	0.0	0.16502	0.0	0.16502	0.0	0.23258	0.0	0.26249	0.19493	0.0
0.1272	0.20232	0.0	0.17927	0.0	0.1272	0.0	0.1272	0.0	0.15025	0.07513	0.0	0.0	0.0	0.20232	0.1272	0.07513	0.30791	0.0	0.0	0.0	0.15025	0.0	0.1272	0.0	0.1272	0.0	0.0	0.1272	0.0	0.15025	0.0	0.1272	0.1272	0.20232	0.07513	0.0	0.0	0.07513	0.0	0.07513	0.07513	0.0	0.20232	0.1272	0.1272	0.0	0.2544	0.20232	0.1272	0.07513	0.0	0.15025	0.0	0.1272	0.0	0.0	0.2544	0.0	0.0	0.2544	0.20232	0.27745	0.1272
0.1119	0.17799	0.1119	0.0	0.0	0.1119	0.0	0.0	0.22379	0.24407	0.06609	0.0	0.1119	0.1119	0.06609	0.1119	0.06609	0.49466	0.1119	0.0	0.0	0.24407	0.0	0.0	0.0	0.33569	0.1119	0.0	0.1119	0.1119	0.13218	0.0	0.1119	0.1119	0.06609	0.06609	0.0	0.0	0.17799	0.1119	0.17799	0.06609	0.0	0.06609	0.0	0.1119	0.0	0.1119	0.06609	0.0	0.06609	0.0	0.24407	0.0	0.0	0.1119	0.0	0.1119	0.0	0.0	0.0	0.17799	0.13218	0.0
0.294	0.23382	0.0	0.0	0.0	0.0	0.0	0.0	0.0	0.17364	0.08682	0.0	0.0	0.0	0.23382	0.294	0.08682	0.35584	0.147	0.0	0.0	0.17364	0.0	0.0	0.0	0.147	0.0	0.0	0.0	0.0	0.17364	0.0	0.147	0.0	0.08682	0.08682	0.0	0.147	0.08682	0.0	0.23382	0.08682	0.0	0.23382	0.0	0.147	0.0	0.147	0.08682	0.147	0.08682	0.0	0.17364	0.0	0.147	0.147	0.0	0.147	0.0	0.0	0.0	0.23382	0.17364	0.0
0.11309	0.29299	0.0	0.0	0.11309	0.0	0.0	0.11309	0.0	0.13359	0.0668	0.0	0.0	0.11309	0.29299	0.11309	0.0668	0.27377	0.0	0.0	0.11309	0.24669	0.0	0.11309	0.0	0.11309	0.11309	0.0	0.0	0.11309	0.13359	0.11309	0.11309	0.0	0.0668	0.17989	0.0	0.0	0.0668	0.0	0.0668	0.0668	0.0	0.0668	0.0	0.11309	0.0	0.45238	0.0668	0.0	0.0668	0.11309	0.13359	0.0	0.11309	0.0	0.0	0.11309	0.22619	0.0	0.11309	0.17989	0.24669	0.0
0.14272	0.22701	0.14272	0.0	0.0	0.0	0.0	0.14272	0.0	0.16858	0.08429	0.0	0.0	0.0	0.08429	0.14272	0.08429	0.34548	0.0	0.0	0.0	0.16858	0.14272	0.0	0.0	0.14272	0.14272	0.14272	0.0	0.14272	0.3113	0.14272	0.28543	0.0	0.08429	0.08429	0.0	0.0	0.08429	0.0	0.08429	0.08429	0.0	0.08429	0.0	0.14272	0.0	0.14272	0.08429	0.0	0.08429	0.0	0.16858	0.0	0.0	0.0	0.0	0.28543	0.0	0.0	0.0	0.22701	0.16858	0.28543
0.18339	0.2917	0.0	0.0	0.0	0.18339	0.0	0.0	0.0	0.21663	0.10831	0.0	0.0	0.0	0.10831	0.18339	0.10831	0.44393	0.0	0.0	0.0	0.21663	0.0	0.0	0.0	0.18339	0.0	0.0	0.0	0.0	0.21663	0.0	0.18339	0.0	0.10831	0.10831	0.0	0.0	0.10831	0.0	0.10831	0.10831	0.0	0.10831	0.0	0.18339	0.0	0.18339	0.10831	0.0	0.10831	0.0	0.21663	0.0	0.0	0.0	0.0	0.18339	0.0	0.0	0.0	0.2917	0.21663	0.0
0.18038	0.28692	0.0	0.0	0.0	0.0	0.0	0.0	0.0	0.21307	0.10654	0.0	0.0	0.0	0.10654	0.18038	0.10654	0.43665	0.0	0.0	0.0	0.21307	0.0	0.0	0.0	0.18038	0.0	0.0	0.0	0.18038	0.21307	0.0	0.18038	0.0	0.10654	0.10654	0.0	0.0	0.10654	0.0	0.10654	0.10654	0.0	0.10654	0.0	0.18038	0.0	0.18038	0.10654	0.0	0.10654	0.0	0.21307	0.0	0.0	0.0	0.0	0.18038	0.0	0.18038	0.0	0.28692	0.21307	0.0
0.18038	0.28692	0.18038	0.0	0.0	0.18038	0.0	0.0	0.0	0.21307	0.10654	0.0	0.0	0.0	0.10654	0.18038	0.10654	0.43665	0.0	0.0	0.0	0.21307	0.0	0.0	0.0	0.18038	0.0	0.0	0.0	0.0	0.21307	0.0	0.18038	0.0	0.10654	0.10654	0.0	0.0	0.10654	0.0	0.10654	0.10654	0.0	0.10654	0.0	0.18038	0.0	0.18038	0.10654	0.0	0.10654	0.0	0.21307	0.0	0.0	0.0	0.0	0.18038	0.0	0.0	0.0	0.28692	0.21307	0.0
0.15828	0.25177	0.0	0.0	0.0	0.0	0.0	0.0	0.0	0.18697	0.09348	0.0	0.0	0.0	0.09348	0.15828	0.09348	0.38316	0.0	0.15828	0.0	0.18697	0.15828	0.0	0.0	0.15828	0.0	0.0	0.0	0.0	0.18697	0.0	0.15828	0.0	0.09348	0.09348	0.0	0.0	0.25177	0.0	0.09348	0.09348	0.0	0.09348	0.0	0.15828	0.31657	0.31657	0.09348	0.0	0.09348	0.0	0.18697	0.0	0.0	0.0	0.0	0.15828	0.0	0.0	0.0	0.25177	0.18697	0.0
0.17171	0.27313	0.0	0.0	0.0	0.0	0.0	0.0	0.0	0.20283	0.10142	0.17171	0.0	0.0	0.10142	0.17171	0.10142	0.41567	0.0	0.0	0.0	0.20283	0.0	0.0	0.0	0.17171	0.0	0.0	0.0	0.0	0.20283	0.0	0.17171	0.0	0.10142	0.10142	0.0	0.0	0.10142	0.0	0.10142	0.10142	0.0	0.10142	0.0	0.17171	0.0	0.17171	0.10142	0.0	0.10142	0.0	0.20283	0.0	0.0	0.0	0.0	0.17171	0.0	0.0	0.0	0.44484	0.20283	0.0
0.17701	0.28156	0.0	0.0	0.0	0.0	0.0	0.0	0.0	0.20909	0.10455	0.0	0.0	0.0	0.10455	0.17701	0.28156	0.4285	0.0	0.0	0.0	0.20909	0.0	0.0	0.0	0.17701	0.0	0.0	0.0	0.17701	0.20909	0.0	0.17701	0.0	0.10455	0.10455	0.0	0.0	0.10455	0.0	0.10455	0.10455	0.0	0.10455	0.0	0.17701	0.0	0.17701	0.10455	0.0	0.10455	0.0	0.20909	0.0	0.0	0.0	0.0	0.17701	0.0	0.0	0.0	0.28156	0.20909	0.0
0.14967	0.23807	0.0	0.14967	0.0	0.0	0.0	0.0	0.0	0.32647	0.0884	0.0	0.14967	0.0	0.0884	0.14967	0.0884	0.36231	0.0	0.0	0.0	0.32647	0.0	0.0	0.0	0.14967	0.0	0.0	0.14967	0.14967	0.1768	0.14967	0.14967	0.0	0.0884	0.0884	0.14967	0.0	0.0884	0.0	0.0884	0.0884	0.0	0.0884	0.0	0.14967	0.0	0.14967	0.0884	0.0	0.23807	0.14967	0.1768	0.0	0.0	0.0	0.0	0.14967	0.0	0.0	0.0	0.23807	0.1768	0.0
0.16766	0.26668	0.0	0.0	0.0	0.0	0.0	0.0	0.0	0.19804	0.09902	0.0	0.0	0.0	0.09902	0.16766	0.09902	0.57351	0.0	0.0	0.0	0.19804	0.0	0.0	0.0	0.16766	0.0	0.0	0.0	0.0	0.19804	0.0	0.16766	0.0	0.09902	0.09902	0.0	0.0	0.09902	0.16766	0.09902	0.09902	0.0	0.09902	0.0	0.16766	0.0	0.16766	0.09902	0.0	0.09902	0.0	0.19804	0.0	0.0	0.0	0.0	0.16766	0.0	0.0	0.0	0.26668	0.19804	0.0
0.15599	0.40411	0.0	0.0	0.0	0.0	0.0	0.0	0.0	0.18426	0.09213	0.0	0.0	0.0	0.09213	0.31198	0.09213	0.37761	0.15599	0.0	0.0	0.18426	0.0	0.0	0.0	0.15599	0.0	0.0	0.0	0.0	0.18426	0.0	0.15599	0.0	0.09213	0.24812	0.0	0.0	0.09213	0.0	0.09213	0.09213	0.0	0.09213	0.15599	0.15599	0.0	0.15599	0.09213	0.0	0.09213	0.0	0.18426	0.0	0.0	0.0	0.15599	0.15599	0.0	0.0	0.0	0.24812	0.18426	0.0
0.15382	0.24467	0.0	0.0	0.0	0.15382	0.0	0.0	0.0	0.1817	0.09085	0.0	0.0	0.0	0.09085	0.15382	0.24467	0.2815	0.0	0.0	0.0	0.1817	0.15382	0.0	0.0	0.15382	0.0	0.0	0.0	0.0	0.09085	0.0	0.30764	0.0	0.09085	0.15382	0.0	0.0	0.09085	0.15382	0.0	0.09085	0.0	0.09085	0.0	0.15382	0.0	0.30764	0.24467	0.0	0.09085	0.0	0.1817	0.0	0.15382	0.0	0.15382	0.30764	0.0	0.15382	0.0	0.15382	0.09085	0.0
0.17884	0.28447	0.0	0.0	0.0	0.0	0.0	0.0	0.0	0.21126	0.28447	0.0	0.0	0.0	0.28447	0.17884	0.10563	0.3273	0.0	0.17884	0.0	0.21126	0.17884	0.0	0.0	0.17884	0.0	0.17884	0.0	0.17884	0.10563	0.0	0.17884	0.0	0.10563	0.0	0.0	0.0	0.10563	0.0	0.0	0.10563	0.0	0.10563	0.17884	0.17884	0.0	0.17884	0.10563	0.0	0.10563	0.0	0.21126	0.0	0.0	0.0	0.0	0.17884	0.0	0.0	0.0	0.17884	0.10563	0.0
0.16342	0.25993	0.0	0.0	0.0	0.0	0.0	0.0	0.0	0.19303	0.25993	0.0	0.0	0.0	0.09652	0.16342	0.25993	0.29907	0.0	0.0	0.0	0.19303	0.0	0.0	0.0	0.16342	0.0	0.0	0.0	0.0	0.09652	0.16342	0.16342	0.0	0.09652	0.32683	0.0	0.0	0.09652	0.0	0.0	0.09652	0.0	0.09652	0.0	0.32683	0.0	0.16342	0.25993	0.16342	0.09652	0.0	0.19303	0.0	0.0	0.0	0.0	0.16342	0.0	0.0	0.0	0.16342	0.09652	0.0
0.15499	0.24653	0.0	0.15499	0.0	0.0	0.0	0.0	0.0	0.33807	0.09154	0.0	0.0	0.0	0.09154	0.15499	0.09154	0.28365	0.0	0.0	0.0	0.18308	0.0	0.0	0.0	0.15499	0.0	0.0	0.15499	0.0	0.09154	0.0	0.15499	0.0	0.24653	0.0	0.46498	0.0	0.24653	0.0	0.0	0.09154	0.0	0.09154	0.0	0.15499	0.15499	0.15499	0.09154	0.0	0.09154	0.0	0.18308	0.0	0.0	0.0	0.0	0.15499	0.0	0.0	0.0	0.15499	0.09154	0.0
0.16342	0.25993	0.0	0.16342	0.16342	0.0	0.0	0.0	0.0	0.19303	0.09652	0.0	0.0	0.0	0.09652	0.16342	0.25993	0.29907	0.0	0.0	0.0	0.19303	0.0	0.0	0.16342	0.16342	0.0	0.0	0.0	0.0	0.09652	0.32683	0.16342	0.0	0.25993	0.0	0.0	0.0	0.25993	0.0	0.16342	0.09652	0.0	0.09652	0.0	0.16342	0.0	0.16342	0.09652	0.0	0.09652	0.0	0.19303	0.0	0.0	0.0	0.0	0.16342	0.0	0.16342	0.0	0.16342	0.09652	0.0
0.2769	0.22022	0.0	0.0	0.0	0.13845	0.0	0.0	0.13845	0.30199	0.08177	0.0	0.0	0.0	0.08177	0.13845	0.08177	0.25337	0.0	0.13845	0.0	0.30199	0.0	0.0	0.0	0.13845	0.0	0.0	0.0	0.0	0.22022	0.0	0.13845	0.0	0.08177	0.0	0.13845	0.0	0.08177	0.0	0.13845	0.08177	0.0	0.08177	0.0	0.13845	0.13845	0.2769	0.22022	0.0	0.08177	0.0	0.16354	0.0	0.0	0.0	0.0	0.13845	0.2769	0.13845	0.0	0.13845	0.22022	0.0
0.13691	0.35467	0.0	0.13691	0.0	0.0	0.0	0.0	0.0	0.43553	0.08086	0.0	0.0	0.0	0.21777	0.13691	0.08086	0.25055	0.0	0.0	0.0	0.29862	0.27381	0.0	0.0	0.13691	0.0	0.13691	0.0	0.0	0.08086	0.0	0.13691	0.13691	0.08086	0.0	0.13691	0.0	0.08086	0.0	0.0	0.08086	0.13691	0.08086	0.0	0.13691	0.13691	0.13691	0.08086	0.0	0.08086	0.0	0.16172	0.0	0.0	0.0	0.0	0.13691	0.0	0.0	0.0	0.27381	0.08086	0.0
0.14775	0.38276	0.14775	0.0	0.0	0.0	0.0	0.0	0.14775	0.17453	0.08726	0.0	0.0	0.0	0.08726	0.14775	0.08726	0.2704	0.0	0.0	0.0	0.17453	0.0	0.0	0.14775	0.14775	0.0	0.0	0.0	0.0	0.08726	0.0	0.14775	0.0	0.23501	0.0	0.0	0.0	0.23501	0.0	0.0	0.08726	0.0	0.08726	0.14775	0.2955	0.0	0.2955	0.23501	0.0	0.08726	0.14775	0.17453	0.0	0.0	0.0	0.0	0.14775	0.0	0.0	0.0	0.14775	0.23501	0.0
0.42508	0.22538	0.0	0.0	0.14169	0.0	0.0	0.0	0.0	0.16737	0.08369	0.0	0.14169	0.0	0.08369	0.14169	0.08369	0.25931	0.0	0.0	0.0	0.16737	0.0	0.0	0.14169	0.14169	0.14169	0.0	0.0	0.0	0.22538	0.0	0.28339	0.0	0.08369	0.0	0.0	0.0	0.08369	0.0	0.0	0.22538	0.0	0.08369	0.0	0.14169	0.0	0.14169	0.22538	0.0	0.22538	0.0	0.16737	0.14169	0.0	0.0	0.0	0.14169	0.0	0.0	0.14169	0.14169	0.22538	0.0
0.14804	0.23548	0.0	0.0	0.0	0.14804	0.0	0.14804	0.0	0.17487	0.08744	0.14804	0.0	0.0	0.08744	0.14804	0.08744	0.27093	0.0	0.0	0.0	0.17487	0.14804	0.0	0.0	0.14804	0.0	0.0	0.0	0.0	0.08744	0.0	0.14804	0.14804	0.08744	0.0	0.0	0.0	0.23548	0.14804	0.0	0.23548	0.0	0.08744	0.14804	0.14804	0.0	0.14804	0.08744	0.0	0.08744	0.14804	0.17487	0.0	0.14804	0.0	0.14804	0.29609	0.0	0.0	0.0	0.14804	0.38352	0.0
0.14004	0.22275	0.14004	0.0	0.0	0.0	0.0	0.0	0.0	0.16542	0.08271	0.0	0.0	0.0	0.22275	0.28008	0.22275	0.25629	0.0	0.14004	0.0	0.30546	0.14004	0.0	0.0	0.14004	0.14004	0.0	0.0	0.0	0.22275	0.0	0.14004	0.0	0.08271	0.0	0.0	0.0	0.08271	0.0	0.0	0.08271	0.0	0.22275	0.0	0.28008	0.14004	0.14004	0.08271	0.0	0.08271	0.0	0.16542	0.14004	0.0	0.0	0.0	0.28008	0.0	0.14004	0.14004	0.14004	0.08271	0.0
0.27475	0.35588	0.0	0.13737	0.13737	0.0	0.0	0.0	0.0	0.16227	0.08114	0.0	0.13737	0.0	0.21851	0.13737	0.08114	0.25141	0.0	0.13737	0.0	0.29964	0.0	0.13737	0.27475	0.27475	0.0	0.0	0.0	0.0	0.08114	0.0	0.13737	0.0	0.08114	0.0	0.13737	0.0	0.08114	0.0	0.0	0.21851	0.0	0.08114	0.0	0.13737	0.0	0.13737	0.21851	0.0	0.08114	0.13737	0.16227	0.0	0.0	0.0	0.0	0.13737	0.0	0.0	0.0	0.13737	0.08114	0.0
0.15849	0.2521	0.0	0.0	0.0	0.0	0.0	0.0	0.15849	0.18722	0.09361	0.0	0.0	0.0	0.09361	0.15849	0.09361	0.29006	0.0	0.0	0.0	0.34571	0.0	0.0	0.0	0.15849	0.0	0.0	0.0	0.0	0.09361	0.0	0.15849	0.0	0.09361	0.0	0.0	0.0	0.09361	0.15849	0.0	0.09361	0.0	0.09361	0.0	0.15849	0.0	0.31699	0.2521	0.0	0.09361	0.0	0.34571	0.0	0.15849	0.0	0.0	0.31699	0.0	0.0	0.0	0.15849	0.09361	0.0
0.15642	0.24881	0.0	0.0	0.0	0.0	0.0	0.15642	0.0	0.18477	0.09239	0.0	0.15642	0.0	0.09239	0.15642	0.09239	0.37866	0.0	0.0	0.0	0.18477	0.0	0.0	0.0	0.15642	0.0	0.0	0.0	0.15642	0.28627	0.15642	0.15642	0.0	0.09239	0.09239	0.0	0.0	0.09239	0.0	0.24881	0.09239	0.0	0.09239	0.0	0.15642	0.0	0.15642	0.09239	0.0	0.09239	0.0	0.18477	0.0	0.0	0.0	0.0	0.31285	0.0	0.0	0.0	0.24881	0.18477	0.15642
0.08624	0.13718	0.25872	0.08624	0.08624	0.0	0.0	0.0	0.0	0.18811	0.05094	0.08624	0.0	0.08624	0.05094	0.08624	0.22342	0.23478	0.0	0.0	0.08624	0.10187	0.0	0.0	0.0	0.17248	0.08624	0.0	0.0	0.08624	0.18811	0.0	0.08624	0.0	0.05094	0.13718	0.08624	0.17248	0.22342	0.0	0.13718	0.05094	0.08624	0.30966	0.0	0.08624	0.0	0.08624	0.05094	0.0	0.05094	0.08624	0.18811	0.08624	0.0	0.08624	0.08624	0.08624	0.0	0.08624	0.17248	0.30966	0.36059	0.17248
0.12663	0.20142	0.0	0.12663	0.0	0.0	0.0	0.0	0.0	0.14958	0.07479	0.0	0.12663	0.0	0.07479	0.12663	0.20142	0.30653	0.0	0.0	0.0	0.27621	0.0	0.0	0.0	0.12663	0.12663	0.0	0.0	0.0	0.14958	0.0	0.25326	0.0	0.20142	0.07479	0.12663	0.0	0.07479	0.0	0.32805	0.07479	0.0	0.20142	0.0	0.25326	0.0	0.12663	0.07479	0.0	0.07479	0.0	0.27621	0.0	0.0	0.0	0.12663	0.12663	0.0	0.12663	0.12663	0.20142	0.14958	0.12663
0.12534	0.19937	0.07403	0.0	0.07403	0.07403	0.0	0.0	0.0	0.14805	0.07403	0.0	0.0	0.25068	0.07403	0.12534	0.07403	0.35472	0.0	0.0	0.0	0.14805	0.0	0.12534	0.0	0.12534	0.0	0.0	0.0	0.07403	0.19937	0.0	0.25068	0.0	0.19937	0.0	0.0	0.07403	0.07403	0.12534	0.0	0.07403	0.0	0.07403	0.12534	0.12534	0.07403	0.12534	0.07403	0.0	0.19937	0.12534	0.22208	0.0	0.0	0.0	0.25068	0.19937	0.12534	0.0	0.25068	0.25068	0.19937	0.0
0.14053	0.22352	0.0	0.0	0.0	0.14053	0.0	0.0	0.0	0.16599	0.083	0.0	0.0	0.0	0.083	0.14053	0.22352	0.34017	0.0	0.0	0.0	0.16599	0.0	0.0	0.0	0.14053	0.0	0.0	0.0	0.0	0.16599	0.0	0.28105	0.0	0.083	0.22352	0.0	0.0	0.083	0.14053	0.083	0.083	0.0	0.083	0.0	0.14053	0.0	0.28105	0.22352	0.0	0.083	0.0	0.16599	0.0	0.14053	0.0	0.0	0.28105	0.0	0.0	0.0	0.22352	0.30652	0.0
0.2649	0.21068	0.0	0.0	0.0	0.0	0.0	0.0	0.13245	0.15645	0.07823	0.0	0.0	0.0	0.07823	0.13245	0.07823	0.32062	0.0	0.0	0.0	0.28891	0.0	0.0	0.0	0.13245	0.0	0.0	0.0	0.0	0.28891	0.0	0.13245	0.0	0.07823	0.21068	0.0	0.0	0.07823	0.13245	0.07823	0.07823	0.0	0.07823	0.13245	0.13245	0.39735	0.13245	0.07823	0.0	0.07823	0.0	0.28891	0.0	0.0	0.0	0.0	0.13245	0.13245	0.0	0.0	0.21068	0.15645	0.0
0.10175	0.08092	0.18028	0.06009	0.12019	0.14101	0.03005	0.09014	0.06009	0.11097	0.15023	0.06009	0.18028	0.0	0.11097	0.20111	0.03005	0.28203	0.09014	0.11097	0.06009	0.24037	0.17106	0.11097	0.03005	0.11097	0.03005	0.03005	0.09014	0.14101	0.15023	0.09014	0.17106	0.12019	0.08092	0.09014	0.09014	0.06009	0.03005	0.14101	0.20111	0.09014	0.09014	0.03005	0.12019	0.19189	0.18028	0.22193	0.09014	0.05087	0.12019	0.06009	0.03005	0.12019	0.0	0.06009	0.09014	0.11097	0.06009	0.09014	0.15023	0.17106	0.11097	0.27042
0.29976	0.18845	0.1113	0.1113	0.22261	0.0	0.0	0.0	0.0	0.1113	0.1113	0.0	0.0	0.0	0.29976	0.29976	0.0	0.29976	0.0	0.0	0.0	0.0	0.1113	0.0	0.0	0.29976	0.0	0.0	0.0	0.1113	0.0	0.0	0.29976	0.0	0.0	0.0	0.0	0.0	0.0	0.18845	0.0	0.0	0.22261	0.0	0.0	0.18845	0.1113	0.18845	0.1113	0.0	0.0	0.1113	0.0	0.0	0.0	0.0	0.0	0.18845	0.0	0.0	0.1113	0.18845	0.1113	0.1113
0.10245	0.36787	0.0	0.0	0.10245	0.0	0.0	0.0	0.0	0.22347	0.06051	0.0	0.0	0.2049	0.16296	0.10245	0.06051	0.24801	0.0	0.10245	0.0	0.22347	0.10245	0.10245	0.0	0.10245	0.0	0.10245	0.0	0.10245	0.12102	0.0	0.2049	0.0	0.16296	0.06051	0.10245	0.0	0.16296	0.0	0.16296	0.06051	0.10245	0.06051	0.0	0.10245	0.10245	0.30736	0.16296	0.0	0.16296	0.0	0.12102	0.0	0.0	0.0	0.0	0.30736	0.0	0.0	0.10245	0.16296	0.22347	0.0
0.10435	0.37467	0.10435	0.0	0.10435	0.0	0.10435	0.20869	0.0	0.2276	0.06163	0.10435	0.0	0.10435	0.16597	0.10435	0.06163	0.35694	0.0	0.10435	0.0	0.2276	0.0	0.0	0.0	0.10435	0.0	0.10435	0.0	0.20869	0.12326	0.0	0.20869	0.0	0.06163	0.06163	0.10435	0.0	0.06163	0.10435	0.06163	0.06163	0.10435	0.06163	0.0	0.10435	0.0	0.31304	0.06163	0.0	0.06163	0.0	0.12326	0.0	0.0	0.0	0.0	0.31304	0.0	0.0	0.10435	0.16597	0.12326	0.0
0.09823	0.35271	0.0	0.0	0.09823	0.0	0.0	0.0	0.0	0.3125	0.05802	0.0	0.0	0.09823	0.15625	0.09823	0.05802	0.23779	0.0	0.09823	0.0	0.21427	0.0	0.0	0.0	0.09823	0.0	0.19646	0.0	0.19646	0.11603	0.0	0.19646	0.0	0.15625	0.05802	0.09823	0.0	0.05802	0.0	0.15625	0.05802	0.09823	0.05802	0.0	0.19646	0.09823	0.29469	0.15625	0.09823	0.05802	0.0	0.11603	0.0	0.09823	0.0	0.09823	0.19646	0.0	0.0	0.09823	0.15625	0.3125	0.0
0.13573	0.2159	0.4072	0.0	0.0	0.0	0.0	0.0	0.0	0.16033	0.2159	0.0	0.13573	0.0	0.08017	0.13573	0.08017	0.32857	0.0	0.0	0.0	0.16033	0.13573	0.0	0.0	0.27147	0.0	0.0	0.0	0.13573	0.16033	0.0	0.13573	0.0	0.08017	0.08017	0.27147	0.0	0.08017	0.0	0.08017	0.08017	0.0	0.08017	0.0	0.13573	0.0	0.13573	0.08017	0.0	0.08017	0.13573	0.16033	0.0	0.0	0.0	0.0	0.13573	0.0	0.0	0.0	0.2159	0.29607	0.0
0.19392	0.12396	0.04132	0.08264	0.04132	0.04132	0.04132	0.04132	0.08264	0.08264	0.0	0.08264	0.0	0.16528	0.16528	0.252	0.19392	0.12396	0.04132	0.0	0.0	0.08264	0.24793	0.06996	0.04132	0.16528	0.12396	0.0	0.0	0.0	0.12396	0.16528	0.12396	0.12396	0.0	0.08264	0.12396	0.04132	0.08264	0.35921	0.08264	0.24793	0.04132	0.16528	0.12396	0.2066	0.08264	0.16528	0.04132	0.04132	0.08264	0.04132	0.08264	0.2066	0.08264	0.0	0.08264	0.2066	0.0	0.12396	0.12396	0.12396	0.08264	0.16528
0.02749	0.28035	0.08248	0.15652	0.05499	0.08248	0.10997	0.10997	0.08248	0.02749	0.12903	0.08248	0.02749	0.08519	0.12903	0.12903	0.05499	0.12903	0.02749	0.02749	0.08248	0.16496	0.05499	0.05499	0.05499	0.08248	0.13746	0.08248	0.10154	0.16496	0.0	0.20307	0.19516	0.18401	0.02749	0.02749	0.08248	0.10997	0.24744	0.13746	0.13746	0.10997	0.18401	0.10997	0.05499	0.16496	0.16496	0.21422	0.13746	0.05499	0.05499	0.12903	0.19516	0.12903	0.05499	0.05499	0.08248	0.25806	0.18401	0.05499	0.10154	0.05499	0.10997	0.12903
0.07182	0.2709	0.0	0.0	0.08484	0.08484	0.07182	0.14364	0.04242	0.12726	0.11424	0.07182	0.04242	0.15666	0.19908	0.16084	0.3003	0.08902	0.0	0.11424	0.08484	0.08484	0.19908	0.12726	0.04242	0.07182	0.08484	0.0	0.0	0.04242	0.08484	0.04242	0.18606	0.14364	0.08484	0.04242	0.12726	0.08484	0.15666	0.0	0.07182	0.07182	0.15666	0.11424	0.12726	0.11424	0.08484	0.21547	0.12726	0.04242	0.16968	0.14364	0.18606	0.04242	0.08484	0.0	0.12726	0.25788	0.11424	0.11424	0.18606	0.04242	0.18606	0.11424
0.08999	0.1963	0.05315	0.0	0.05315	0.05315	0.1063	0.26576	0.0	0.05315	0.05315	0.1063	0.0	0.1063	0.15946	0.14315	0.1063	0.3026	0.05315	0.0	0.05315	0.05315	0.05315	0.05315	0.1063	0.14315	0.05315	0.05315	0.05315	0.1063	0.15946	0.0	0.1963	0.0	0.08999	0.21261	0.1063	0.0	0.31891	0.1063	0.0	0.05315	0.1963	0.05315	0.21261	0.08999	0.1063	0.14315	0.21261	0.15946	0.05315	0.15946	0.0	0.1063	0.05315	0.0	0.05315	0.1963	0.05315	0.0	0.05315	0.1963	0.15946	0.15946
0.13758	0.13758	0.15325	0.10217	0.05108	0.0	0.20434	0.10217	0.0	0.05108	0.10217	0.08649	0.10217	0.05108	0.05108	0.23975	0.20434	0.23975	0.0	0.05108	0.0	0.05108	0.05108	0.05108	0.05108	0.13758	0.10217	0.0	0.15325	0.05108	0.20434	0.0	0.13758	0.10217	0.18866	0.0	0.10217	0.08649	0.34192	0.10217	0.05108	0.05108	0.23975	0.18866	0.05108	0.13758	0.10217	0.23975	0.20434	0.0	0.0	0.05108	0.10217	0.10217	0.10217	0.05108	0.0	0.13758	0.05108	0.10217	0.18866	0.13758	0.08649	0.0
0.07681	0.1361	0.0	0.0	0.09073	0.09073	0.07681	0.07681	0.04537	0.1361	0.04537	0.07681	0.04537	0.09073	0.1361	0.17201	0.32116	0.0952	0.0	0.04537	0.09073	0.09073	0.28972	0.1361	0.04537	0.07681	0.24435	0.0	0.0	0.04537	0.09073	0.04537	0.12218	0.07681	0.16754	0.04537	0.1361	0.09073	0.16754	0.0	0.07681	0.15362	0.24435	0.19899	0.21291	0.12218	0.09073	0.07681	0.1361	0.04537	0.18146	0.07681	0.12218	0.04537	0.16754	0.0	0.1361	0.19899	0.04537	0.19899	0.12218	0.04537	0.12218	0.04537
0.12087	0.19226	0.19226	0.0	0.07139	0.07139	0.0	0.0	0.0	0.14277	0.07139	0.0	0.0	0.0	0.19226	0.12087	0.07139	0.2212	0.12087	0.0	0.0	0.14277	0.0	0.0	0.12087	0.12087	0.12087	0.24174	0.0	0.07139	0.07139	0.0	0.24174	0.0	0.19226	0.0	0.12087	0.07139	0.31313	0.0	0.0	0.19226	0.07139	0.14277	0.0	0.12087	0.07139	0.26364	0.07139	0.12087	0.07139	0.0	0.21416	0.0	0.0	0.12087	0.0	0.38451	0.0	0.0	0.07139	0.12087	0.07139	0.0
0.28289	0.20629	0.1532	0.0766	0.0	0.0	0.0	0.41258	0.0766	0.28289	0.0766	0.0766	0.0766	0.12969	0.20629	0.12969	0.0766	0.23735	0.0	0.0	0.0766	0.22979	0.0	0.0	0.0766	0.12969	0.0766	0.0766	0.0	0.0	0.0766	0.0	0.25938	0.0	0.20629	0.0	0.0766	0.0	0.20629	0.0	0.0766	0.1532	0.0766	0.0766	0.0	0.12969	0.0	0.12969	0.1532	0.0	0.0766	0.0	0.1532	0.0766	0.0	0.0	0.0	0.12969	0.0	0.0	0.0766	0.12969	0.0766	0.0
0.32332	0.25714	0.16166	0.0	0.0	0.0	0.0	0.0	0.0	0.19096	0.09548	0.0	0.16166	0.0	0.09548	0.16166	0.09548	0.29585	0.0	0.0	0.16166	0.19096	0.16166	0.0	0.0	0.16166	0.16166	0.0	0.0	0.0	0.09548	0.0	0.16166	0.0	0.09548	0.0	0.0	0.0	0.09548	0.0	0.0	0.25714	0.0	0.09548	0.0	0.32332	0.0	0.16166	0.09548	0.0	0.25714	0.0	0.19096	0.0	0.0	0.0	0.0	0.16166	0.0	0.16166	0.0	0.16166	0.09548	0.0
0.29113	0.29113	0.0	0.0	0.0	0.0	0.08597	0.08597	0.08597	0.17195	0.08597	0.0	0.0	0.08597	0.08597	0.20516	0.17195	0.31032	0.0	0.0	0.0	0.25792	0.0	0.08597	0.0	0.20516	0.08597	0.08597	0.0	0.0	0.08597	0.0	0.20516	0.0	0.08597	0.08597	0.17195	0.0	0.08597	0.0	0.08597	0.08597	0.29113	0.08597	0.0	0.20516	0.0	0.20516	0.08597	0.0	0.17195	0.0	0.17195	0.08597	0.0	0.0	0.0	0.20516	0.0	0.0	0.0	0.20516	0.08597	0.0
0.12686	0.20179	0.0	0.07493	0.07493	0.0	0.14985	0.0	0.0	0.07493	0.07493	0.0	0.07493	0.07493	0.14985	0.20179	0.07493	0.25372	0.0	0.2997	0.22478	0.0	0.07493	0.0	0.0	0.35164	0.0	0.0	0.07493	0.07493	0.07493	0.14985	0.20179	0.14985	0.14985	0.07493	0.0	0.0	0.07493	0.07493	0.14985	0.14985	0.07493	0.07493	0.07493	0.27671	0.0	0.20179	0.0	0.07493	0.0	0.0	0.07493	0.07493	0.0	0.14985	0.0	0.12686	0.0	0.0	0.14985	0.20179	0.14985	0.14985
0.12198	0.19402	0.0	0.07204	0.0	0.0	0.0	0.14408	0.0	0.14408	0.0	0.21613	0.0	0.0	0.14408	0.19402	0.14408	0.29527	0.0	0.07204	0.0	0.07204	0.07204	0.0	0.0	0.19402	0.0	0.07204	0.07204	0.07204	0.21613	0.07204	0.26606	0.14408	0.14408	0.0	0.07204	0.14408	0.21613	0.0	0.0	0.0	0.14408	0.0	0.0	0.19402	0.0	0.26606	0.14408	0.07204	0.07204	0.0	0.07204	0.07204	0.0	0.0	0.07204	0.19402	0.07204	0.0	0.14408	0.24396	0.28817	0.0
0.13384	0.2129	0.0	0.0	0.0	0.0	0.0	0.13384	0.0	0.29195	0.07905	0.0	0.13384	0.26769	0.07905	0.13384	0.2129	0.324	0.0	0.0	0.0	0.1581	0.13384	0.0	0.0	0.26769	0.0	0.0	0.13384	0.0	0.29195	0.0	0.13384	0.0	0.07905	0.07905	0.0	0.0	0.07905	0.0	0.2129	0.07905	0.13384	0.07905	0.13384	0.26769	0.0	0.13384	0.07905	0.0	0.07905	0.0	0.1581	0.0	0.0	0.0	0.0	0.13384	0.0	0.0	0.0	0.2129	0.1581	0.0
0.13223	0.21033	0.0	0.0	0.0	0.0	0.0	0.0	0.0	0.1562	0.0781	0.0	0.26446	0.26446	0.0781	0.13223	0.0781	0.35999	0.0	0.0	0.0	0.1562	0.0	0.0	0.0	0.26446	0.0	0.0	0.0	0.0	0.28843	0.0	0.13223	0.0	0.0781	0.21033	0.13223	0.0	0.0781	0.0	0.21033	0.0781	0.0	0.0781	0.13223	0.26446	0.13223	0.13223	0.21033	0.0	0.0781	0.0	0.1562	0.0	0.0	0.0	0.0	0.13223	0.0	0.0	0.0	0.21033	0.1562	0.0
0.12241	0.19471	0.0	0.0	0.0	0.0	0.0	0.12241	0.0	0.26701	0.0723	0.0	0.24482	0.24482	0.0723	0.12241	0.19471	0.33325	0.0	0.0	0.0	0.1446	0.12241	0.0	0.0	0.24482	0.0	0.0	0.12241	0.0	0.26701	0.0	0.12241	0.0	0.0723	0.19471	0.12241	0.0	0.0723	0.0	0.19471	0.0723	0.12241	0.0723	0.12241	0.24482	0.12241	0.12241	0.19471	0.0	0.0723	0.0	0.1446	0.0	0.0	0.0	0.0	0.12241	0.0	0.0	0.0	0.19471	0.1446	0.0
0.14339	0.22807	0.0	0.14339	0.0	0.0	0.0	0.0	0.0	0.16937	0.08469	0.0	0.14339	0.14339	0.08469	0.14339	0.08469	0.34709	0.0	0.0	0.0	0.31276	0.0	0.0	0.0	0.28677	0.0	0.0	0.0	0.0	0.31276	0.0	0.14339	0.0	0.08469	0.08469	0.0	0.0	0.08469	0.0	0.22807	0.08469	0.0	0.08469	0.14339	0.28677	0.0	0.14339	0.08469	0.0	0.08469	0.0	0.16937	0.0	0.0	0.14339	0.0	0.14339	0.0	0.0	0.0	0.22807	0.16937	0.0
0.12563	0.19982	0.0	0.0	0.0	0.0	0.0	0.0	0.0	0.14839	0.0742	0.0	0.12563	0.25125	0.0742	0.12563	0.0742	0.3041	0.0	0.0	0.0	0.39964	0.0	0.0	0.0	0.25125	0.0	0.0	0.0	0.0	0.27402	0.0	0.12563	0.0	0.0742	0.0742	0.0	0.0	0.19982	0.0	0.19982	0.19982	0.0	0.0742	0.12563	0.25125	0.0	0.12563	0.0742	0.0	0.0742	0.0	0.14839	0.0	0.0	0.0	0.0	0.25125	0.0	0.12563	0.0	0.19982	0.14839	0.0
0.11037	0.17556	0.0	0.0	0.0	0.0	0.0	0.11037	0.0	0.35112	0.17556	0.0	0.11037	0.22074	0.06519	0.22074	0.17556	0.26718	0.0	0.0	0.11037	0.24075	0.11037	0.0	0.0	0.22074	0.0	0.11037	0.11037	0.0	0.24075	0.0	0.11037	0.0	0.06519	0.06519	0.0	0.11037	0.06519	0.0	0.17556	0.06519	0.11037	0.06519	0.11037	0.22074	0.0	0.11037	0.06519	0.11037	0.06519	0.0	0.13037	0.0	0.0	0.0	0.11037	0.11037	0.0	0.0	0.0	0.17556	0.24075	0.22074
0.12599	0.2004	0.0	0.12599	0.12599	0.0	0.0	0.0	0.0	0.2748	0.07441	0.0	0.0	0.0	0.07441	0.37796	0.07441	0.30497	0.0	0.0	0.12599	0.40079	0.0	0.0	0.0	0.25197	0.0	0.0	0.0	0.12599	0.14882	0.0	0.12599	0.12599	0.07441	0.07441	0.0	0.0	0.07441	0.0	0.07441	0.07441	0.25197	0.07441	0.0	0.12599	0.0	0.12599	0.2004	0.0	0.07441	0.0	0.14882	0.0	0.0	0.0	0.0	0.12599	0.0	0.0	0.0	0.2004	0.14882	0.0
0.147	0.23382	0.0	0.0	0.0	0.0	0.0	0.0	0.0	0.17364	0.08682	0.0	0.147	0.147	0.08682	0.147	0.08682	0.35584	0.0	0.147	0.0	0.17364	0.0	0.0	0.0	0.294	0.0	0.0	0.0	0.0	0.32064	0.147	0.147	0.147	0.08682	0.08682	0.0	0.0	0.08682	0.0	0.23382	0.08682	0.0	0.08682	0.147	0.294	0.0	0.147	0.08682	0.0	0.08682	0.0	0.17364	0.0	0.0	0.0	0.0	0.147	0.0	0.0	0.0	0.23382	0.17364	0.0
0.13677	0.21755	0.0	0.0	0.0	0.0	0.0	0.0	0.0	0.16156	0.21755	0.0	0.13677	0.13677	0.08078	0.13677	0.08078	0.33108	0.0	0.0	0.0	0.16156	0.0	0.0	0.0	0.41031	0.0	0.0	0.0	0.0	0.29833	0.0	0.27354	0.0	0.08078	0.08078	0.0	0.0	0.08078	0.0	0.21755	0.08078	0.0	0.08078	0.13677	0.27354	0.0	0.13677	0.08078	0.0	0.08078	0.0	0.16156	0.0	0.0	0.0	0.0	0.13677	0.0	0.0	0.0	0.21755	0.16156	0.0
0.11906	0.18938	0.0	0.0	0.0	0.0	0.0	0.0	0.0	0.2597	0.18938	0.0	0.11906	0.23812	0.07032	0.23812	0.07032	0.28821	0.0	0.0	0.11906	0.2597	0.0	0.0	0.0	0.23812	0.0	0.11906	0.0	0.0	0.2597	0.0	0.11906	0.0	0.07032	0.07032	0.0	0.11906	0.07032	0.0	0.18938	0.07032	0.0	0.07032	0.11906	0.23812	0.0	0.11906	0.07032	0.11906	0.07032	0.0	0.14064	0.0	0.0	0.0	0.11906	0.11906	0.0	0.0	0.0	0.18938	0.2597	0.23812
0.11519	0.18322	0.0	0.11519	0.23038	0.0	0.0	0.0	0.0	0.25126	0.06803	0.0	0.0	0.0	0.06803	0.34557	0.06803	0.27884	0.0	0.0	0.11519	0.36645	0.23038	0.0	0.0	0.23038	0.0	0.0	0.0	0.23038	0.13607	0.0	0.11519	0.11519	0.06803	0.06803	0.0	0.0	0.06803	0.11519	0.06803	0.06803	0.0	0.18322	0.0	0.11519	0.0	0.11519	0.18322	0.0	0.18322	0.0	0.13607	0.0	0.0	0.0	0.0	0.11519	0.0	0.11519	0.0	0.18322	0.13607	0.0
0.13266	0.21101	0.0	0.0	0.0	0.0	0.0	0.0	0.0	0.1567	0.07835	0.0	0.26532	0.13266	0.07835	0.13266	0.07835	0.32114	0.0	0.0	0.0	0.28937	0.0	0.0	0.0	0.26532	0.0	0.13266	0.0	0.0	0.28937	0.0	0.13266	0.0	0.07835	0.21101	0.0	0.0	0.07835	0.0	0.21101	0.07835	0.0	0.07835	0.13266	0.26532	0.0	0.13266	0.07835	0.0	0.07835	0.0	0.1567	0.0	0.0	0.13266	0.0	0.26532	0.0	0.0	0.0	0.21101	0.1567	0.0
0.13631	0.21682	0.0	0.0	0.0	0.0	0.0	0.0	0.0	0.16101	0.08051	0.0	0.13631	0.13631	0.08051	0.13631	0.08051	0.32996	0.0	0.0	0.0	0.29732	0.0	0.0	0.0	0.27262	0.0	0.13631	0.0	0.0	0.29732	0.0	0.13631	0.0	0.08051	0.21682	0.0	0.0	0.08051	0.0	0.21682	0.08051	0.0	0.08051	0.13631	0.27262	0.0	0.13631	0.08051	0.0	0.08051	0.0	0.16101	0.0	0.0	0.13631	0.0	0.27262	0.0	0.0	0.0	0.21682	0.16101	0.0
0.14891	0.38577	0.0	0.0	0.14891	0.0	0.0	0.0	0.0	0.1759	0.08795	0.14891	0.0	0.0	0.08795	0.14891	0.08795	0.36047	0.0	0.14891	0.0	0.1759	0.0	0.14891	0.0	0.29782	0.0	0.0	0.0	0.0	0.1759	0.0	0.14891	0.14891	0.08795	0.08795	0.0	0.0	0.08795	0.0	0.08795	0.08795	0.0	0.08795	0.14891	0.14891	0.14891	0.14891	0.08795	0.0	0.23686	0.0	0.1759	0.0	0.0	0.0	0.0	0.14891	0.0	0.0	0.0	0.23686	0.1759	0.0
0.27476	0.15767	0.17564	0.05855	0.0	0.0	0.17564	0.15767	0.09913	0.11709	0.17564	0.05855	0.11709	0.05855	0.11709	0.15767	0.21622	0.18141	0.0	0.0	0.05855	0.21622	0.0	0.11709	0.05855	0.09913	0.09913	0.09913	0.0	0.09913	0.05855	0.15767	0.09913	0.0	0.05855	0.05855	0.21622	0.11709	0.05855	0.05855	0.09913	0.31534	0.05855	0.11709	0.09913	0.15767	0.11709	0.09913	0.11709	0.0	0.11709	0.0	0.17564	0.21622	0.0	0.09913	0.0	0.09913	0.0	0.05855	0.21622	0.09913	0.05855	0.15767
0.14572	0.23178	0.0	0.0	0.0	0.0	0.0	0.14572	0.0	0.17212	0.08606	0.14572	0.0	0.0	0.08606	0.29143	0.23178	0.35274	0.0	0.0	0.0	0.17212	0.0	0.0	0.0	0.14572	0.0	0.14572	0.0	0.0	0.17212	0.0	0.14572	0.14572	0.08606	0.08606	0.0	0.0	0.08606	0.0	0.08606	0.08606	0.0	0.08606	0.14572	0.14572	0.0	0.29143	0.23178	0.0	0.08606	0.0	0.17212	0.0	0.0	0.0	0.0	0.29143	0.0	0.0	0.0	0.23178	0.17212	0.0
0.12801	0.20362	0.0	0.0	0.0	0.12801	0.0	0.0	0.0	0.27922	0.20362	0.12801	0.0	0.12801	0.07561	0.12801	0.07561	0.43789	0.12801	0.0	0.0	0.15121	0.0	0.12801	0.0	0.12801	0.0	0.12801	0.0	0.0	0.15121	0.0	0.12801	0.0	0.07561	0.07561	0.12801	0.0	0.07561	0.0	0.07561	0.20362	0.0	0.07561	0.12801	0.25602	0.0	0.12801	0.07561	0.0	0.07561	0.0	0.27922	0.0	0.0	0.0	0.0	0.12801	0.12801	0.0	0.0	0.20362	0.27922	0.0
0.13441	0.26883	0.07939	0.0	0.29319	0.0	0.0	0.15877	0.0	0.07939	0.07939	0.0	0.0	0.0	0.0	0.13441	0.07939	0.13441	0.0	0.0	0.0	0.15877	0.0	0.07939	0.31755	0.2138	0.0	0.23816	0.23816	0.07939	0.0	0.0	0.13441	0.0	0.0	0.0	0.0	0.1666	0.15877	0.0	0.0	0.0	0.15877	0.0	0.07939	0.2138	0.0	0.26883	0.0	0.0	0.07939	0.07939	0.0	0.07939	0.0	0.07939	0.15877	0.13441	0.24599	0.15877	0.07939	0.2138	0.07939	0.07939
0.19176	0.19176	0.0	0.0	0.0	0.0	0.0712	0.19176	0.0712	0.1424	0.19176	0.0	0.0	0.0712	0.0712	0.12055	0.1424	0.34118	0.0	0.0	0.0	0.45471	0.0	0.0712	0.0	0.24111	0.0712	0.0712	0.12055	0.24111	0.0712	0.0	0.12055	0.0	0.0712	0.0712	0.1424	0.0	0.19176	0.0	0.0712	0.0712	0.0	0.0712	0.0	0.12055	0.12055	0.12055	0.0712	0.0	0.26296	0.0	0.1424	0.0712	0.0	0.12055	0.0	0.12055	0.0	0.0	0.12055	0.12055	0.0712	0.0
0.10342	0.04741	0.11201	0.11201	0.16801	0.0	0.11201	0.19602	0.35544	0.028	0.11201	0.10342	0.12283	0.056	0.056	0.17883	0.056	0.13142	0.056	0.14001	0.08401	0.08401	0.08401	0.13142	0.056	0.23484	0.11201	0.16801	0.11201	0.11201	0.056	0.08401	0.07541	0.056	0.11201	0.22402	0.11201	0.08401	0.11201	0.056	0.08401	0.0	0.04741	0.11201	0.14001	0.15942	0.18742	0.15942	0.13142	0.11201	0.15942	0.14001	0.11201	0.056	0.08401	0.056	0.028	0.12283	0.21543	0.056	0.028	0.15083	0.028	0.19602
0.11379	0.25447	0.05422	0.05422	0.05422	0.05422	0.10844	0.20025	0.16266	0.0	0.05422	0.05422	0.10844	0.0	0.05422	0.30869	0.05422	0.20025	0.0	0.0	0.05422	0.05422	0.05422	0.05422	0.0	0.0918	0.05422	0.16266	0.0	0.30869	0.05422	0.05422	0.29205	0.05422	0.10844	0.16266	0.05422	0.10844	0.10844	0.05422	0.0	0.10844	0.16266	0.05422	0.16266	0.25447	0.10844	0.14603	0.0	0.0	0.21688	0.0	0.16266	0.0	0.05422	0.0	0.0918	0.18361	0.10844	0.16266	0.05422	0.14603	0.10844	0.0918
0.19556	0.19556	0.0	0.0	0.0	0.0	0.07262	0.07262	0.15239	0.26818	0.07262	0.0	0.0	0.07262	0.07262	0.12295	0.26818	0.22501	0.0	0.0	0.0	0.3408	0.12295	0.07262	0.0	0.2459	0.19556	0.07262	0.0	0.0	0.07262	0.12295	0.2459	0.0	0.07262	0.07262	0.14523	0.0	0.07262	0.0	0.07262	0.07262	0.12295	0.07262	0.0	0.2459	0.0	0.12295	0.07262	0.0	0.14523	0.0	0.14523	0.31851	0.0	0.12295	0.0	0.12295	0.0	0.0	0.0	0.12295	0.07262	0.0
0.12569	0.2047	0.07902	0.0	0.07902	0.0	0.12569	0.04667	0.04667	0.17235	0.2047	0.0	0.0	0.12569	0.04667	0.07902	0.17235	0.22362	0.07902	0.23705	0.0	0.21902	0.07902	0.12569	0.0	0.07902	0.04667	0.04667	0.0	0.07902	0.04667	0.0	0.15803	0.07902	0.12569	0.12569	0.09334	0.07902	0.04667	0.07902	0.2047	0.04667	0.0	0.12569	0.07902	0.07902	0.15803	0.07902	0.12569	0.23705	0.25137	0.07902	0.09334	0.04667	0.07902	0.23705	0.07902	0.07902	0.0	0.15803	0.0	0.15803	0.12569	0.31607
0.09954	0.17347	0.11088	0.11088	0.07392	0.07392	0.0	0.17347	0.11088	0.07392	0.0	0.17347	0.11088	0.03696	0.03696	0.21043	0.03696	0.24739	0.1365	0.03696	0.06258	0.0	0.11088	0.0	0.11088	0.30997	0.0	0.0	0.03696	0.14785	0.14785	0.03696	0.09954	0.0	0.07392	0.03696	0.07392	0.07392	0.21043	0.22177	0.0	0.03696	0.14785	0.11088	0.11088	0.1365	0.03696	0.1365	0.18481	0.03696	0.11088	0.11088	0.03696	0.21043	0.14785	0.07392	0.11088	0.17347	0.0	0.07392	0.14785	0.27301	0.1365	0.17347
0.32997	0.24063	0.0	0.08935	0.0	0.0	0.0	0.08935	0.08935	0.17869	0.08935	0.0	0.08935	0.0	0.08935	0.15128	0.08935	0.27685	0.0	0.0	0.0	0.26804	0.0	0.0	0.08935	0.15128	0.08935	0.08935	0.0	0.0	0.24063	0.0	0.15128	0.0	0.08935	0.0	0.24063	0.0	0.08935	0.15128	0.08935	0.17869	0.08935	0.08935	0.0	0.15128	0.0	0.15128	0.17869	0.0	0.08935	0.0	0.17869	0.08935	0.0	0.0	0.0	0.15128	0.30256	0.0	0.0	0.15128	0.08935	0.15128
0.16693	0.16693	0.0	0.0	0.16693	0.0	0.16693	0.27188	0.16693	0.18595	0.13008	0.0	0.0	0.06198	0.06198	0.2099	0.22892	0.19206	0.0	0.0	0.0	0.18595	0.0	0.06198	0.0	0.10495	0.16693	0.12397	0.0	0.0	0.06198	0.2099	0.10495	0.10495	0.16693	0.16693	0.22892	0.0	0.06198	0.0	0.22892	0.06198	0.10495	0.06198	0.0	0.10495	0.0	0.10495	0.06198	0.10495	0.18595	0.06198	0.22892	0.12397	0.10495	0.0	0.0	0.16693	0.0	0.2099	0.06198	0.10495	0.06198	0.06198
0.1306	0.20773	0.07713	0.20773	0.07713	0.07713	0.07713	0.07713	0.1306	0.07713	0.1306	0.07713	0.0	0.0	0.0	0.20773	0.28487	0.1306	0.0	0.28487	0.15427	0.0	0.07713	0.0	0.30853	0.1306	0.0	0.0	0.07713	0.15427	0.0	0.0	0.1306	0.07713	0.0	0.07713	0.07713	0.0	0.07713	0.15427	0.0	0.0	0.15427	0.20773	0.15427	0.1306	0.07713	0.1306	0.0	0.07713	0.15427	0.0	0.15427	0.1306	0.07713	0.07713	0.07713	0.1306	0.07713	0.1306	0.07713	0.20773	0.0	0.2314
0.34166	0.20977	0.07789	0.0	0.07789	0.07789	0.07789	0.16347	0.16347	0.15578	0.20977	0.0	0.0	0.07789	0.07789	0.13188	0.15578	0.24136	0.0	0.0	0.0	0.31925	0.0	0.07789	0.0	0.13188	0.16347	0.16347	0.0	0.07789	0.07789	0.0	0.13188	0.0	0.07789	0.07789	0.24136	0.07789	0.07789	0.0	0.16347	0.07789	0.0	0.07789	0.0	0.13188	0.07789	0.26377	0.07789	0.0	0.15578	0.0	0.23368	0.07789	0.0	0.0	0.0	0.20977	0.0	0.0	0.0	0.13188	0.07789	0.0
0.24703	0.32	0.15791	0.05264	0.05264	0.14176	0.05264	0.14176	0.08912	0.10527	0.05264	0.05264	0.14176	0.05264	0.05264	0.17824	0.10527	0.25222	0.0	0.0	0.05264	0.28351	0.0	0.05264	0.05264	0.26736	0.08912	0.08912	0.0	0.14176	0.05264	0.0	0.08912	0.0	0.14176	0.05264	0.23088	0.14176	0.05264	0.08912	0.08912	0.10527	0.10527	0.10527	0.0	0.08912	0.05264	0.28351	0.10527	0.0	0.10527	0.0	0.15791	0.10527	0.0	0.0	0.08912	0.19439	0.0	0.08912	0.19439	0.08912	0.05264	0.0
0.3504	0.20108	0.0	0.07466	0.0	0.0	0.07466	0.12642	0.12642	0.14933	0.07466	0.0	0.07466	0.07466	0.07466	0.12642	0.14933	0.23135	0.0	0.0	0.0	0.27574	0.0	0.07466	0.07466	0.12642	0.12642	0.12642	0.12642	0.0	0.07466	0.0	0.25283	0.0	0.20108	0.07466	0.32749	0.0	0.07466	0.0	0.12642	0.14933	0.07466	0.07466	0.0	0.12642	0.0	0.12642	0.14933	0.0	0.14933	0.0	0.14933	0.27574	0.0	0.0	0.0	0.12642	0.0	0.12642	0.0	0.12642	0.07466	0.0
0.06784	0.20351	0.0	0.0	0.0	0.0	0.0	0.06784	0.06784	0.13567	0.06784	0.0	0.0	0.0	0.06784	0.13567	0.18269	0.18269	0.0	0.22971	0.06784	0.31837	0.22971	0.0	0.0	0.06784	0.06784	0.06784	0.11486	0.06784	0.18269	0.0	0.06784	0.0	0.06784	0.06784	0.06784	0.11486	0.13567	0.22971	0.06784	0.06784	0.06784	0.31837	0.0	0.06784	0.0	0.20351	0.06784	0.06784	0.06784	0.0	0.28472	0.0	0.0	0.0	0.06784	0.13567	0.36539	0.11486	0.06784	0.06784	0.06784	0.11486
0.07173	0.21518	0.0	0.0	0.0	0.0	0.0	0.07173	0.07173	0.14345	0.07173	0.0	0.0	0.0	0.07173	0.14345	0.07173	0.19317	0.0	0.12144	0.07173	0.33662	0.12144	0.0	0.0	0.07173	0.07173	0.07173	0.0	0.07173	0.19317	0.0	0.07173	0.0	0.07173	0.07173	0.19317	0.0	0.14345	0.24289	0.07173	0.07173	0.07173	0.33662	0.0	0.07173	0.0	0.21518	0.07173	0.07173	0.07173	0.0	0.30105	0.0	0.0	0.0	0.07173	0.14345	0.38634	0.12144	0.07173	0.07173	0.07173	0.12144
0.06548	0.30733	0.0	0.0	0.0	0.0	0.0	0.06548	0.06548	0.13097	0.06548	0.11087	0.0	0.0	0.17636	0.13097	0.17636	0.17636	0.0	0.11087	0.06548	0.30733	0.11087	0.0	0.0	0.06548	0.06548	0.06548	0.0	0.06548	0.17636	0.0	0.06548	0.11087	0.06548	0.06548	0.06548	0.0	0.13097	0.22175	0.06548	0.06548	0.06548	0.19645	0.0	0.06548	0.0	0.19645	0.06548	0.06548	0.06548	0.11087	0.27485	0.11087	0.0	0.0	0.06548	0.13097	0.46359	0.11087	0.06548	0.06548	0.06548	0.11087
0.11611	0.18468	0.0	0.0	0.0	0.0	0.16364	0.0	0.11611	0.13715	0.30079	0.0	0.0	0.11611	0.18468	0.11611	0.06857	0.39717	0.0	0.0	0.0	0.25326	0.11611	0.0	0.0	0.11611	0.0	0.0	0.0	0.0	0.25326	0.0	0.11611	0.0	0.23221	0.18468	0.0	0.0	0.06857	0.16364	0.06857	0.06857	0.0	0.06857	0.0	0.11611	0.0	0.11611	0.18468	0.0	0.06857	0.0	0.13715	0.0	0.0	0.0	0.23221	0.11611	0.0	0.0	0.0	0.18468	0.25326	0.16364
0.10382	0.26897	0.0	0.14633	0.0	0.0	0.10382	0.10382	0.0	0.43411	0.06132	0.0	0.14633	0.10382	0.06132	0.10382	0.06132	0.35515	0.0	0.0	0.0	0.37279	0.0	0.0	0.0	0.10382	0.0	0.0	0.25015	0.0	0.12264	0.0	0.10382	0.0	0.06132	0.20765	0.10382	0.0	0.06132	0.0	0.06132	0.06132	0.0	0.06132	0.0	0.10382	0.0	0.10382	0.06132	0.20765	0.06132	0.0	0.12264	0.0	0.0	0.0	0.0	0.20765	0.0	0.10382	0.10382	0.16514	0.12264	0.0
0.06376	0.19128	0.0	0.10796	0.0	0.0	0.0	0.06376	0.06376	0.12752	0.06376	0.0	0.0	0.0	0.06376	0.12752	0.17172	0.17172	0.0	0.10796	0.06376	0.29924	0.32387	0.10796	0.0	0.06376	0.06376	0.06376	0.10796	0.06376	0.17172	0.0	0.06376	0.0	0.06376	0.06376	0.06376	0.10796	0.12752	0.21591	0.06376	0.06376	0.06376	0.19128	0.0	0.06376	0.10796	0.29924	0.06376	0.06376	0.06376	0.10796	0.26762	0.21591	0.0	0.0	0.06376	0.12752	0.34344	0.10796	0.06376	0.06376	0.06376	0.10796
0.1394	0.22174	0.1394	0.0	0.0	0.0	0.0	0.0	0.0	0.16467	0.22174	0.0	0.0	0.0	0.22174	0.1394	0.08233	0.33745	0.0	0.0	0.0	0.16467	0.1394	0.1394	0.1394	0.1394	0.0	0.0	0.0	0.1394	0.16467	0.0	0.1394	0.0	0.08233	0.22174	0.0	0.0	0.08233	0.0	0.08233	0.08233	0.0	0.08233	0.0	0.1394	0.1394	0.27881	0.08233	0.1394	0.22174	0.1394	0.16467	0.0	0.0	0.0	0.0	0.27881	0.0	0.0	0.0	0.22174	0.16467	0.0
0.15564	0.40319	0.0	0.0	0.0	0.0	0.0	0.0	0.15564	0.18384	0.19291	0.0	0.0	0.0	0.09192	0.15564	0.09192	0.37675	0.0	0.0	0.0	0.18384	0.0	0.0	0.0	0.15564	0.0	0.0	0.0	0.15564	0.18384	0.15564	0.15564	0.0	0.09192	0.09192	0.0	0.0	0.09192	0.0	0.09192	0.09192	0.0	0.09192	0.0	0.15564	0.0	0.15564	0.09192	0.0	0.09192	0.0	0.18384	0.0	0.0	0.0	0.0	0.15564	0.0	0.0	0.0	0.40319	0.18384	0.0
0.15791	0.40909	0.0	0.0	0.0	0.0	0.0	0.0	0.0	0.18653	0.19573	0.0	0.0	0.0	0.09327	0.31582	0.09327	0.38226	0.0	0.0	0.0	0.18653	0.0	0.0	0.0	0.15791	0.0	0.0	0.0	0.15791	0.18653	0.0	0.15791	0.0	0.09327	0.09327	0.0	0.0	0.09327	0.0	0.09327	0.09327	0.0	0.09327	0.0	0.15791	0.0	0.15791	0.09327	0.0	0.09327	0.0	0.18653	0.0	0.15791	0.0	0.0	0.15791	0.0	0.15791	0.0	0.25118	0.18653	0.0
0.06764	0.10047	0.33099	0.1604	0.11017	0.09276	0.14547	0.11017	0.1527	0.07535	0.0	0.1604	0.07535	0.02512	0.11788	0.05023	0.02512	0.1957	0.02512	0.13529	0.07535	0.1527	0.12558	0.11788	0.22805	0.22805	0.14547	0.0	0.12035	0.19323	0.13529	0.05023	0.11788	0.02512	0.10047	0.06764	0.06764	0.07535	0.20293	0.07535	0.11788	0.13529	0.1604	0.11788	0.09276	0.14299	0.23823	0.09276	0.12035	0.10047	0.07535	0.09276	0.12558	0.04253	0.12558	0.09276	0.09276	0.07783	0.02512	0.05023	0.10047	0.11788	0.16288	0.05023
0.19506	0.03621	0.15884	0.15884	0.26748	0.0	0.0	0.06131	0.23127	0.07243	0.0	0.18464	0.09753	0.03621	0.12263	0.29546	0.12263	0.06131	0.0	0.06131	0.09753	0.06131	0.26748	0.25637	0.03621	0.0	0.09753	0.06131	0.0	0.0	0.03621	0.10864	0.06131	0.0	0.09753	0.0	0.03621	0.19506	0.17353	0.09753	0.12263	0.13374	0.14843	0.11221	0.03621	0.09753	0.14485	0.13374	0.03621	0.03621	0.23127	0.07243	0.0	0.13374	0.06131	0.12263	0.18107	0.03621	0.0	0.06131	0.13374	0.09753	0.22373	0.07243
0.14759	0.11614	0.08469	0.16939	0.16939	0.03145	0.08469	0.16939	0.03145	0.11924	0.09434	0.03145	0.0629	0.12889	0.11614	0.16939	0.03145	0.16939	0.03145	0.13794	0.11614	0.17904	0.15069	0.13794	0.09434	0.15724	0.19119	0.0629	0.03145	0.09434	0.05325	0.0629	0.13794	0.11614	0.08469	0.09434	0.0629	0.0629	0.09434	0.11614	0.20394	0.03145	0.03145	0.09434	0.0629	0.21049	0.14759	0.21669	0.11614	0.11614	0.12579	0.03145	0.0	0.09434	0.08469	0.20084	0.0	0.08469	0.03145	0.16034	0.16034	0.09434	0.23276	0.27649
0.10675	0.17498	0.19773	0.12949	0.09977	0.04549	0.12949	0.09977	0.12949	0.07048	0.02275	0.12251	0.12949	0.2135	0.2135	0.1637	0.11597	0.15922	0.06824	0.04549	0.12949	0.06824	0.19773	0.06824	0.02275	0.13647	0.12949	0.084	0.18196	0.18196	0.09098	0.06824	0.168	0.13647	0.11373	0.04549	0.0	0.14526	0.2135	0.17498	0.04549	0.14526	0.168	0.09977	0.11597	0.06824	0.12949	0.08625	0.11373	0.02275	0.19075	0.04549	0.09098	0.10675	0.10675	0.09098	0.09098	0.06824	0.02275	0.06824	0.18377	0.12949	0.18377	0.04549
0.02134	0.06401	0.20028	0.06401	0.10669	0.02134	0.04267	0.14936	0.09359	0.20682	0.14936	0.12148	0.06401	0.04267	0.14281	0.08535	0.08535	0.14281	0.0	0.18549	0.06401	0.20028	0.14936	0.12148	0.12148	0.12148	0.15146	0.12802	0.12148	0.21337	0.10014	0.10669	0.08535	0.08535	0.10669	0.14281	0.12802	0.10014	0.22816	0.12802	0.0788	0.06401	0.14936	0.12802	0.12148	0.1728	0.12802	0.06401	0.04267	0.06401	0.08535	0.12148	0.12802	0.16415	0.02134	0.12148	0.08535	0.08535	0.06401	0.1707	0.10669	0.12148	0.28563	0.04267
0.0	0.11433	0.04872	0.11433	0.11433	0.04872	0.1387	0.08997	0.09745	0.16546	0.06561	0.08997	0.12181	0.1973	0.09745	0.1387	0.06561	0.15558	0.07309	0.04125	0.08997	0.07309	0.24796	0.08997	0.07309	0.04872	0.21372	0.09745	0.11433	0.07309	0.11433	0.02436	0.17247	0.16306	0.04872	0.16306	0.04872	0.0825	0.30175	0.18742	0.08997	0.14617	0.11433	0.1387	0.07309	0.09745	0.16306	0.19222	0.15558	0.1387	0.07309	0.04872	0.04872	0.12181	0.02436	0.11433	0.02436	0.11433	0.04872	0.12421	0.17247	0.04872	0.20911	0.18235
0.18032	0.02824	0.18032	0.12385	0.21722	0.04781	0.05647	0.1353	0.13251	0.04781	0.08471	0.22	0.25636	0.04781	0.14118	0.22279	0.05926	0.02824	0.0	0.02824	0.18032	0.07604	0.13251	0.0	0.18898	0.07604	0.10428	0.08471	0.02824	0.07604	0.16075	0.08471	0.22813	0.02824	0.05647	0.08471	0.04781	0.14118	0.1722	0.13251	0.11294	0.04781	0.11573	0.1831	0.11294	0.13251	0.0	0.16075	0.13251	0.04781	0.08749	0.25636	0.10428	0.10428	0.07604	0.02824	0.14118	0.08471	0.07604	0.08471	0.07604	0.15208	0.08749	0.16075
0.12547	0.02064	0.15244	0.13814	0.09686	0.07622	0.12383	0.11116	0.1175	0.11116	0.05558	0.19372	0.11116	0.06192	0.15877	0.12383	0.12383	0.07622	0.02064	0.08255	0.20638	0.1318	0.12383	0.12383	0.16511	0.08255	0.06192	0.04128	0.02064	0.1175	0.06192	0.08255	0.08255	0.02064	0.04128	0.18778	0.07622	0.09686	0.17941	0.08255	0.16511	0.06192	0.16081	0.20005	0.1318	0.10319	0.16511	0.17941	0.10319	0.04128	0.1175	0.20802	0.08255	0.21436	0.10319	0.05558	0.15877	0.06192	0.18575	0.08255	0.13814	0.16511	0.22866	0.06192
0.08733	0.16214	0.11976	0.11976	0.11976	0.0	0.12971	0.13291	0.21705	0.05491	0.06486	0.06486	0.08733	0.03243	0.11976	0.20097	0.06805	0.09729	0.03243	0.09729	0.09729	0.06486	0.227	0.03243	0.12971	0.09729	0.18462	0.08733	0.03243	0.19457	0.06486	0.09729	0.21705	0.09729	0.09729	0.12971	0.0	0.18462	0.09729	0.12971	0.06486	0.15219	0.16214	0.227	0.12971	0.09729	0.06486	0.08733	0.05491	0.03243	0.19777	0.03243	0.21705	0.11976	0.0	0.09729	0.09729	0.03243	0.03243	0.09729	0.16214	0.11976	0.262	0.15219
0.09242	0.04237	0.06739	0.17517	0.16749	0.09242	0.1001	0.17764	0.10976	0.02502	0.1001	0.19498	0.07507	0.1001	0.16749	0.07507	0.02502	0.19252	0.07507	0.11744	0.06739	0.23489	0.17517	0.11744	0.14247	0.14247	0.14247	0.07507	0.13479	0.13479	0.07507	0.05005	0.05005	0.05005	0.05005	0.12759	0.06739	0.09242	0.06739	0.12512	0.1001	0.1001	0.23489	0.15015	0.19252	0.14247	0.1001	0.16749	0.02502	0.05005	0.19252	0.09242	0.15015	0.10976	0.02502	0.09242	0.1001	0.09242	0.0	0.15015	0.15015	0.16749	0.17716	0.16749
0.08133	0.14172	0.09059	0.11152	0.14172	0.0302	0.13919	0.14172	0.22304	0.17787	0.0302	0.0302	0.09059	0.15396	0.08133	0.11152	0.06039	0.08133	0.0302	0.16265	0.08133	0.11152	0.17489	0.0302	0.06039	0.09059	0.15338	0.11152	0.0302	0.09059	0.08133	0.08133	0.13245	0.14172	0.0302	0.22304	0.11152	0.06039	0.17192	0.08133	0.14172	0.08133	0.06039	0.15099	0.10226	0.11152	0.11152	0.20807	0.08133	0.14172	0.09059	0.08133	0.14172	0.0302	0.0	0.17192	0.08133	0.17192	0.05113	0.28642	0.22304	0.08133	0.12674	0.20509
0.1475	0.0	0.1475	0.09273	0.1475	0.0	0.295	0.0	0.10954	0.24023	0.0	0.05477	0.0	0.05477	0.0	0.25704	0.05477	0.05477	0.0	0.09273	0.0	0.09273	0.16431	0.05477	0.18546	0.09273	0.295	0.05477	0.0	0.10954	0.20227	0.0	0.16431	0.05477	0.05477	0.0	0.09273	0.20227	0.10954	0.20227	0.09273	0.05477	0.10954	0.05477	0.0	0.05477	0.18546	0.05477	0.0	0.0	0.1475	0.0	0.09273	0.0	0.09273	0.10954	0.0	0.24023	0.05477	0.05477	0.31181	0.0	0.20227	0.05477
0.13608	0.06804	0.13608	0.17627	0.0	0.06804	0.0	0.21645	0.04019	0.17627	0.20412	0.10823	0.13608	0.13608	0.0	0.06804	0.04019	0.20412	0.06804	0.10823	0.06804	0.0	0.06804	0.0	0.24431	0.06804	0.17627	0.0	0.06804	0.0	0.0	0.17627	0.13608	0.0	0.3402	0.20412	0.0	0.31235	0.04019	0.20412	0.13608	0.10823	0.21645	0.10823	0.0	0.04019	0.0	0.06804	0.13608	0.04019	0.06804	0.06804	0.10823	0.06804	0.0	0.0	0.10823	0.13608	0.04019	0.06804	0.13608	0.0	0.0	0.1886
0.08091	0.18263	0.09132	0.19303	0.03391	0.10506	0.21988	0.05741	0.06781	0.12857	0.13563	0.06781	0.10506	0.0	0.21013	0.09132	0.06781	0.15913	0.16247	0.22963	0.03391	0.12522	0.06781	0.17288	0.20678	0.10506	0.16247	0.03391	0.0	0.15913	0.10506	0.03391	0.13897	0.10172	0.09132	0.06781	0.05741	0.24004	0.03391	0.12857	0.16247	0.03391	0.06781	0.14872	0.19638	0.10506	0.21654	0.10172	0.06781	0.09132	0.10506	0.03391	0.10506	0.21988	0.05741	0.03391	0.0	0.14872	0.0	0.0	0.12522	0.09132	0.12857	0.17288
0.08459	0.0423	0.25378	0.16919	0.12689	0.0423	0.11391	0.0423	0.0	0.08459	0.22783	0.08459	0.08459	0.08459	0.07162	0.12689	0.11391	0.0423	0.12689	0.0	0.0423	0.24081	0.15621	0.0	0.16919	0.12689	0.0423	0.08459	0.08459	0.19851	0.08459	0.3254	0.12689	0.12689	0.0	0.0423	0.16919	0.12689	0.16919	0.0423	0.19851	0.0423	0.16919	0.08459	0.0423	0.08459	0.08459	0.21149	0.0	0.0	0.19851	0.0	0.16919	0.12689	0.0	0.0423	0.12689	0.12689	0.11391	0.0423	0.08459	0.21149	0.0423	0.0423
0.12932	0.11793	0.09136	0.0	0.14741	0.04992	0.22972	0.08845	0.0794	0.0	0.14741	0.19733	0.09136	0.10888	0.08845	0.20929	0.05897	0.05897	0.24725	0.14741	0.02948	0.08845	0.02948	0.02948	0.14741	0.29717	0.05897	0.08845	0.05897	0.13837	0.24725	0.11793	0.16785	0.1588	0.02948	0.08845	0.13837	0.13837	0.10888	0.02948	0.05897	0.12084	0.11793	0.16785	0.17924	0.08845	0.11793	0.08845	0.10888	0.11793	0.12084	0.11793	0.02948	0.11793	0.0	0.04992	0.16785	0.08845	0.14741	0.11793	0.12932	0.02948	0.12084	0.08845
0.20631	0.0	0.16408	0.16408	0.20631	0.0	0.0	0.12786	0.18879	0.06093	0.16408	0.0	0.20631	0.06093	0.22501	0.25572	0.24971	0.0	0.0	0.0	0.06093	0.06093	0.16408	0.0	0.06093	0.0	0.0	0.10316	0.06093	0.16408	0.20631	0.10316	0.10316	0.0	0.0	0.0	0.0	0.10316	0.10316	0.10316	0.10316	0.18879	0.06093	0.0	0.06093	0.0	0.0	0.10316	0.06093	0.0	0.12786	0.16408	0.06093	0.20631	0.10316	0.0	0.10316	0.0	0.10316	0.26724	0.06093	0.0	0.20631	0.26724
0.10373	0.0	0.13968	0.05187	0.19155	0.05187	0.1556	0.05187	0.17564	0.05187	0.08782	0.08782	0.05187	0.05187	0.13968	0.05187	0.10373	0.13968	0.0	0.05187	0.0	0.27937	0.08782	0.08782	0.13968	0.08782	0.05187	0.10373	0.08782	0.19155	0.13968	0.08782	0.05187	0.0	0.0	0.08782	0.0	0.10373	0.19155	0.10373	0.05187	0.05187	0.05187	0.05187	0.08782	0.05187	0.10373	0.13968	0.05187	0.0	0.10373	0.08782	0.05187	0.43497	0.08782	0.08782	0.0	0.10373	0.05187	0.27937	0.1556	0.08782	0.24853	0.2275
0.07498	0.16356	0.04429	0.11927	0.16792	0.04429	0.07498	0.11927	0.0	0.16792	0.09294	0.0	0.07498	0.18151	0.04429	0.11927	0.0	0.11927	0.04429	0.07498	0.0	0.04429	0.24291	0.0	0.0	0.04429	0.22495	0.04429	0.0	0.13723	0.22495	0.11927	0.14997	0.11927	0.0	0.04429	0.0	0.04429	0.0	0.19425	0.14997	0.04429	0.0	0.0	0.0	0.08857	0.07498	0.30515	0.11927	0.07498	0.0	0.0	0.0	0.19425	0.09294	0.07498	0.04429	0.07498	0.07498	0.27882	0.16356	0.04429	0.2085	0.38013
0.06326	0.12652	0.06326	0.0	0.11577	0.13798	0.12652	0.12652	0.03736	0.0	0.12652	0.10062	0.0	0.18977	0.12652	0.12652	0.10062	0.12652	0.18977	0.10062	0.06326	0.06326	0.11577	0.12652	0.18977	0.12652	0.06326	0.06326	0.16388	0.0	0.10062	0.16388	0.0	0.0	0.03736	0.06326	0.06326	0.22713	0.0	0.06326	0.18977	0.10062	0.12652	0.12652	0.06326	0.10062	0.18977	0.12652	0.06326	0.0	0.06326	0.06326	0.0	0.10062	0.14166	0.03736	0.16756	0.42059	0.06326	0.12652	0.18977	0.0	0.20124	0.16756
0.11391	0.17087	0.17087	0.21035	0.11391	0.0	0.21035	0.0	0.0	0.05696	0.17087	0.05696	0.05696	0.0	0.11391	0.17087	0.05696	0.34627	0.22783	0.0	0.0	0.05696	0.09644	0.0	0.17087	0.05696	0.11391	0.05696	0.17087	0.05696	0.17087	0.26731	0.11391	0.15339	0.11391	0.0	0.05696	0.11391	0.11391	0.05696	0.22783	0.0	0.11391	0.11391	0.0	0.11391	0.11391	0.11391	0.05696	0.05696	0.11391	0.05696	0.11391	0.05696	0.11391	0.0	0.22783	0.17087	0.05696	0.05696	0.11391	0.09644	0.05696	0.11391
0.20948	0.0	0.1666	0.1666	0.20948	0.0	0.0	0.12982	0.19168	0.06186	0.1666	0.0	0.10474	0.1666	0.22846	0.25964	0.25354	0.0	0.0	0.0	0.06186	0.06186	0.1666	0.0	0.06186	0.0	0.0	0.10474	0.06186	0.1666	0.20948	0.10474	0.10474	0.0	0.0	0.0	0.0	0.10474	0.10474	0.10474	0.10474	0.19168	0.06186	0.0	0.06186	0.0	0.0	0.10474	0.06186	0.0	0.12982	0.1666	0.06186	0.10474	0.10474	0.10474	0.10474	0.0	0.10474	0.27134	0.06186	0.0	0.20948	0.27134
0.05928	0.0	0.15964	0.05928	0.17783	0.05928	0.17783	0.05928	0.20072	0.05928	0.05928	0.15964	0.0	0.11855	0.15964	0.11855	0.11855	0.15964	0.0	0.0	0.0	0.31928	0.11855	0.10036	0.15964	0.10036	0.05928	0.11855	0.10036	0.17783	0.11855	0.05928	0.05928	0.0	0.05928	0.10036	0.0	0.11855	0.21891	0.11855	0.05928	0.05928	0.05928	0.05928	0.10036	0.0	0.11855	0.15964	0.05928	0.0	0.0	0.10036	0.0	0.33746	0.05928	0.15964	0.0	0.11855	0.05928	0.2371	0.11855	0.10036	0.26	0.11855
0.07422	0.1619	0.04384	0.11806	0.16622	0.04384	0.07422	0.11806	0.0	0.16622	0.092	0.0	0.0	0.2539	0.04384	0.11806	0.0	0.11806	0.04384	0.07422	0.0	0.04384	0.24045	0.0	0.0	0.04384	0.22267	0.04384	0.0	0.13584	0.22267	0.11806	0.14845	0.11806	0.0	0.04384	0.0	0.04384	0.0	0.19228	0.14845	0.04384	0.0	0.0	0.0	0.08768	0.07422	0.30206	0.11806	0.07422	0.0	0.0	0.0	0.11806	0.092	0.14845	0.04384	0.07422	0.07422	0.27599	0.1619	0.04384	0.20639	0.37628
0.0	0.17692	0.0	0.0	0.10793	0.12864	0.11795	0.11795	0.03483	0.17692	0.05897	0.09381	0.0	0.17692	0.11795	0.11795	0.15278	0.05897	0.11795	0.09381	0.11795	0.11795	0.1669	0.2359	0.11795	0.11795	0.0	0.05897	0.09381	0.05897	0.09381	0.09381	0.0	0.11795	0.03483	0.05897	0.05897	0.21176	0.05897	0.0	0.11795	0.09381	0.11795	0.11795	0.17692	0.09381	0.17692	0.11795	0.05897	0.0	0.05897	0.05897	0.0	0.09381	0.19105	0.03483	0.14209	0.37799	0.11795	0.11795	0.17692	0.0	0.28485	0.14209
0.20948	0.0	0.1666	0.1666	0.20948	0.0	0.0	0.12982	0.19168	0.06186	0.1666	0.0	0.10474	0.1666	0.22846	0.25964	0.25354	0.0	0.0	0.0	0.06186	0.06186	0.1666	0.0	0.06186	0.0	0.0	0.10474	0.06186	0.1666	0.20948	0.10474	0.10474	0.0	0.0	0.0	0.0	0.10474	0.10474	0.10474	0.10474	0.19168	0.06186	0.0	0.06186	0.0	0.0	0.10474	0.06186	0.0	0.12982	0.1666	0.06186	0.10474	0.10474	0.10474	0.10474	0.0	0.10474	0.27134	0.06186	0.0	0.20948	0.27134
0.05928	0.0	0.15964	0.05928	0.17783	0.05928	0.17783	0.05928	0.20072	0.05928	0.05928	0.15964	0.0	0.11855	0.15964	0.11855	0.11855	0.15964	0.0	0.0	0.0	0.31928	0.11855	0.10036	0.15964	0.10036	0.05928	0.11855	0.10036	0.17783	0.11855	0.05928	0.05928	0.0	0.05928	0.10036	0.0	0.11855	0.21891	0.11855	0.05928	0.05928	0.05928	0.05928	0.10036	0.0	0.11855	0.15964	0.05928	0.0	0.0	0.10036	0.0	0.33746	0.05928	0.15964	0.0	0.11855	0.05928	0.2371	0.11855	0.10036	0.26	0.11855
0.07422	0.1619	0.04384	0.11806	0.16622	0.04384	0.07422	0.11806	0.0	0.16622	0.092	0.0	0.0	0.2539	0.04384	0.11806	0.0	0.11806	0.04384	0.07422	0.0	0.04384	0.24045	0.0	0.0	0.04384	0.22267	0.04384	0.0	0.13584	0.22267	0.11806	0.14845	0.11806	0.0	0.04384	0.0	0.04384	0.0	0.19228	0.14845	0.04384	0.0	0.0	0.0	0.08768	0.07422	0.30206	0.11806	0.07422	0.0	0.0	0.0	0.11806	0.092	0.14845	0.04384	0.07422	0.07422	0.27599	0.1619	0.04384	0.20639	0.37628
0.0	0.17692	0.0	0.0	0.10793	0.12864	0.11795	0.11795	0.03483	0.17692	0.05897	0.09381	0.0	0.17692	0.11795	0.11795	0.15278	0.05897	0.11795	0.09381	0.11795	0.11795	0.1669	0.2359	0.11795	0.11795	0.0	0.05897	0.09381	0.05897	0.09381	0.09381	0.0	0.11795	0.03483	0.05897	0.05897	0.21176	0.05897	0.0	0.11795	0.09381	0.11795	0.11795	0.17692	0.09381	0.17692	0.11795	0.05897	0.0	0.05897	0.05897	0.0	0.09381	0.19105	0.03483	0.14209	0.37799	0.11795	0.11795	0.17692	0.0	0.28485	0.14209
0.09416	0.18831	0.14124	0.26803	0.14124	0.0	0.26803	0.04708	0.0	0.04708	0.18831	0.04708	0.09416	0.0	0.09416	0.18831	0.09416	0.28621	0.18831	0.0	0.0	0.14124	0.07971	0.0	0.14124	0.04708	0.14124	0.04708	0.14124	0.14124	0.14124	0.22095	0.09416	0.17387	0.09416	0.0	0.14124	0.09416	0.09416	0.09416	0.23539	0.0	0.14124	0.09416	0.04708	0.09416	0.09416	0.09416	0.04708	0.04708	0.09416	0.04708	0.14124	0.04708	0.14124	0.09416	0.18831	0.14124	0.04708	0.04708	0.09416	0.07971	0.04708	0.14124
0.20948	0.0	0.1666	0.1666	0.20948	0.0	0.0	0.12982	0.19168	0.06186	0.1666	0.0	0.10474	0.1666	0.22846	0.25964	0.25354	0.0	0.0	0.0	0.06186	0.06186	0.1666	0.0	0.06186	0.0	0.0	0.10474	0.06186	0.1666	0.20948	0.10474	0.10474	0.0	0.0	0.0	0.0	0.10474	0.10474	0.10474	0.10474	0.19168	0.06186	0.0	0.06186	0.0	0.0	0.10474	0.06186	0.0	0.12982	0.1666	0.06186	0.10474	0.10474	0.10474	0.10474	0.0	0.10474	0.27134	0.06186	0.0	0.20948	0.27134
0.05928	0.0	0.15964	0.05928	0.17783	0.05928	0.17783	0.05928	0.20072	0.05928	0.05928	0.15964	0.0	0.11855	0.15964	0.11855	0.11855	0.15964	0.0	0.0	0.0	0.31928	0.11855	0.10036	0.15964	0.10036	0.05928	0.11855	0.10036	0.17783	0.11855	0.05928	0.05928	0.0	0.05928	0.10036	0.0	0.11855	0.21891	0.11855	0.05928	0.05928	0.05928	0.05928	0.10036	0.0	0.11855	0.15964	0.05928	0.0	0.0	0.10036	0.0	0.33746	0.05928	0.15964	0.0	0.11855	0.05928	0.2371	0.11855	0.10036	0.26	0.11855
0.07422	0.1619	0.04384	0.11806	0.16622	0.04384	0.07422	0.11806	0.0	0.16622	0.092	0.0	0.0	0.2539	0.04384	0.11806	0.0	0.11806	0.04384	0.07422	0.0	0.04384	0.24045	0.0	0.0	0.04384	0.22267	0.04384	0.0	0.13584	0.22267	0.11806	0.14845	0.11806	0.0	0.04384	0.0	0.04384	0.0	0.19228	0.14845	0.04384	0.0	0.0	0.0	0.08768	0.07422	0.30206	0.11806	0.07422	0.0	0.0	0.0	0.11806	0.092	0.14845	0.04384	0.07422	0.07422	0.27599	0.1619	0.04384	0.20639	0.37628
0.0	0.17692	0.0	0.0	0.10793	0.12864	0.11795	0.11795	0.03483	0.17692	0.05897	0.09381	0.0	0.17692	0.11795	0.11795	0.15278	0.05897	0.11795	0.09381	0.11795	0.11795	0.1669	0.2359	0.11795	0.11795	0.0	0.05897	0.09381	0.05897	0.09381	0.09381	0.0	0.11795	0.03483	0.05897	0.05897	0.21176	0.05897	0.0	0.11795	0.09381	0.11795	0.11795	0.17692	0.09381	0.17692	0.11795	0.05897	0.0	0.05897	0.05897	0.0	0.09381	0.19105	0.03483	0.14209	0.37799	0.11795	0.11795	0.17692	0.0	0.28485	0.14209
0.09341	0.23353	0.14012	0.17249	0.18682	0.0	0.2659	0.04671	0.0	0.04671	0.18682	0.09341	0.04671	0.0	0.09341	0.14012	0.04671	0.28395	0.18682	0.0	0.0	0.09341	0.07908	0.0	0.18682	0.04671	0.14012	0.04671	0.14012	0.14012	0.14012	0.2192	0.09341	0.17249	0.09341	0.0	0.04671	0.09341	0.14012	0.14012	0.23353	0.0	0.18682	0.18682	0.0	0.09341	0.09341	0.09341	0.04671	0.04671	0.09341	0.09341	0.09341	0.04671	0.14012	0.04671	0.18682	0.14012	0.09341	0.04671	0.09341	0.07908	0.04671	0.14012
0.20948	0.0	0.1666	0.1666	0.20948	0.0	0.0	0.12982	0.19168	0.06186	0.1666	0.0	0.10474	0.1666	0.22846	0.25964	0.25354	0.0	0.0	0.0	0.06186	0.06186	0.1666	0.0	0.06186	0.0	0.0	0.10474	0.06186	0.1666	0.20948	0.10474	0.10474	0.0	0.0	0.0	0.0	0.10474	0.10474	0.10474	0.10474	0.19168	0.06186	0.0	0.06186	0.0	0.0	0.10474	0.06186	0.0	0.12982	0.1666	0.06186	0.10474	0.10474	0.10474	0.10474	0.0	0.10474	0.27134	0.06186	0.0	0.20948	0.27134
0.05928	0.0	0.15964	0.05928	0.17783	0.05928	0.17783	0.05928	0.20072	0.05928	0.05928	0.15964	0.0	0.11855	0.15964	0.11855	0.11855	0.15964	0.0	0.0	0.0	0.31928	0.11855	0.10036	0.15964	0.10036	0.05928	0.11855	0.10036	0.17783	0.11855	0.05928	0.05928	0.0	0.05928	0.10036	0.0	0.11855	0.21891	0.11855	0.05928	0.05928	0.05928	0.05928	0.10036	0.0	0.11855	0.15964	0.05928	0.0	0.0	0.10036	0.0	0.33746	0.05928	0.15964	0.0	0.11855	0.05928	0.2371	0.11855	0.10036	0.26	0.11855
0.07422	0.1619	0.04384	0.11806	0.16622	0.04384	0.07422	0.11806	0.0	0.16622	0.092	0.0	0.0	0.2539	0.04384	0.11806	0.0	0.11806	0.04384	0.07422	0.0	0.04384	0.24045	0.0	0.0	0.04384	0.22267	0.04384	0.0	0.13584	0.22267	0.11806	0.14845	0.11806	0.0	0.04384	0.0	0.04384	0.0	0.19228	0.14845	0.04384	0.0	0.0	0.0	0.08768	0.07422	0.30206	0.11806	0.07422	0.0	0.0	0.0	0.11806	0.092	0.14845	0.04384	0.07422	0.07422	0.27599	0.1619	0.04384	0.20639	0.37628
0.15253	0.06837	0.08416	0.10695	0.10695	0.02279	0.15952	0.0934	0.10695	0.10695	0.06837	0.12974	0.2139	0.15952	0.14554	0.16833	0.08416	0.09116	0.09116	0.06837	0.06837	0.2209	0.11395	0.06837	0.12974	0.17532	0.06837	0.08416	0.09116	0.19112	0.12974	0.09116	0.15253	0.09116	0.04558	0.14554	0.06837	0.24593	0.09996	0.06837	0.11395	0.08416	0.06837	0.22789	0.08416	0.09116	0.11395	0.09996	0.08416	0.04558	0.13898	0.02279	0.04558	0.11395	0.19112	0.03859	0.06837	0.2139	0.11395	0.11395	0.20036	0.08416	0.22314	0.09116
0.10422	0.13027	0.15889	0.07017	0.05211	0.05211	0.05211	0.16639	0.14034	0.07816	0.02605	0.17695	0.18495	0.13027	0.14833	0.10422	0.07816	0.12228	0.05211	0.07816	0.05211	0.16639	0.14833	0.12228	0.07017	0.25255	0.05211	0.07816	0.07017	0.16639	0.08073	0.04411	0.07816	0.07816	0.05211	0.20044	0.07816	0.1509	0.17695	0.07816	0.10422	0.05211	0.10679	0.18495	0.14034	0.13027	0.15633	0.10422	0.0	0.07816	0.09622	0.12228	0.02605	0.24712	0.10422	0.07017	0.07816	0.10422	0.10422	0.10422	0.2786	0.14034	0.20301	0.10422
0.08238	0.12888	0.08238	0.12888	0.07396	0.08238	0.10142	0.09299	0.02746	0.31756	0.05492	0.02746	0.10142	0.24143	0.08238	0.12888	0.04649	0.12888	0.02746	0.07396	0.08238	0.12045	0.28792	0.07396	0.10142	0.10142	0.2409	0.02746	0.05492	0.15634	0.04649	0.02746	0.09299	0.12888	0.0	0.1838	0.02746	0.07396	0.14791	0.04649	0.04649	0.08238	0.10142	0.08238	0.05492	0.02746	0.17537	0.20825	0.09299	0.10142	0.12045	0.04649	0.02746	0.10984	0.13948	0.12045	0.09299	0.1944	0.05492	0.14001	0.1838	0.10142	0.22457	0.20283
0.10015	0.18151	0.12727	0.15439	0.14607	0.02712	0.0	0.10015	0.11895	0.21078	0.08403	0.02712	0.12727	0.10848	0.09183	0.14607	0.13775	0.04592	0.05424	0.0	0.04592	0.14607	0.30046	0.04592	0.10848	0.17319	0.02712	0.11895	0.05424	0.12727	0.04592	0.02712	0.14607	0.10015	0.02712	0.08136	0.02712	0.22178	0.17319	0.02712	0.05424	0.10015	0.08136	0.10015	0.12727	0.08136	0.02712	0.19199	0.02712	0.14607	0.2489	0.0	0.02712	0.08136	0.04592	0.0	0.10015	0.08136	0.13775	0.0	0.2113	0.02712	0.37617	0.12995
0.07691	0.13135	0.11983	0.09382	0.03753	0.05629	0.0693	0.12559	0.1386	0.12559	0.09382	0.12708	0.11259	0.05629	0.17613	0.13135	0.01876	0.12744	0.03753	0.17613	0.05629	0.1386	0.17613	0.16312	0.1386	0.21551	0.13284	0.03753	0.05053	0.16312	0.05629	0.05053	0.05053	0.07506	0.03753	0.14045	0.09382	0.17222	0.17037	0.15736	0.20214	0.10683	0.11983	0.21515	0.05053	0.13135	0.23242	0.09382	0.0693	0.11259	0.2079	0.0693	0.0693	0.13284	0.03753	0.03177	0.1332	0.03753	0.09382	0.07506	0.1516	0.12559	0.22509	0.15921
0.0	0.09145	0.027	0.12674	0.14546	0.0	0.04572	0.07273	0.04572	0.28529	0.05667	0.027	0.11845	0.14812	0.07273	0.04572	0.11845	0.09145	0.09973	0.07273	0.07273	0.14546	0.29358	0.04572	0.027	0.12674	0.16417	0.07273	0.07273	0.18075	0.04572	0.0	0.14546	0.09145	0.0	0.09973	0.0	0.13717	0.19118	0.04572	0.07273	0.027	0.05401	0.12674	0.07273	0.027	0.11845	0.24008	0.04572	0.13717	0.18289	0.0	0.0	0.08101	0.09973	0.07273	0.04572	0.07273	0.11845	0.13769	0.25562	0.027	0.3612	0.24785
0.0	0.17692	0.0	0.0	0.10793	0.12864	0.11795	0.11795	0.03483	0.17692	0.05897	0.09381	0.0	0.17692	0.11795	0.11795	0.15278	0.05897	0.11795	0.09381	0.11795	0.11795	0.1669	0.2359	0.11795	0.11795	0.0	0.05897	0.09381	0.05897	0.09381	0.09381	0.0	0.11795	0.03483	0.05897	0.05897	0.21176	0.05897	0.0	0.11795	0.09381	0.11795	0.11795	0.17692	0.09381	0.17692	0.11795	0.05897	0.0	0.05897	0.05897	0.0	0.09381	0.19105	0.03483	0.14209	0.37799	0.11795	0.11795	0.17692	0.0	0.28485	0.14209
0.095	0.19001	0.14251	0.17543	0.14251	0.0	0.27043	0.0475	0.0	0.0475	0.19001	0.0475	0.0475	0.0	0.095	0.19001	0.0475	0.28878	0.19001	0.0	0.0	0.14251	0.12793	0.0475	0.14251	0.0475	0.14251	0.0475	0.19001	0.095	0.14251	0.22293	0.095	0.17543	0.095	0.0475	0.095	0.095	0.095	0.095	0.23751	0.0	0.14251	0.095	0.0475	0.095	0.095	0.095	0.0475	0.0475	0.095	0.0475	0.095	0.095	0.19001	0.0475	0.19001	0.19001	0.0475	0.0475	0.095	0.12793	0.0475	0.14251
0.20948	0.0	0.1666	0.1666	0.20948	0.0	0.0	0.12982	0.19168	0.06186	0.1666	0.0	0.10474	0.1666	0.22846	0.25964	0.25354	0.0	0.0	0.0	0.06186	0.06186	0.1666	0.0	0.06186	0.0	0.0	0.10474	0.06186	0.1666	0.20948	0.10474	0.10474	0.0	0.0	0.0	0.0	0.10474	0.10474	0.10474	0.10474	0.19168	0.06186	0.0	0.06186	0.0	0.0	0.10474	0.06186	0.0	0.12982	0.1666	0.06186	0.10474	0.10474	0.10474	0.10474	0.0	0.10474	0.27134	0.06186	0.0	0.20948	0.27134
0.05928	0.0	0.15964	0.05928	0.17783	0.05928	0.17783	0.05928	0.20072	0.05928	0.05928	0.15964	0.0	0.11855	0.15964	0.11855	0.11855	0.15964	0.0	0.0	0.0	0.31928	0.11855	0.10036	0.15964	0.10036	0.05928	0.11855	0.10036	0.17783	0.11855	0.05928	0.05928	0.0	0.05928	0.10036	0.0	0.11855	0.21891	0.11855	0.05928	0.05928	0.05928	0.05928	0.10036	0.0	0.11855	0.15964	0.05928	0.0	0.0	0.10036	0.0	0.33746	0.05928	0.15964	0.0	0.11855	0.05928	0.2371	0.11855	0.10036	0.26	0.11855
0.07422	0.1619	0.04384	0.11806	0.16622	0.04384	0.07422	0.11806	0.0	0.16622	0.092	0.0	0.0	0.2539	0.04384	0.11806	0.0	0.11806	0.04384	0.07422	0.0	0.04384	0.24045	0.0	0.0	0.04384	0.22267	0.04384	0.0	0.13584	0.22267	0.11806	0.14845	0.11806	0.0	0.04384	0.0	0.04384	0.0	0.19228	0.14845	0.04384	0.0	0.0	0.0	0.08768	0.07422	0.30206	0.11806	0.07422	0.0	0.0	0.0	0.11806	0.092	0.14845	0.04384	0.07422	0.07422	0.27599	0.1619	0.04384	0.20639	0.37628
0.22512	0.0	0.10321	0.10321	0.12191	0.0	0.34703	0.0	0.0	0.22512	0.0	0.12191	0.0	0.06096	0.06096	0.10321	0.0	0.0	0.0	0.16416	0.06096	0.16416	0.06096	0.06096	0.16416	0.10321	0.26737	0.12191	0.18287	0.06096	0.12191	0.0	0.06096	0.0	0.12191	0.12191	0.06096	0.22512	0.12191	0.16416	0.06096	0.0	0.24382	0.06096	0.0	0.06096	0.20641	0.18287	0.0	0.0	0.10321	0.06096	0.10321	0.0	0.10321	0.12191	0.0	0.28607	0.06096	0.06096	0.18287	0.06096	0.12191	0.0
0.1066	0.2132	0.1066	0.0	0.0	0.1066	0.0	0.0	0.0	0.4264	0.1066	0.1066	0.1066	0.1066	0.0	0.1066	0.1066	0.0	0.0	0.0	0.1066	0.1066	0.1066	0.3198	0.0	0.1066	0.0	0.0	0.1066	0.1066	0.2132	0.0	0.0	0.2132	0.0	0.0	0.0	0.0	0.3198	0.1066	0.1066	0.0	0.1066	0.0	0.3198	0.0	0.1066	0.0	0.0	0.1066	0.1066	0.1066	0.1066	0.0	0.1066	0.0	0.0	0.0	0.2132	0.0	0.1066	0.0	0.2132	0.0
0.0	0.17692	0.0	0.0	0.10793	0.12864	0.11795	0.11795	0.03483	0.17692	0.05897	0.09381	0.0	0.17692	0.11795	0.11795	0.15278	0.05897	0.11795	0.09381	0.11795	0.11795	0.1669	0.2359	0.11795	0.11795	0.0	0.05897	0.09381	0.05897	0.09381	0.09381	0.0	0.11795	0.03483	0.05897	0.05897	0.21176	0.05897	0.0	0.11795	0.09381	0.11795	0.11795	0.17692	0.09381	0.17692	0.11795	0.05897	0.0	0.05897	0.05897	0.0	0.09381	0.19105	0.03483	0.14209	0.37799	0.11795	0.11795	0.17692	0.0	0.28485	0.14209
0.09451	0.18903	0.14177	0.17452	0.14177	0.0	0.26904	0.04726	0.0	0.04726	0.18903	0.04726	0.09451	0.0	0.09451	0.14177	0.04726	0.28729	0.18903	0.04726	0.0	0.04726	0.08001	0.04726	0.14177	0.04726	0.14177	0.04726	0.23628	0.04726	0.14177	0.22178	0.09451	0.22178	0.14177	0.0	0.04726	0.09451	0.09451	0.14177	0.18903	0.0	0.14177	0.14177	0.0	0.09451	0.14177	0.09451	0.04726	0.09451	0.14177	0.04726	0.09451	0.09451	0.14177	0.09451	0.18903	0.18903	0.04726	0.04726	0.09451	0.08001	0.04726	0.14177
0.20948	0.0	0.1666	0.1666	0.20948	0.0	0.0	0.12982	0.19168	0.06186	0.1666	0.0	0.10474	0.1666	0.22846	0.25964	0.25354	0.0	0.0	0.0	0.06186	0.06186	0.1666	0.0	0.06186	0.0	0.0	0.10474	0.06186	0.1666	0.20948	0.10474	0.10474	0.0	0.0	0.0	0.0	0.10474	0.10474	0.10474	0.10474	0.19168	0.06186	0.0	0.06186	0.0	0.0	0.10474	0.06186	0.0	0.12982	0.1666	0.06186	0.10474	0.10474	0.10474	0.10474	0.0	0.10474	0.27134	0.06186	0.0	0.20948	0.27134
0.05928	0.0	0.15964	0.05928	0.17783	0.05928	0.17783	0.05928	0.20072	0.05928	0.05928	0.15964	0.0	0.11855	0.15964	0.11855	0.11855	0.15964	0.0	0.0	0.0	0.31928	0.11855	0.10036	0.15964	0.10036	0.05928	0.11855	0.10036	0.17783	0.11855	0.05928	0.05928	0.0	0.05928	0.10036	0.0	0.11855	0.21891	0.11855	0.05928	0.05928	0.05928	0.05928	0.10036	0.0	0.11855	0.15964	0.05928	0.0	0.0	0.10036	0.0	0.33746	0.05928	0.15964	0.0	0.11855	0.05928	0.2371	0.11855	0.10036	0.26	0.11855
0.07422	0.1619	0.04384	0.11806	0.16622	0.04384	0.07422	0.11806	0.0	0.16622	0.092	0.0	0.0	0.2539	0.04384	0.11806	0.0	0.11806	0.04384	0.07422	0.0	0.04384	0.24045	0.0	0.0	0.04384	0.22267	0.04384	0.0	0.13584	0.22267	0.11806	0.14845	0.11806	0.0	0.04384	0.0	0.04384	0.0	0.19228	0.14845	0.04384	0.0	0.0	0.0	0.08768	0.07422	0.30206	0.11806	0.07422	0.0	0.0	0.0	0.11806	0.092	0.14845	0.04384	0.07422	0.07422	0.27599	0.1619	0.04384	0.20639	0.37628
0.0	0.17692	0.0	0.0	0.10793	0.12864	0.11795	0.11795	0.03483	0.17692	0.05897	0.09381	0.0	0.17692	0.11795	0.11795	0.15278	0.05897	0.11795	0.09381	0.11795	0.11795	0.1669	0.2359	0.11795	0.11795	0.0	0.05897	0.09381	0.05897	0.09381	0.09381	0.0	0.11795	0.03483	0.05897	0.05897	0.21176	0.05897	0.0	0.11795	0.09381	0.11795	0.11795	0.17692	0.09381	0.17692	0.11795	0.05897	0.0	0.05897	0.05897	0.0	0.09381	0.19105	0.03483	0.14209	0.37799	0.11795	0.11795	0.17692	0.0	0.28485	0.14209
0.21686	0.05872	0.09942	0.05872	0.05872	0.09942	0.11744	0.15814	0.09942	0.09942	0.0	0.0	0.09942	0.17616	0.09942	0.15814	0.09942	0.0	0.15814	0.05872	0.05872	0.0	0.19884	0.15814	0.05872	0.09942	0.0	0.25756	0.09942	0.05872	0.09942	0.09942	0.21686	0.09942	0.09942	0.05872	0.09942	0.11744	0.09942	0.11744	0.11744	0.09942	0.11744	0.09942	0.15814	0.05872	0.05872	0.11744	0.09942	0.0	0.15814	0.0	0.0	0.15814	0.05872	0.05872	0.21686	0.11744	0.25756	0.05872	0.39301	0.0	0.05872	0.05872
0.09327	0.23318	0.13991	0.17223	0.13991	0.0	0.2655	0.04664	0.04664	0.04664	0.18654	0.09327	0.09327	0.0	0.13991	0.18654	0.04664	0.28352	0.18654	0.0	0.0	0.04664	0.07896	0.0	0.13991	0.04664	0.18654	0.04664	0.27981	0.04664	0.13991	0.21887	0.09327	0.17223	0.09327	0.04664	0.04664	0.09327	0.09327	0.13991	0.18654	0.0	0.13991	0.09327	0.0	0.13991	0.09327	0.09327	0.04664	0.04664	0.13991	0.04664	0.09327	0.04664	0.13991	0.04664	0.18654	0.13991	0.04664	0.04664	0.09327	0.1256	0.04664	0.13991
0.20948	0.0	0.1666	0.1666	0.20948	0.0	0.0	0.12982	0.19168	0.06186	0.1666	0.0	0.10474	0.1666	0.22846	0.25964	0.25354	0.0	0.0	0.0	0.06186	0.06186	0.1666	0.0	0.06186	0.0	0.0	0.10474	0.06186	0.1666	0.20948	0.10474	0.10474	0.0	0.0	0.0	0.0	0.10474	0.10474	0.10474	0.10474	0.19168	0.06186	0.0	0.06186	0.0	0.0	0.10474	0.06186	0.0	0.12982	0.1666	0.06186	0.10474	0.10474	0.10474	0.10474	0.0	0.10474	0.27134	0.06186	0.0	0.20948	0.27134
0.05928	0.0	0.15964	0.05928	0.17783	0.05928	0.17783	0.05928	0.20072	0.05928	0.05928	0.15964	0.0	0.11855	0.15964	0.11855	0.11855	0.15964	0.0	0.0	0.0	0.31928	0.11855	0.10036	0.15964	0.10036	0.05928	0.11855	0.10036	0.17783	0.11855	0.05928	0.05928	0.0	0.05928	0.10036	0.0	0.11855	0.21891	0.11855	0.05928	0.05928	0.05928	0.05928	0.10036	0.0	0.11855	0.15964	0.05928	0.0	0.0	0.10036	0.0	0.33746	0.05928	0.15964	0.0	0.11855	0.05928	0.2371	0.11855	0.10036	0.26	0.11855
0.07422	0.1619	0.04384	0.11806	0.16622	0.04384	0.07422	0.11806	0.0	0.16622	0.092	0.0	0.0	0.2539	0.04384	0.11806	0.0	0.11806	0.04384	0.07422	0.0	0.04384	0.24045	0.0	0.0	0.04384	0.22267	0.04384	0.0	0.13584	0.22267	0.11806	0.14845	0.11806	0.0	0.04384	0.0	0.04384	0.0	0.19228	0.14845	0.04384	0.0	0.0	0.0	0.08768	0.07422	0.30206	0.11806	0.07422	0.0	0.0	0.0	0.11806	0.092	0.14845	0.04384	0.07422	0.07422	0.27599	0.1619	0.04384	0.20639	0.37628
0.14914	0.07457	0.17966	0.07457	0.0	0.04404	0.11861	0.0	0.0	0.07457	0.14914	0.04404	0.07457	0.0	0.0	0.22371	0.0	0.24156	0.14914	0.19318	0.0	0.14914	0.07457	0.0	0.14914	0.07457	0.07457	0.07457	0.14914	0.14914	0.0	0.22371	0.07457	0.0	0.07457	0.14914	0.14914	0.0	0.04404	0.07457	0.22371	0.07457	0.07457	0.04404	0.11861	0.07457	0.14914	0.0	0.0	0.0	0.19318	0.19318	0.11861	0.11861	0.0	0.14914	0.22371	0.26775	0.07457	0.07457	0.19318	0.11861	0.16265	0.22371
0.07297	0.12161	0.13847	0.04864	0.15533	0.02432	0.07297	0.07297	0.15533	0.12161	0.11415	0.11415	0.12161	0.04864	0.11415	0.09729	0.09729	0.131	0.09729	0.09729	0.14593	0.17965	0.07297	0.16279	0.17965	0.16279	0.07297	0.02432	0.08982	0.12161	0.0	0.12161	0.09729	0.04864	0.12161	0.23576	0.0	0.14833	0.13847	0.09729	0.04864	0.07297	0.07297	0.09729	0.13847	0.12161	0.14593	0.16279	0.07297	0.02432	0.07297	0.16279	0.09729	0.20397	0.0655	0.04118	0.2189	0.17025	0.09729	0.19458	0.22369	0.11415	0.16519	0.19651
0.16707	0.11738	0.13772	0.04969	0.19641	0.10838	0.0	0.09093	0.18741	0.11738	0.04969	0.10838	0.12872	0.11738	0.15806	0.22809	0.09093	0.02935	0.02935	0.13772	0.14673	0.08804	0.05869	0.07903	0.05869	0.02935	0.13772	0.10838	0.10838	0.25743	0.05869	0.21675	0.10838	0.05869	0.05869	0.10838	0.05869	0.15806	0.11738	0.10838	0.0	0.06158	0.08804	0.02935	0.11738	0.14673	0.02935	0.10838	0.02935	0.13772	0.21965	0.14673	0.02935	0.11738	0.07903	0.21675	0.17607	0.2461	0.09937	0.05869	0.07903	0.05869	0.1784	0.16707
0.02917	0.10772	0.0	0.12793	0.21543	0.14583	0.09038	0.1571	0.10772	0.13976	0.05833	0.10772	0.10772	0.14871	0.02917	0.13976	0.05833	0.04938	0.02917	0.14815	0.13688	0.05833	0.11059	0.11667	0.11667	0.0875	0.25586	0.10772	0.19521	0.05833	0.10772	0.19521	0.09877	0.12793	0.05833	0.175	0.02917	0.25642	0.10772	0.12793	0.07855	0.05833	0.11667	0.05833	0.04938	0.1571	0.13688	0.2593	0.12793	0.18627	0.0	0.0875	0.05833	0.0875	0.07855	0.07855	0.05833	0.1571	0.02917	0.13976	0.13976	0.07855	0.13732	0.18627
0.04736	0.14443	0.11114	0.02368	0.14443	0.07105	0.04736	0.14209	0.20094	0.13483	0.0	0.25512	0.09473	0.04736	0.08746	0.11841	0.14209	0.25064	0.11114	0.14443	0.14676	0.12756	0.18453	0.11114	0.13483	0.08746	0.11114	0.02368	0.11114	0.11841	0.11114	0.11114	0.0	0.08746	0.02368	0.19134	0.09473	0.09473	0.22462	0.07105	0.16578	0.13483	0.07338	0.04736	0.12756	0.11841	0.14209	0.13483	0.14398	0.04736	0.07338	0.08746	0.02368	0.09706	0.13483	0.13483	0.11841	0.07105	0.17492	0.07338	0.11114	0.15851	0.21054	0.09706
0.15068	0.09875	0.09875	0.06063	0.25855	0.06063	0.06754	0.08126	0.22691	0.09005	0.06754	0.12817	0.06063	0.17319	0.12126	0.19749	0.1529	0.09875	0.02251	0.16628	0.12817	0.02251	0.21822	0.12126	0.11256	0.02251	0.15068	0.17319	0.08314	0.2131	0.06754	0.18189	0.12817	0.02251	0.02251	0.08314	0.04503	0.1957	0.11478	0.08314	0.02251	0.10565	0.08314	0.06754	0.10565	0.11256	0.17319	0.14377	0.10377	0.08314	0.25812	0.06754	0.0	0.10565	0.02251	0.07623	0.16628	0.12126	0.09875	0.15068	0.09005	0.06754	0.14377	0.10565
0.04676	0.17269	0.04676	0.12593	0.1889	0.04676	0.03959	0.14214	0.10973	0.18217	0.04676	0.18935	0.06297	0.09583	0.09583	0.12593	0.07014	0.23566	0.0	0.12593	0.17269	0.04676	0.175	0.1169	0.07014	0.04676	0.16552	0.06297	0.10973	0.14931	0.06297	0.14028	0.12593	0.08635	0.0	0.21042	0.02338	0.14931	0.09583	0.08635	0.08635	0.0	0.04676	0.1169	0.10255	0.08635	0.15649	0.29421	0.07917	0.12593	0.10255	0.02338	0.02338	0.14259	0.08635	0.10973	0.04676	0.13311	0.02338	0.175	0.21228	0.08635	0.22407	0.18173
0.06076	0.03589	0.20431	0.06076	0.09665	0.03589	0.21886	0.21886	0.12152	0.10766	0.10766	0.13253	0.13607	0.14355	0.13253	0.21817	0.15741	0.10766	0.03589	0.21532	0.13253	0.14355	0.03589	0.03589	0.0	0.10766	0.16842	0.16842	0.10766	0.14355	0.10766	0.0	0.27608	0.16842	0.03589	0.07177	0.14355	0.16842	0.16842	0.07177	0.10766	0.15741	0.03589	0.09665	0.10766	0.03589	0.03589	0.09665	0.07177	0.07177	0.15741	0.0	0.0	0.07177	0.10766	0.07177	0.0	0.07177	0.10766	0.20431	0.09665	0.0	0.22918	0.07177
0.02705	0.10821	0.19204	0.08116	0.15402	0.0	0.21909	0.08116	0.19152	0.18107	0.08116	0.18374	0.13527	0.08116	0.09991	0.16232	0.13527	0.17277	0.05411	0.13527	0.20812	0.22688	0.15402	0.17277	0.07286	0.07286	0.12696	0.12696	0.12696	0.05411	0.13527	0.08116	0.16232	0.13527	0.13527	0.07286	0.08116	0.04581	0.18107	0.18107	0.08116	0.05411	0.05411	0.19982	0.07286	0.04581	0.07286	0.02705	0.16232	0.04581	0.10821	0.11866	0.09991	0.04581	0.10821	0.09991	0.12696	0.08116	0.16232	0.08116	0.10821	0.04581	0.15402	0.02705
0.0	0.12846	0.10949	0.1832	0.10109	0.04634	0.10109	0.1748	0.05474	0.13116	0.13686	0.10949	0.02737	0.05744	0.12006	0.1748	0.05474	0.20218	0.0	0.12006	0.10949	0.12846	0.13116	0.05474	0.02737	0.12006	0.34121	0.08211	0.02737	0.12846	0.14743	0.02737	0.20218	0.10109	0.08211	0.1748	0.0	0.1748	0.05474	0.12846	0.1748	0.10949	0.05474	0.16423	0.10109	0.05474	0.09269	0.16123	0.14743	0.07372	0.08211	0.0	0.05474	0.07372	0.08211	0.15583	0.02737	0.07372	0.05474	0.24064	0.12006	0.02737	0.1775	0.23225
